date,price,log_price,r
2019-11-04,9.77,2.2793164660546914,0.0
2019-11-05,9.77,2.2793164660546914,0.0
2019-11-06,9.77,2.2793164660546914,0.0
2019-11-07,9.77,2.2793164660546914,0.0
2019-11-08,9.77,2.2793164660546914,0.0
2019-11-11,9.77,2.2793164660546914,0.0
2019-11-12,9.78,2.280339484046726,0.001023017992034525
2019-11-13,9.78,2.280339484046726,0.0
2019-11-14,9.78,2.280339484046726,0.0
2019-11-15,9.78,2.280339484046726,0.0
2019-11-18,9.79,2.281361456542419,0.0010219724956930243
2019-11-19,9.8,2.2823823856765264,0.0010209291341074511
2019-11-20,9.82,2.2844211223663744,0.0020387366898479975
2019-11-21,9.83,2.285438934159075,0.0010178117927006625
2019-11-22,9.83,2.285438934159075,0.0
2019-11-25,9.8297,2.2854084148734275,-3.0519285647567784e-05
2019-11-26,9.83,2.285438934159075,3.0519285647567784e-05
2019-11-27,9.83,2.285438934159075,0.0
2019-11-29,9.8184,2.2842581763011616,-0.0011807578579134947
2019-12-02,9.83,2.285438934159075,0.0011807578579134947
2019-12-03,9.83,2.285438934159075,0.0
2019-12-04,9.85,2.2874714551839976,0.0020325210249225734
2019-12-05,9.85,2.2874714551839976,0.0
2019-12-06,9.8499,2.287461302848199,-1.0152335798707668e-05
2019-12-09,9.83,2.285438934159075,-0.0020223686891238657
2019-12-10,9.83,2.285438934159075,0.0
2019-12-11,9.83,2.285438934159075,0.0
2019-12-12,9.84,2.286455711064162,0.0010167769050868358
2019-12-13,9.84,2.286455711064162,0.0
2019-12-16,9.85,2.2874714551839976,0.0010157441198357375
2019-12-17,9.86,2.288486168614544,0.0010147134305462657
2019-12-18,9.85,2.2874714551839976,-0.0010147134305462657
2019-12-19,9.87,2.28949985344539,0.00202839826139245
2019-12-20,9.87,2.28949985344539,0.0
2019-12-23,9.87,2.28949985344539,0.0
2019-12-24,9.87,2.28949985344539,0.0
2019-12-26,9.87,2.28949985344539,0.0
2019-12-27,9.87,2.28949985344539,0.0
2019-12-30,9.87,2.28949985344539,0.0
2019-12-31,9.87,2.28949985344539,0.0
2020-01-02,9.87,2.28949985344539,0.0
2020-01-03,9.89,2.2915241456346207,0.0020242921892306143
2020-01-06,9.89,2.2915241456346207,0.0
2020-01-07,9.92,2.2945529212967815,0.0030287756621607542
2020-01-08,9.92,2.2945529212967815,0.0
2020-01-09,9.92,2.2945529212967815,0.0
2020-01-10,9.9,2.2925347571405443,-0.0020181641562371233
2020-01-13,9.9,2.2925347571405443,0.0
2020-01-14,9.94,2.2965670206684825,0.0040322635279381736
2020-01-15,9.94,2.2965670206684825,0.0
2020-01-16,9.95,2.2975725511705014,0.0010055305020189031
2020-01-17,9.95,2.2975725511705014,0.0
2020-01-21,9.98,2.300583090323373,0.0030105391528714165
2020-01-22,10.0,2.302585092994046,0.0020020026706730754
2020-01-23,9.99,2.301584592660462,-0.001000500333583787
2020-01-24,9.99,2.301584592660462,0.0
2020-01-27,9.99,2.301584592660462,0.0
2020-01-28,10.04,2.306577114263583,0.004992521603120803
2020-01-29,10.01,2.303584593327129,-0.0029925209364538574
2020-01-30,10.01,2.303584593327129,0.0
2020-01-31,10.0,2.302585092994046,-0.0009995003330831587
2020-02-03,10.01,2.303584593327129,0.0009995003330831587
2020-02-04,10.0,2.302585092994046,-0.0009995003330831587
2020-02-05,10.0,2.302585092994046,0.0
2020-02-06,10.0,2.302585092994046,0.0
2020-02-07,10.0,2.302585092994046,0.0
2020-02-10,10.01,2.303584593327129,0.0009995003330831587
2020-02-11,10.0,2.302585092994046,-0.0009995003330831587
2020-02-12,10.0,2.302585092994046,0.0
2020-02-13,10.01,2.303584593327129,0.0009995003330831587
2020-02-14,10.0,2.302585092994046,-0.0009995003330831587
2020-02-18,10.01,2.303584593327129,0.0009995003330831587
2020-02-19,10.01,2.303584593327129,0.0
2020-02-20,10.01,2.303584593327129,0.0
2020-02-21,10.01,2.303584593327129,0.0
2020-02-24,10.01,2.303584593327129,0.0
2020-02-25,10.0,2.302585092994046,-0.0009995003330831587
2020-02-26,10.01,2.303584593327129,0.0009995003330831587
2020-02-27,9.98,2.300583090323373,-0.003001503003756234
2020-02-28,9.98,2.300583090323373,0.0
2020-03-02,9.98,2.300583090323373,0.0
2020-03-03,9.98,2.300583090323373,0.0
2020-03-04,9.98,2.300583090323373,0.0
2020-03-05,9.97,2.299580583973747,-0.0010025063496259534
2020-03-06,9.9727,2.29985135974799,0.00027077577424305943
2020-03-09,9.95,2.2975725511705014,-0.0022788085774885225
2020-03-10,9.91,2.2935443483418965,-0.004028202828604943
2020-03-11,9.91,2.2935443483418965,0.0
2020-03-12,9.7952,2.281892469768956,-0.011651878572940255
2020-03-13,9.8,2.2823823856765264,0.0004899159075701931
2020-03-16,9.6,2.2617630984737906,-0.02061928720273576
2020-03-17,9.6,2.2617630984737906,0.0
2020-03-18,9.52,2.253394848803274,-0.008368249670516636
2020-03-19,9.51,2.252343876557299,-0.001050972245975057
2020-03-20,9.51,2.252343876557299,0.0
2020-03-23,9.51,2.252343876557299,0.0
2020-03-24,9.6288,2.2647586074535893,0.012414730896290305
2020-03-25,9.69,2.2710944259026746,0.006335818449085373
2020-03-26,9.73,2.2752138961979136,0.004119470295238958
2020-03-27,9.8,2.2823823856765264,0.007168489478612816
2020-03-30,9.8,2.2823823856765264,0.0
2020-03-31,9.77,2.2793164660546914,-0.0030659196218350004
2020-04-01,10.1,2.312535423847214,0.033218957792522374
2020-04-02,9.95,2.2975725511705014,-0.014962872676712369
2020-04-03,9.85,2.2874714551839976,-0.010101095986503772
2020-04-06,9.82,2.2844211223663744,-0.003050332817623236
2020-04-07,9.82,2.2844211223663744,0.0
2020-04-08,9.8697,2.2894694578466708,0.005048335480296373
2020-04-09,9.8139,2.28379974809063,-0.005669709756040753
2020-04-13,9.85,2.2874714551839976,0.0036717070933676155
2020-04-14,9.87,2.28949985344539,0.00202839826139245
2020-04-15,9.87,2.28949985344539,0.0
2020-04-16,9.87,2.28949985344539,0.0
2020-04-17,9.84,2.286455711064162,-0.0030441423812281876
2020-04-20,9.84,2.286455711064162,0.0
2020-04-21,9.84,2.286455711064162,0.0
2020-04-22,9.84,2.286455711064162,0.0
2020-04-23,9.9,2.2925347571405443,0.006079046076382433
2020-04-24,9.93,2.295560478057081,0.003025720916536745
2020-04-27,9.93,2.295560478057081,0.0
2020-04-28,9.93,2.295560478057081,0.0
2020-04-29,9.88,2.2905125117597764,-0.00504796629730464
2020-04-30,9.88,2.2905125117597764,0.0
2020-05-01,9.92,2.2945529212967815,0.004040409537005019
2020-05-04,9.92,2.2945529212967815,0.0
2020-05-05,9.92,2.2945529212967815,0.0
2020-05-06,9.9136,2.2939075518003578,-0.0006453694964236867
2020-05-07,9.9136,2.2939075518003578,0.0
2020-05-08,9.9,2.2925347571405443,-0.0013727946598134366
2020-05-11,9.9,2.2925347571405443,0.0
2020-05-12,9.9,2.2925347571405443,0.0
2020-05-13,9.9,2.2925347571405443,0.0
2020-05-14,9.9,2.2925347571405443,0.0
2020-05-15,9.9,2.2925347571405443,0.0
2020-05-18,9.9,2.2925347571405443,0.0
2020-05-19,9.9,2.2925347571405443,0.0
2020-05-20,9.9,2.2925347571405443,0.0
2020-05-21,9.9,2.2925347571405443,0.0
2020-05-22,9.9,2.2925347571405443,0.0
2020-05-26,9.9,2.2925347571405443,0.0
2020-05-27,9.9,2.2925347571405443,0.0
2020-05-28,9.9,2.2925347571405443,0.0
2020-05-29,9.87,2.28949985344539,-0.003034903695154245
2020-06-01,9.93,2.295560478057081,0.00606062461169099
2020-06-02,9.93,2.295560478057081,0.0
2020-06-03,9.93,2.295560478057081,0.0
2020-06-04,9.93,2.295560478057081,0.0
2020-06-05,9.92,2.2945529212967815,-0.0010075567602996216
2020-06-08,9.955,2.2980749375161595,0.003522016219378088
2020-06-09,9.92,2.2945529212967815,-0.003522016219378088
2020-06-10,9.92,2.2945529212967815,0.0
2020-06-11,9.92,2.2945529212967815,0.0
2020-06-12,9.92,2.2945529212967815,0.0
2020-06-15,9.92,2.2945529212967815,0.0
2020-06-16,9.97,2.299580583973747,0.0050276626769654165
2020-06-17,9.97,2.299580583973747,0.0
2020-06-18,9.97,2.299580583973747,0.0
2020-06-19,10.02,2.3045830956567186,0.005002511682971722
2020-06-22,10.05,2.307572634505085,0.00298953884836628
2020-06-23,10.0782,2.3103746752688754,0.0028020407637905365
2020-06-24,10.04,2.306577114263583,-0.0037975610052924935
2020-06-25,10.04,2.306577114263583,0.0
2020-06-26,10.04,2.306577114263583,0.0
2020-06-29,10.15,2.3174737054877963,0.010896591224213381
2020-06-30,10.08,2.3105532626432224,-0.0069204428445739374
2020-07-01,10.1499,2.317463853222514,0.006910590579291664
2020-07-02,10.22,2.3243465847755584,0.006882731553044419
2020-07-06,10.2,2.322387720290225,-0.0019588644853332227
2020-07-07,10.18,2.3204250111223765,-0.0019627091678486863
2020-07-08,10.1,2.312535423847214,-0.007889587275162757
2020-07-09,10.12,2.3145136638593193,0.0019782400121055588
2020-07-10,10.1,2.312535423847214,-0.0019782400121055588
2020-07-13,10.12,2.3145136638593193,0.0019782400121055588
2020-07-14,10.12,2.3145136638593193,0.0
2020-07-15,10.17,2.3194422100604686,0.004928546201149242
2020-07-16,10.18,2.3204250111223765,0.0009828010619079564
2020-07-17,10.13,2.315501318260592,-0.004923692861784623
2020-07-20,10.2,2.322387720290225,0.0068864020296333095
2020-07-21,10.26,2.3282528397426234,0.005865119452398204
2020-07-22,10.3,2.33214389523559,0.003891055492966533
2020-07-23,10.3,2.33214389523559,0.0
2020-07-24,10.2,2.322387720290225,-0.009756174945364737
2020-07-27,10.21,2.3233676321765744,0.0009799118863491607
2020-07-28,10.3,2.33214389523559,0.008776263059015577
2020-07-29,10.2,2.322387720290225,-0.009756174945364737
2020-07-30,10.175,2.3199337313286588,-0.0024539889615664556
2020-07-31,10.18,2.3204250111223765,0.0004912797937177693
2020-08-03,10.185,2.320916049678769,0.0004910385563925423
2020-08-04,10.2,2.322387720290225,0.001471670611456144
2020-08-05,10.2,2.322387720290225,0.0
2020-08-06,10.2,2.322387720290225,0.0
2020-08-07,10.15,2.3174737054877963,-0.004914014802428923
2020-08-10,10.08,2.3105532626432224,-0.0069204428445739374
2020-08-11,10.06,2.3085671646715933,-0.001986097971629075
2020-08-12,10.06,2.3085671646715933,0.0
2020-08-13,10.0999,2.3125255228080994,0.003958358136506135
2020-08-14,10.06,2.3085671646715933,-0.003958358136506135
2020-08-17,10.04,2.306577114263583,-0.0019900504080103687
2020-08-18,10.03,2.305580601973844,-0.000996512289738849
2020-08-19,10.06,2.3085671646715933,0.0029865626977492177
2020-08-20,10.04,2.306577114263583,-0.0019900504080103687
2020-08-21,10.015,2.3040839691177815,-0.0024931451458014564
2020-08-24,10.055,2.3080700232246154,0.003986054106833947
2020-08-25,10.04,2.306577114263583,-0.0014929089610324908
2020-08-26,10.05,2.307572634505085,0.000995520241501957
2020-08-27,10.06,2.3085671646715933,0.0009945301665084116
2020-08-28,10.09,2.3115448343655176,0.002977669693924323
2020-08-31,10.1,2.312535423847214,0.0009905894816961691
2020-09-01,10.1,2.312535423847214,0.0
2020-09-02,10.15,2.3174737054877963,0.00493828164058252
2020-09-03,10.05,2.307572634505085,-0.009901070982711424
2020-09-04,10.05,2.307572634505085,0.0
2020-09-08,10.1,2.312535423847214,0.004962789342128904
2020-09-09,10.15,2.3174737054877963,0.00493828164058252
2020-09-10,10.18,2.3204250111223765,0.002951305634580237
2020-09-11,10.1,2.312535423847214,-0.007889587275162757
2020-09-14,10.08,2.3105532626432224,-0.001982161203991417
2020-09-15,10.09,2.3115448343655176,0.000991571722295248
2020-09-16,10.2,2.322387720290225,0.010842885924707613
2020-09-17,10.16,2.318458442150336,-0.003929278139889192
2020-09-18,10.16,2.318458442150336,0.0
2020-09-21,10.12,2.3145136638593193,-0.003944778291016693
2020-09-22,10.16,2.318458442150336,0.003944778291016693
2020-09-23,10.18,2.3204250111223765,0.0019665689720405055
2020-09-24,10.1,2.312535423847214,-0.007889587275162757
2020-09-25,10.11,2.3135250330323798,0.000989609185165996
2020-09-28,10.1099,2.313515141786627,-9.891245752680078e-06
2020-09-29,10.1101,2.3135349241802974,1.978239367028678e-05
2020-09-30,10.07,2.309560706730471,-0.0039742174498265115
2020-10-01,10.06,2.3085671646715933,-0.0009935420588775834
2020-10-02,10.1,2.312535423847214,0.003968259175620492
2020-10-05,10.1498,2.317454000860164,0.004918577012950287
2020-10-06,10.08,2.3105532626432224,-0.006900738216941704
2020-10-07,10.11,2.3135250330323798,0.002971770389157413
2020-10-08,10.1045,2.312980869176166,-0.0005441638562135864
2020-10-09,10.1,2.312535423847214,-0.0004454453289524096
2020-10-12,10.1,2.312535423847214,0.0
2020-10-13,10.12,2.3145136638593193,0.0019782400121055588
2020-10-14,10.11,2.3135250330323798,-0.0009886308269395627
2020-10-15,10.1,2.312535423847214,-0.000989609185165996
2020-10-16,10.0888,2.311425897659528,-0.0011095261876858942
2020-10-19,10.1897,2.321377406173183,0.009951508513655227
2020-10-20,10.19,2.321406847234633,2.944106145008618e-05
2020-10-21,10.16,2.318458442150336,-0.0029484050842971676
2020-10-22,10.12,2.3145136638593193,-0.003944778291016693
2020-10-23,10.13,2.315501318260592,0.0009876544012725752
2020-10-26,10.1101,2.3135349241802974,-0.0019663940802945312
2020-10-27,10.1101,2.3135349241802974,0.0
2020-10-28,10.2,2.322387720290225,0.00885279610992784
2020-10-29,10.05,2.307572634505085,-0.014815085785140347
2020-10-30,10.05,2.307572634505085,0.0
2020-11-02,10.045,2.3070749982668977,-0.0004976362381872157
2020-11-03,9.9801,2.3005931103132524,-0.006481887953645238
2020-11-04,9.9801,2.3005931103132524,0.0
2020-11-05,9.9801,2.3005931103132524,0.0
2020-11-06,10.01,2.303584593327129,0.002991483013876639
2020-11-09,10.03,2.305580601973844,0.0019960086467150084
2020-11-10,10.07,2.309560706730471,0.003980104756626801
2020-11-11,10.07,2.309560706730471,0.0
2020-11-12,10.11,2.3135250330323798,0.003964326301908905
2020-11-13,10.11,2.3135250330323798,0.0
2020-11-16,10.085,2.311049171406175,-0.002475861626204612
2020-11-17,10.09,2.3115448343655176,0.0004956629593424466
2020-11-18,10.16,2.318458442150336,0.006913607784818421
2020-11-19,10.11,2.3135250330323798,-0.004933409117956256
2020-11-20,10.16,2.318458442150336,0.004933409117956256
2020-11-23,10.1167,2.3141875237248852,-0.004270918425450798
2020-11-24,10.1,2.312535423847214,-0.0016520998776714535
2020-11-25,10.12,2.3145136638593193,0.0019782400121055588
2020-11-27,10.12,2.3145136638593193,0.0
2020-11-30,10.125,2.315007612992603,0.0004939491332835999
2020-12-01,10.21,2.3233676321765744,0.008360019183971445
2020-12-02,10.21,2.3233676321765744,0.0
2020-12-03,10.2,2.322387720290225,-0.0009799118863491607
2020-12-04,10.205,2.322877796261808,0.000490075971582904
2020-12-07,10.235,2.325813219113253,0.00293542285144488
2020-12-08,10.26,2.3282528397426234,0.0024396206293704203
2020-12-09,10.26,2.3282528397426234,0.0
2020-12-10,10.38,2.3398808777377424,0.011628037995119023
2020-12-11,10.32,2.334083760053417,-0.00579711768432567
2020-12-14,10.32,2.334083760053417,0.0
2020-12-15,10.32,2.334083760053417,0.0
2020-12-16,11.5,2.4423470353692043,0.1082632753157875
2020-12-17,11.0,2.3978952727983707,-0.04445176257083361
2020-12-18,11.0,2.3978952727983707,0.0
2020-12-21,11.55,2.446685436967803,0.04879016416943216
2020-12-22,12.04,2.488234439880675,0.041549002912872
2020-12-23,12.65,2.5376572151735295,0.04942277529285466
2020-12-24,13.42,2.5967461315435356,0.05908891637000613
2020-12-28,14.35,2.66374994220563,0.06700381066209449
2020-12-29,14.0,2.6390573296152584,-0.0246926125903717
2020-12-30,13.29,2.587011872725154,-0.052045456890104536
2020-12-31,13.58,2.60859812213055,0.021586249405395996
2021-01-04,12.95,2.5610957881455465,-0.047502333985003364
2021-01-05,13.09,2.5718485799218085,0.010752791776261983
2021-01-06,12.94,2.5603232890727545,-0.01152529084905396
2021-01-07,12.78,2.5478814489493886,-0.01244184012336591
2021-01-08,12.69,2.540814281726296,-0.007067167223092419
2021-01-11,12.52,2.5273273656719524,-0.013486916054343823
2021-01-12,12.7,2.5416019934645457,0.014274627792593364
2021-01-13,13.35,2.5915163848462583,0.04991439138171261
2021-01-14,14.46,2.671386216730619,0.07986983188436048
2021-01-15,14.5,2.6741486494265287,0.002762432695909922
2021-01-19,16.22,2.7862450486872667,0.112096399260738
2021-01-20,16.04,2.7750856024383683,-0.01115944624889842
2021-01-21,16.2,2.785011242238338,0.009925639799969854
2021-01-22,15.88,2.7650604558189897,-0.019950786419348443
2021-01-25,14.85,2.6979998652487085,-0.06706059057028124
2021-01-26,14.17,2.6511270537025893,-0.04687281154611922
2021-01-27,13.02,2.5664866367804233,-0.08464041692216595
2021-01-28,14.03,2.6411978941143697,0.07471125733394635
2021-01-29,13.5,2.6026896854443837,-0.038508208669985944
2021-02-01,14.45,2.670694414558441,0.0680047291140573
2021-02-02,14.38,2.6658383522929006,-0.004856062265540473
2021-02-03,15.03,2.710048203764883,0.04420985147198264
2021-02-04,16.5,2.803360380906535,0.09331217714165163
2021-02-05,16.05,2.775708849576025,-0.027651531330509904
2021-02-08,18.61,2.9236990706541595,0.14799022107813453
2021-02-09,22.5,3.1135153092103742,0.18981623855621477
2021-02-10,21.28,3.0577676644734435,-0.055747644736930724
2021-02-11,20.9,3.039749158970765,-0.018018505502678472
2021-02-12,20.07,2.9992261628082466,-0.04052299616251842
2021-02-16,20.53,3.0218872310308424,0.022661068222595837
2021-02-17,19.41,2.9657883971809187,-0.05609883384992376
2021-02-18,18.95,2.9418039315284354,-0.023984465652483244
2021-02-19,19.35,2.962692419475791,0.02088848794735565
2021-02-22,17.52,2.8633430855082453,-0.09934933396754575
2021-02-23,16.4,2.797281334830153,-0.0660617506780925
2021-02-24,15.49,2.740194654428777,-0.057086680401375656
2021-02-25,13.97,2.6369121732688705,-0.10328248115990668
2021-02-26,13.84,2.6275629501895237,-0.009349223079346825
2021-03-01,15.22,2.7226103524335397,0.09504740224401598
2021-03-02,13.3,2.5877640352277083,-0.1348463172058314
2021-03-03,12.52,2.5273273656719524,-0.060436669555755884
2021-03-04,12.49,2.5249283241374862,-0.0023990415344661287
2021-03-05,12.89,2.556451816951096,0.03152349281360989
2021-03-08,11.76,2.464703942470481,-0.09174787448061528
2021-03-09,11.95,2.4807312783775197,0.016027335907038864
2021-03-10,11.94,2.479894107964456,-0.0008371704130638591
2021-03-11,13.3,2.5877640352277083,0.1078699272632524
2021-03-12,13.8,2.624668592163159,0.036904556935450916
2021-03-15,13.6,2.6100697927420065,-0.01459879942115272
2021-03-16,12.94,2.5603232890727545,-0.04974650366925193
2021-03-17,13.0,2.5649493574615367,0.004626068388782212
2021-03-18,12.35,2.513656063073986,-0.05129329438755059
2021-03-19,12.48,2.5241273629412815,0.010471299867295336
2021-03-22,13.65,2.613739521630969,0.08961215868968742
2021-03-23,12.89,2.556451816951096,-0.057287704679872764
2021-03-24,12.0,2.4849066497880004,-0.07154516716309578
2021-03-25,12.03,2.4874035299865875,0.0024968801985871814
2021-03-26,12.39,2.516889695641051,0.02948616565446338
2021-03-29,11.71,2.460443177609626,-0.056446518031425086
2021-03-30,11.45,2.4379897300002487,-0.022453447609377175
2021-03-31,11.67,2.4570214462984645,0.019031716298215873
2021-04-01,11.39,2.432735777459091,-0.024285668839373553
2021-04-05,12.63,2.5360749363624,0.1033391589033088
2021-04-06,11.6,2.451005098112319,-0.08506983825008074
2021-04-07,11.81,2.468946630209271,0.017941532096951818
2021-04-08,10.78,2.377692565480851,-0.09125406472841968
2021-04-09,10.0,2.302585092994046,-0.07510747248680527
2021-04-12,9.69,2.2710944259026746,-0.03149066709137127
2021-04-13,8.76,2.1701959049483,-0.10089852095437468
2021-04-14,8.53,2.1435893615035875,-0.02660654344471247
2021-04-15,8.45,2.134166441369082,-0.009422920134505297
2021-04-16,7.81,2.0554049638515948,-0.07876147751748741
2021-04-19,7.15,1.9671123567059163,-0.08829260714567844
2021-04-20,8.01,2.080690761080268,0.11357840437435152
2021-04-21,8.07,2.0881534822818573,0.007462721201589417
2021-04-22,8.75,2.169053700369523,0.0809002180876659
2021-04-23,9.49,2.2502386126218363,0.08118491225231317
2021-04-26,9.54,2.255493485460195,0.005254872838358793
2021-04-27,9.17,2.2159372862683733,-0.03955619919182185
2021-04-28,9.08,2.206074192613202,-0.009863093655171351
2021-04-29,8.87,2.182674796321488,-0.02339939629171406
2021-04-30,8.77,2.1713368063840917,-0.011337989937396209
2021-05-03,8.17,2.1004689088719113,-0.07086789751218037
2021-05-04,8.21,2.105352923464337,0.004884014592425601
2021-05-05,7.68,2.038619547159581,-0.06673337630475595
2021-05-06,7.78,2.0515563381903004,0.01293679103071943
2021-05-07,8.29,2.1150499691472033,0.06349363095690297
2021-05-10,7.72,2.0438143640366846,-0.07123560511051874
2021-05-11,7.67,2.0373166153791646,-0.006497748657519953
2021-05-12,7.35,1.9947003132247452,-0.04261630215441947
2021-05-13,7.35,1.9947003132247452,0.0
2021-05-14,7.48,2.012232791986386,0.017532478761640657
2021-05-17,7.26,1.9823798288367047,-0.02985296314968111
2021-05-18,7.6,2.028148247292285,0.04576841845558044
2021-05-19,7.6,2.028148247292285,0.0
2021-05-20,7.57,2.0241930674493576,-0.003955179842927592
2021-05-21,7.58,2.0255131996542803,0.0013201322049227748
2021-05-24,7.54,2.020222182019865,-0.005291017634415418
2021-05-25,7.32,1.9906103279732201,-0.029611854046644792
2021-05-26,7.35,1.9947003132247452,0.004089985251525041
2021-05-27,7.34,1.9933388426264242,-0.001361470598320924
2021-05-28,7.22,1.9768549529047348,-0.01648388972168946
2021-06-01,7.08,1.9572739077056285,-0.019581045199106306
2021-06-02,7.4,2.0014800002101243,0.04420609250449581
2021-06-03,8.09,2.0906287310704004,0.08914873086027608
2021-06-04,8.23,2.1077860146889784,0.017157283618578045
2021-06-07,8.02,2.081938421878423,-0.025847592810555486
2021-06-08,12.14,2.4965057856313524,0.41456736375292946
2021-06-09,10.62,2.362739015813793,-0.13376676981755953
2021-06-10,9.76,2.278292400425001,-0.08444661538879172
2021-06-11,10.16,2.318458442150336,0.04016604172533489
2021-06-14,9.8,2.2823823856765264,-0.036076056473809626
2021-06-15,10.37,2.3389170222414357,0.05653463656490931
2021-06-16,11.03,2.400618833265411,0.06170181102397532
2021-06-17,10.99,2.39698576841553,-0.00363306484988124
2021-06-18,10.52,2.3532782073095637,-0.043707561105966075
2021-06-21,9.68,2.2700619012884857,-0.08321630602107799
2021-06-22,9.71,2.2731562823032334,0.0030943810147476825
2021-06-23,9.57,2.258633205464863,-0.014523076838370397
2021-06-24,9.69,2.2710944259026746,0.012461220437811615
2021-06-25,10.5,2.3513752571634776,0.08028083126080299
2021-06-28,10.3,2.33214389523559,-0.019231361927887658
2021-06-29,10.21,2.3233676321765744,-0.008776263059015577
2021-06-30,12.94,2.5603232890727545,0.23695565689618014
2021-07-01,12.95,2.5610957881455465,0.0007724990727919767
2021-07-02,13.13,2.574899688314705,0.013803900169158556
2021-07-06,13.53,2.604909442182697,0.030009753867991762
2021-07-07,12.56,2.5305171610400525,-0.07439228114264429
2021-07-08,12.46,2.522523513359307,-0.007993647680745397
2021-07-09,12.76,2.546315277916644,0.02379176455733667
2021-07-12,13.3,2.5877640352277083,0.041448757311064455
2021-07-13,12.47,2.523325759691945,-0.06443827553576309
2021-07-14,11.8,2.468099531471619,-0.05522622822032597
2021-07-15,10.65,2.365559892155434,-0.10253963931618504
2021-07-16,11.01,2.3988039507345884,0.033244058579154245
2021-07-19,10.75,2.3749057545736716,-0.023898196160916818
2021-07-20,11.4,2.4336133554004498,0.05870760082677817
2021-07-21,11.61,2.4518667957098,0.01825344030935039
2021-07-22,11.72,2.4612967841488667,0.009429988439066506
2021-07-23,12.2,2.501435951739211,0.040139167590344194
2021-07-26,11.74,2.4630018143999504,-0.03843413733926049
2021-07-27,11.1,2.4069451083182885,-0.05605670608166191
2021-07-28,10.87,2.386006701133118,-0.020938407185170593
2021-07-29,10.69,2.3693087250369538,-0.01669797609616408
2021-07-30,10.78,2.377692565480851,0.008383840443897395
2021-08-02,11.28,2.423031246069913,0.04533868058906165
2021-08-03,10.74,2.3739750890807185,-0.0490561569891943
2021-08-04,11.02,2.3997118037247684,0.02573671464404992
2021-08-05,11.0,2.3978952727983707,-0.0018165309263977747
2021-08-06,10.63,2.363680192353857,-0.03421508044451382
2021-08-09,10.5,2.3513752571634776,-0.01230493519037923
2021-08-10,10.43,2.344686269012681,-0.006688988150796771
2021-08-11,10.0,2.302585092994046,-0.042101176018634945
2021-08-12,9.69,2.2710944259026746,-0.03149066709137127
2021-08-13,9.54,2.255493485460195,-0.015600940442479505
2021-08-16,9.08,2.206074192613202,-0.0494192928469932
2021-08-17,8.27,2.1126345090356,-0.09343968357760213
2021-08-18,8.54,2.1447610078004784,0.03212649876487861
2021-08-19,8.13,2.0955609235597192,-0.04920008424075917
2021-08-20,8.42,2.130609828254235,0.03504890469451594
2021-08-23,9.26,2.225704048658088,0.09509422040385296
2021-08-24,9.44,2.244955980157409,0.019251931499320918
2021-08-25,9.44,2.244955980157409,0.0
2021-08-26,11.08,2.405141681319138,0.16018570116172892
2021-08-27,10.99,2.39698576841553,-0.008155912903608176
2021-08-30,12.36,2.514465452029545,0.11747968361401506
2021-08-31,12.35,2.513656063073986,-0.0008093889555587097
2021-09-01,12.26,2.506341930508065,-0.00731413256592095
2021-09-02,12.38,2.5160822672564502,0.009740336748385037
2021-09-03,12.36,2.514465452029545,-0.001616815226905377
2021-09-07,11.73,2.462149662665384,-0.052315789364160814
2021-09-08,11.87,2.4740142086215764,0.011864545956192352
2021-09-09,11.87,2.4740142086215764,0.0
2021-09-10,11.67,2.4570214462984645,-0.016992762323111865
2021-09-13,11.98,2.4832385926873033,0.026217146388838763
2021-09-14,11.33,2.427454075039915,-0.05578451764738812
2021-09-15,11.13,2.4096441652874536,-0.01780990975246155
2021-09-16,11.68,2.457877977400081,0.04823381211262756
2021-09-17,12.95,2.5610957881455465,0.10321781074546532
2021-09-20,11.55,2.446685436967803,-0.11441035117774367
2021-09-21,11.38,2.431857428698185,-0.014828008269617943
2021-09-22,11.28,2.423031246069913,-0.008826182628272061
2021-09-23,11.93,2.4790562361098245,0.05602499003991168
2021-09-24,11.68,2.457877977400081,-0.021178258709743325
2021-09-27,12.12,2.4948569806411682,0.03697900324108705
2021-09-28,11.37,2.4309783077624445,-0.06387867287872373
2021-09-29,11.06,2.403334996094189,-0.02764331166825551
2021-09-30,10.82,2.3813962734183356,-0.021938722675853395
2021-10-01,10.54,2.355177543113216,-0.026218730305119564
2021-10-04,10.41,2.3427668826268775,-0.012410660486338543
2021-10-05,10.43,2.344686269012681,0.0019193863858033566
2021-10-06,10.2,2.322387720290225,-0.022298548722455624
2021-10-07,10.38,2.3398808777377424,0.017493157447517227
2021-10-08,10.06,2.3085671646715933,-0.03131371306614916
2021-10-11,10.08,2.3105532626432224,0.001986097971629075
2021-10-12,10.78,2.377692565480851,0.06713930283762881
2021-10-13,10.87,2.386006701133118,0.008314135652266685
2021-10-14,10.64,2.3646204839134985,-0.021386217219619308
2021-10-15,10.21,2.3233676321765744,-0.04125285173692417
2021-10-18,10.35,2.336986519711378,0.013618887534803559
2021-10-19,10.34,2.336019869080283,-0.0009666506310948009
2021-10-20,10.5,2.3513752571634776,0.015355388083194477
2021-10-21,10.44,2.3456445824544927,-0.0057306747089849175
2021-10-22,10.23,2.325324579963535,-0.020320002490957556
2021-10-25,10.79,2.378619779270043,0.053295199306508056
2021-10-26,11.06,2.403334996094189,0.02471521682414579
2021-10-27,10.79,2.378619779270043,-0.02471521682414579
2021-10-28,11.19,2.4150205223238337,0.036400743053790485
2021-10-29,11.19,2.4150205223238337,0.0
2021-11-01,11.73,2.462149662665384,0.04712914034155036
2021-11-02,11.85,2.47232786758114,0.010178204915756162
2021-11-03,12.06,2.4898941912990393,0.017566323717899124
2021-11-04,12.47,2.523325759691945,0.03343156839290584
2021-11-05,12.19,2.5006159434931803,-0.022709816198764887
2021-11-08,11.8,2.468099531471619,-0.03251641202156108
2021-11-09,12.48,2.5241273629412815,0.05602783146966228
2021-11-10,11.93,2.4790562361098245,-0.045071126831456976
2021-11-11,12.49,2.5249283241374862,0.04587208802766174
2021-11-12,12.85,2.553343811341229,0.02841548720374254
2021-11-15,12.52,2.5273273656719524,-0.02601644566927641
2021-11-16,12.47,2.523325759691945,-0.004001605980007206
2021-11-17,12.09,2.492378664626701,-0.030947095065243957
2021-11-18,11.86,2.4731713935695794,-0.019207271057121833
2021-11-19,11.71,2.460443177609626,-0.012728215959953548
2021-11-22,11.52,2.444084655267745,-0.016358522341880732
2021-11-23,10.67,2.367436065313662,-0.07664858995408297
2021-11-24,10.89,2.387844936944869,0.02040887163120697
2021-11-26,10.89,2.387844936944869,0.0
2021-11-29,10.38,2.3398808777377424,-0.04796405920712665
2021-11-30,9.96,2.298577071596507,-0.04130380614123563
2021-12-01,9.49,2.2502386126218363,-0.048338458974670484
2021-12-02,9.44,2.244955980157409,-0.005282632464427284
2021-12-03,9.24,2.2235418856535927,-0.021414094503816372
2021-12-06,8.42,2.130609828254235,-0.0929320573993575
2021-12-07,9.29,2.2289385528257473,0.0983287245715121
2021-12-08,9.49,2.2502386126218363,0.021300059796089066
2021-12-09,9.03,2.200552367428894,-0.04968624519294229
2021-12-10,8.71,2.1644717908644115,-0.03608057656448249
2021-12-13,8.5,2.1400661634962708,-0.02440562736814078
2021-12-14,8.31,2.1174596088673567,-0.022606554628914033
2021-12-15,8.41,2.1294214739848565,0.011961865117499748
2021-12-16,8.18,2.1016921506146558,-0.02772932337020073
2021-12-17,8.41,2.1294214739848565,0.02772932337020073
2021-12-20,8.1,2.0918640616783932,-0.037557412306463256
2021-12-21,8.38,2.125847914493992,0.03398385281559868
2021-12-22,8.46,2.135349173618132,0.009501259124140127
2021-12-23,8.71,2.1644717908644115,0.029122617246279514
2021-12-27,8.31,2.1174596088673567,-0.047012181997054814
2021-12-28,8.02,2.081938421878423,-0.035521186988933806
2021-12-29,7.77,2.050270164379556,-0.031668257498866925
2021-12-30,8.14,2.096790180014449,0.04652001563489305
2021-12-31,7.94,2.0719132752590443,-0.024876904755404716
2022-01-03,8.22,2.1065702090680887,0.03465693380904433
2022-01-04,7.94,2.0719132752590443,-0.03465693380904433
2022-01-05,7.23,1.9782390361706734,-0.09367423908837091
2022-01-06,7.41,2.0028304393079956,0.02459140313732222
2022-01-07,7.46,2.0095554142156695,0.006724974907673875
2022-01-10,7.05,1.9530276168241774,-0.05652779739149216
2022-01-11,7.25,1.9810014688665833,0.02797385204240599
2022-01-12,6.92,1.9344157696295783,-0.04658569923700506
2022-01-13,6.52,1.8748743759385615,-0.05954139369101674
2022-01-14,6.52,1.8748743759385615,0.0
2022-01-18,6.13,1.81319474994812,-0.06167962599044152
2022-01-19,6.06,1.801709800081223,-0.011484949866896965
2022-01-20,6.09,1.8066480817218056,0.00493828164058252
2022-01-21,5.6,1.7227665977411035,-0.08388148398070205
2022-01-24,5.54,1.7119945007591924,-0.010772096981911172
2022-01-25,5.32,1.6714733033535532,-0.0405211974056392
2022-01-26,5.22,1.6524974018945473,-0.01897590145900585
2022-01-27,5.13,1.6351056591826783,-0.01739174271186905
2022-01-28,5.27,1.6620303625532709,0.026924703370592606
2022-01-31,5.75,1.749199854809259,0.08716949225598825
2022-02-01,5.99,1.7900914121273581,0.040891557318099014
2022-02-02,5.82,1.7613002617433464,-0.0287911503840117
2022-02-03,5.45,1.6956156086751528,-0.0656846530681936
2022-02-04,5.72,1.7439688053917064,0.04835319671655358
2022-02-07,5.73,1.7457155307266483,0.001746725334941912
2022-02-08,5.63,1.728109442151599,-0.017606088575049306
2022-02-09,6.25,1.8325814637483102,0.1044720215967112
2022-02-10,5.89,1.7732559976634952,-0.05932546608481504
2022-02-11,5.73,1.7457155307266483,-0.027540466936846864
2022-02-14,5.93,1.780024213009634,0.03430868228298567
2022-02-15,6.6,1.8870696490323797,0.10704543602274574
2022-02-16,6.87,1.927164106234258,0.04009445720187821
2022-02-17,6.38,1.8531680973566984,-0.07399600887755953
2022-02-18,6.67,1.8976198599275322,0.04445176257083383
2022-02-22,6.3,1.840549633397487,-0.05707022653004534
2022-02-23,6.32,1.843719208158766,0.0031695747612792147
2022-02-24,6.8,1.916922612182061,0.07320340402329495
2022-02-25,6.96,1.9401794743463283,0.023256862164267256
2022-02-28,7.08,1.9572739077056285,0.017094433359300165
2022-03-01,7.1,1.9600947840472698,0.0028208763416412985
2022-03-02,7.05,1.9530276168241774,-0.007067167223092419
2022-03-03,7.06,1.9544450515051506,0.0014174346809732175
2022-03-04,6.83,1.9213246735826988,-0.033120377922451816
2022-03-07,6.3,1.840549633397487,-0.08077504018521187
2022-03-08,6.75,1.9095425048844386,0.06899287148695166
2022-03-09,9.78,2.280339484046726,0.3707969791622874
2022-03-10,9.58,2.259677591982769,-0.020661892063956966
2022-03-11,9.51,2.252343876557299,-0.007333715425470011
2022-03-14,8.72,2.1656192379208883,-0.08672463863641067
2022-03-15,8.33,2.1198634561787513,-0.045755781742137014
2022-03-16,9.2,2.2192034840549946,0.0993400278762433
2022-03-17,9.43,2.2438960966453663,0.0246926125903717
2022-03-18,10.04,2.306577114263583,0.06268101761821665
2022-03-21,9.89,2.2915241456346207,-0.015052968628962216
2022-03-22,10.22,2.3243465847755584,0.03282243914093774
2022-03-23,9.8,2.2823823856765264,-0.04196419909903204
2022-03-24,10.48,2.349468678892896,0.06708629321636961
2022-03-25,10.35,2.336986519711378,-0.012482159181518071
2022-03-28,10.73,2.373043556642607,0.03605703693122919
2022-03-29,10.96,2.3942522815198695,0.02120872487726233
2022-03-30,10.3,2.33214389523559,-0.062108386284279504
2022-03-31,9.98,2.300583090323373,-0.03156080491221713
2022-04-01,10.59,2.359910159613315,0.05932706928994236
2022-04-04,10.46,2.347558458636777,-0.012351700976538371
2022-04-05,10.28,2.330200260027019,-0.017358198609757736
2022-04-06,10.43,2.344686269012681,0.014486008985661769
2022-04-07,10.29,2.331172549845958,-0.013513719166722726
2022-04-08,10.02,2.3045830956567186,-0.026589454189239525
2022-04-11,9.92,2.2945529212967815,-0.010030174359937138
2022-04-12,9.74,2.2762411176544437,-0.018311803642337754
2022-04-13,9.71,2.2731562823032334,-0.003084835351210291
2022-04-14,9.15,2.21375387928743,-0.05940240301580335
2022-04-18,8.15,2.0980179272527715,-0.11573595203465858
2022-04-19,8.24,2.1090003439213802,0.010982416668608774
2022-04-20,8.08,2.089391872533004,-0.01960847138837618
2022-04-21,7.82,2.05668455455722,-0.03270731797578419
2022-04-22,7.42,2.004179057179289,-0.052505497377930865
2022-04-25,7.73,2.0451088625993306,0.04092980542004154
2022-04-26,7.31,1.9892432737616872,-0.055865588837643365
2022-04-27,7.18,1.9712993830601329,-0.017943890701554333
2022-04-28,7.9,2.066862759472976,0.09556337641284318
2022-04-29,7.53,2.018895041811802,-0.047967717661173914
2022-05-02,7.96,2.0744289998562917,0.05553395804448957
2022-05-03,8.51,2.1412419425852827,0.06681294272899096
2022-05-04,8.92,2.188295946591918,0.047054004006635175
2022-05-05,8.47,2.136530508663963,-0.05176543792795485
2022-05-06,8.75,2.169053700369523,0.03252319170556017
2022-05-09,7.63,2.0320878452963655,-0.13696585507315762
2022-05-10,6.96,1.9401794743463283,-0.09190837095003723
2022-05-11,7.02,1.9487632180377197,0.008583743691391366
2022-05-12,7.61,2.0294631718735947,0.08069995383587503
2022-05-13,7.67,2.0373166153791646,0.007853443505569935
2022-05-16,7.01,1.9473377010464987,-0.08997891433266592
2022-05-17,7.45,2.0082140323914683,0.060876331344969614
2022-05-18,7.28,1.9851308622085946,-0.023083170182873758
2022-05-19,7.11,1.9615022438151495,-0.0236286183934451
2022-05-20,7.73,2.0451088625993306,0.08360661878418107
2022-05-23,7.78,2.0515563381903004,0.006447475590969809
2022-05-24,7.13,1.9643112344262046,-0.08724510376409578
2022-05-25,7.33,1.9919755158985601,0.027664281472355556
2022-05-26,7.57,2.0241930674493576,0.03221755155079742
2022-05-27,8.27,2.1126345090356,0.08844144158624223
2022-05-31,8.32,2.1186622548331173,0.006027745797517525
2022-06-01,8.27,2.1126345090356,-0.006027745797517525
2022-06-02,8.74,2.167910189667444,0.05527568063184418
2022-06-03,8.48,2.1377104498038118,-0.030199739863632225
2022-06-06,7.7,2.0412203288596382,-0.09649012094417353
2022-06-07,7.69,2.0399207835175526,-0.0012995453420856506
2022-06-08,7.37,1.9974177062012453,-0.042503077316307314
2022-06-09,7.1,1.9600947840472698,-0.03732292215397548
2022-06-10,6.405,1.8570789353486976,-0.10301584869857217
2022-06-13,6.53,1.8764069432883397,0.019328007939642067
2022-06-14,6.16,1.8180767775454285,-0.058330165742911166
2022-06-15,6.34,1.8468787684491346,0.028801990903706054
2022-06-16,6.11,1.809926773183504,-0.03695199526563053
2022-06-17,6.39,1.8547342683894434,0.04480749520593941
2022-06-21,6.54,1.8779371654691073,0.02320289707966383
2022-06-22,6.6,1.8870696490323797,0.009132483563272453
2022-06-23,6.79,1.9154509415706047,0.028381292538224967
2022-06-24,6.71,1.9035989509835904,-0.01185199058701425
2022-06-27,6.48,1.8687205103641833,-0.03487844061940715
2022-06-28,6.34,1.8468787684491346,-0.02184174191504873
2022-06-29,6.4,1.8562979903656263,0.009419221916491693
2022-06-30,6.28,1.8373699804801074,-0.018928009885518904
2022-07-01,6.33,1.8453002361560848,0.007930255675977493
2022-07-05,6.49,1.8702625307159986,0.024962294559913722
2022-07-06,6.22,1.827769906751088,-0.0424926239649106
2022-07-07,6.6,1.8870696490323797,0.059299742281291756
2022-07-08,6.53,1.8764069432883397,-0.010662705744040046
2022-07-11,6.78,1.9139771019523042,0.037570158663964515
2022-07-12,6.56,1.8809906029559975,-0.03298649899630668
2022-07-13,6.22,1.827769906751088,-0.053220696204909546
2022-07-14,6.35,1.8484548129046001,0.02068490615351215
2022-07-15,6.43,1.860974538249528,0.012519725344927846
2022-07-18,6.3,1.840549633397487,-0.02042490485204107
2022-07-19,6.59,1.8855533485144158,0.04500371511692891
2022-07-20,6.66,1.8961194845522977,0.010566136037881924
2022-07-21,6.66,1.8961194845522977,0.0
2022-07-22,6.37,1.851599469584072,-0.04452001496822566
2022-07-25,6.36,1.8500283773520307,-0.0015710922320413268
2022-07-26,6.06,1.801709800081223,-0.04831857727080768
2022-07-27,6.37,1.851599469584072,0.04988966950284901
2022-07-28,7.14,1.965712776351493,0.11411330676742093
2022-07-29,7.03,1.9501867058225735,-0.015526070528919522
2022-08-01,6.91,1.9329696377795786,-0.017217068042994832
2022-08-02,6.68,1.8991179875485542,-0.03385165023102443
2022-08-03,7.31,1.9892432737616872,0.09012528621313298
2022-08-04,7.83,2.057962510002712,0.06871923624102472
2022-08-05,7.91,2.0681277817795625,0.01016527177685056
2022-08-08,7.55,2.0215475632609334,-0.046580218518629035
2022-08-09,8.29,2.1150499691472033,0.0935024058862699
2022-08-10,9.16,2.214846178686039,0.09979620953883561
2022-08-11,10.87,2.386006701133118,0.1711605224470789
2022-08-12,11.63,2.453587966530573,0.06758126539745524
2022-08-15,12.75,2.545531271604435,0.09194330507386184
2022-08-16,13.93,2.6340447877917144,0.08851351618727943
2022-08-17,13.34,2.590767040487478,-0.0432777473042365
2022-08-18,12.17,2.498973906999436,-0.09179313348804197
2022-08-19,12.29,2.5087859235779435,0.00981201657850761
2022-08-22,11.43,2.4362414778067194,-0.0725444457712241
2022-08-23,12.44,2.5209170873110334,0.08467560950431396
2022-08-24,12.37,2.5152741864043966,-0.005642900906636772
2022-08-25,11.22,2.4176979000945504,-0.09757628630984616
2022-08-26,11.87,2.4740142086215764,0.05631630852702596
2022-08-29,12.18,2.4997952622817508,0.025781053660174358
2022-08-30,11.97,2.482403519569882,-0.01739174271186883
2022-08-31,12.02,2.4865719291070616,0.004168409537179674
2022-09-01,11.43,2.4362414778067194,-0.050330451300342194
2022-09-02,10.95,2.3933394562625097,-0.042902021544209745
2022-09-06,10.99,2.39698576841553,0.003646312153020137
2022-09-07,10.25,2.327277705584417,-0.06970806283111264
2022-09-08,10.01,2.303584593327129,-0.023693112257288096
2022-09-09,10.76,2.3758355547336385,0.07225096140650944
2022-09-12,10.84,2.3832429960115,0.007407441277861526
2022-09-13,9.9,2.2925347571405443,-0.09070823887095569
2022-09-14,10.14,2.316487998163037,0.023953241022492744
2022-09-15,9.0,2.1972245773362196,-0.11926342082681751
2022-09-16,8.52,2.1424163408412245,-0.05480823649499511
2022-09-19,8.75,2.169053700369523,0.02663735952829871
2022-09-20,8.48,2.1377104498038118,-0.03134325056571141
2022-09-21,8.3,2.1162555148025524,-0.02145493500125939
2022-09-22,7.84,2.0592388343623163,-0.05701668044023611
2022-09-23,7.11,1.9615022438151495,-0.09773659054716677
2022-09-26,7.09,1.958685340544036,-0.0028169032711133912
2022-09-27,6.92,1.9344157696295783,-0.024269570914457805
2022-09-28,7.41,2.0028304393079956,0.06841466967841736
2022-09-29,7.09,1.958685340544036,-0.044145098763959556
2022-09-30,7.22,1.9768549529047348,0.018169612360698695
2022-10-03,7.16,1.9685099809725544,-0.008344971932180423
2022-10-04,7.48,2.012232791986386,0.043722811013831464
2022-10-05,7.13,1.9643112344262046,-0.04792155756018124
2022-10-06,7.51,2.0162354657760435,0.05192423134983892
2022-10-07,7.18,1.9712993830601329,-0.04493608271591065
2022-10-10,7.31,1.9892432737616872,0.017943890701554333
2022-10-11,7.14,1.965712776351493,-0.023530497410194195
2022-10-12,7.06,1.9544450515051506,-0.01126772484634242
2022-10-13,7.28,1.9851308622085946,0.030685810703444005
2022-10-14,7.28,1.9851308622085946,0.0
2022-10-17,7.55,2.0215475632609334,0.03641670105233885
2022-10-18,7.18,1.9712993830601329,-0.050248180200800574
2022-10-19,6.84,1.922787731634459,-0.04851165142567382
2022-10-20,6.63,1.891604804197771,-0.031182927436687935
2022-10-21,6.36,1.8500283773520307,-0.041576426845740366
2022-10-24,5.98,1.7884205679625405,-0.06160780938949029
2022-10-25,6.31,1.8421356765531218,0.05371510859058137
2022-10-26,6.14,1.814824742159051,-0.02731093439407073
2022-10-27,5.91,1.776645831418007,-0.03817891074104418
2022-10-28,6.52,1.8748743759385615,0.09822854452055463
2022-10-31,7.23,1.9782390361706734,0.10336466023211188
2022-11-01,6.87,1.927164106234258,-0.05107492993641549
2022-11-02,6.33,1.8453002361560848,-0.08186387007817308
2022-11-03,6.21,1.8261608959453874,-0.01913934021069741
2022-11-04,6.71,1.9035989509835904,0.077438055038203
2022-11-07,7.43,2.005525858729668,0.10192690774607738
2022-11-08,7.27,1.9837562915454279,-0.021769567184239946
2022-11-09,6.63,1.891604804197771,-0.09215148734765677
2022-11-10,7.44,2.0068708488450007,0.11526604464722956
2022-11-11,8.83,2.178155014615869,0.17128416577086814
2022-11-14,7.99,2.0781907597781832,-0.09996425483768556
2022-11-15,7.505,2.0155694650854254,-0.06262129469275779
2022-11-16,6.7,1.9021075263969205,-0.11346193868850496
2022-11-17,6.76,1.9110228900548727,0.008915363657952202
2022-11-18,6.6,1.8870696490323797,-0.023953241022492966
2022-11-21,6.51,1.873339456220478,-0.013730192811901798
2022-11-22,6.48,1.8687205103641833,-0.004618945856294632
2022-11-23,6.66,1.8961194845522977,0.027398974188114433
2022-11-25,6.62,1.890095369948917,-0.006024114603380815
2022-11-28,6.35,1.8484548129046001,-0.041640557044316795
2022-11-29,6.34,1.8468787684491346,-0.0015760444554655528
2022-11-30,5.77,1.7526720805200082,-0.09420668792912634
2022-12-01,5.75,1.749199854809259,-0.0034722257107491217
2022-12-02,5.82,1.7613002617433464,0.012100406934087315
2022-12-05,5.58,1.7191887763932197,-0.042111485350126765
2022-12-06,4.87,1.5830939370944985,-0.13609483929872113
2022-12-07,4.54,1.5129270120532565,-0.070166925041242
2022-12-08,4.48,1.4996230464268938,-0.013303965626362713
2022-12-09,4.27,1.451613827240533,-0.04800921918636081
2022-12-12,4.38,1.4770487243883548,0.025434897147821767
2022-12-13,3.96,1.3762440252663892,-0.10080469912196555
2022-12-14,3.96,1.3762440252663892,0.0
2022-12-15,3.84,1.3454723665996355,-0.030771658666753687
2022-12-16,3.86,1.3506671834767394,0.0051948168771038805
2022-12-19,3.81,1.3376291891386096,-0.013037994338129799
2022-12-20,3.68,1.3029127521808397,-0.034716436957769936
2022-12-21,3.77,1.3270750014599193,0.024162249279079617
2022-12-22,3.79,1.332366019094335,0.00529101763441564
2022-12-23,3.97,1.3787660946990992,0.046400075604764224
2022-12-27,3.65,1.2947271675944,-0.08403892710469907
2022-12-28,3.76,1.324418957401803,0.029691789807402946
2022-12-29,4.33,1.4655675420143985,0.1411485846125955
2022-12-30,4.82,1.572773928062509,0.1072063860481105
2023-01-03,4.46,1.4951487660319727,-0.07762516203053638
2023-01-04,4.6,1.5260563034950492,0.030907537463076507
2023-01-05,4.54,1.5129270120532565,-0.013129291441792645
2023-01-06,4.75,1.55814461804655,0.045217605993293386
2023-01-09,4.78,1.5644405465033646,0.006295928456814703
2023-01-10,4.88,1.5851452198650557,0.020704673361691128
2023-01-11,5.02,1.6134299337036377,0.028284713838582
2023-01-12,5.33,1.673351238177753,0.05992130447411537
2023-01-13,5.19,1.6467336971777973,-0.026617540999955835
2023-01-17,5.5,1.7047480922384253,0.058014395060628
2023-01-18,5.1,1.62924053973028,-0.07550755250814523
2023-01-19,5.02,1.6134299337036377,-0.015810606026642304
2023-01-20,5.15,1.6389967146756448,0.02556678097200704
2023-01-23,5.32,1.6714733033535532,0.03247658867790837
2023-01-24,5.17,1.6428726885203377,-0.02860061483321541
2023-01-25,5.22,1.6524974018945473,0.00962471337420956
2023-01-26,5.09,1.6272778305624314,-0.025219571332115942
2023-01-27,5.35,1.6770965609079151,0.049818730345483786
2023-01-30,5.11,1.631199404215613,-0.0458971566923021
2023-01-31,5.385,1.6836173106083518,0.0524179063927388
2023-02-01,5.57,1.7173950539391927,0.033777743330840826
2023-02-02,5.87,1.7698546338400052,0.052459579900812514
2023-02-03,6.09,1.8066480817218056,0.03679344788180039
2023-02-06,6.04,1.7984040119467235,-0.008244069775082075
2023-02-07,6.05,1.80005827204275,0.0016542600960265386
2023-02-08,5.91,1.776645831418007,-0.023412440624743125
2023-02-09,5.95,1.7833912195575383,0.006745388139531405
2023-02-10,5.87,1.7698546338400052,-0.013536585717533134
2023-02-13,5.99,1.7900914121273581,0.02023677828735293
2023-02-14,6.2,1.824549292051046,0.03445787992368787
2023-02-15,6.49,1.8702625307159986,0.04571323866495258
2023-02-16,6.26,1.8341801851120072,-0.03608234560399137
2023-02-17,6.47,1.8671761085128091,0.03299592340080193
2023-02-21,5.88,1.7715567619105355,-0.09561934660227367
2023-02-22,6.105,1.809108107562668,0.037551345652132584
2023-02-23,6.07,1.803358605071407,-0.005749502491261049
2023-02-24,5.96,1.7850704810772584,-0.018288123994148586
2023-02-27,6.34,1.8468787684491346,0.06180828737187616
2023-02-28,6.44,1.8625285401162623,0.015649771667127776
2023-03-01,5.99,1.7900914121273581,-0.07243712798890423
2023-03-02,5.88,1.7715567619105355,-0.018534650216822657
2023-03-03,6.24,1.8309801823813363,0.05942342047080085
2023-03-06,6.98,1.9430489167742813,0.11206873439294496
2023-03-07,6.8,1.916922612182061,-0.026126304592220206
2023-03-08,6.9,1.9315214116032138,0.01459879942115272
2023-03-09,6.4,1.8562979903656263,-0.07522342123758752
2023-03-10,6.01,1.7934247485471162,-0.06287324181851006
2023-03-13,5.94,1.7817091333745536,-0.011715615172562588
2023-03-14,6.17,1.8196988379172965,0.037989704542742864
2023-03-15,6.05,1.80005827204275,-0.019640565874546434
2023-03-16,6.29,1.8389610707123492,0.038902798669599115
2023-03-17,6.13,1.81319474994812,-0.025766320764229134
2023-03-20,6.04,1.7984040119467235,-0.01479073800139652
2023-03-21,6.2,1.824549292051046,0.026145280104322488
2023-03-22,5.91,1.776645831418007,-0.047903460633039074
2023-03-23,5.81,1.7595805708638197,-0.017065260554187223
2023-03-24,5.94,1.7817091333745536,0.022128562510733918
2023-03-27,5.84,1.7647307968401356,-0.016978336534418048
2023-03-28,5.62,1.7263316639055997,-0.038399132934535896
2023-03-29,6.35,1.8484548129046001,0.12212314899900045
2023-03-30,6.42,1.8594181177018698,0.010963304797269702
2023-03-31,5.08,1.6253112615903906,-0.2341068561114792
2023-04-03,4.83,1.5748464676644813,-0.0504647939259093
2023-04-04,4.49,1.501852701754163,-0.07299376591031836
2023-04-05,4.25,1.4469189829363254,-0.054933718817837596
2023-04-06,4.36,1.472472057360943,0.02555307442461774
2023-04-10,4.48,1.4996230464268938,0.027150989065950704
2023-04-11,4.48,1.4996230464268938,0.0
2023-04-12,4.37,1.4747630091074988,-0.024860037319395012
2023-04-13,4.07,1.4036429994545037,-0.07112000965299514
2023-04-14,3.87,1.3532545070416904,-0.05038849241281329
2023-04-17,4.3,1.4586150226995167,0.10536051565782634
2023-04-18,4.44,1.4906543764441336,0.03203935374461686
2023-04-19,4.53,1.5107219394949427,0.020067563050809145
2023-04-20,4.43,1.4883995840570443,-0.0223223554378984
2023-04-21,4.29,1.4562867329399256,-0.0321128511171187
2023-04-24,4.36,1.472472057360943,0.0161853244210175
2023-04-25,4.44,1.4906543764441336,0.018182319083190457
2023-04-26,5.15,1.6389967146756448,0.14834233823151122
2023-04-27,5.17,1.6428726885203377,0.0038759738446929592
2023-04-28,5.31,1.6695918352538475,0.026719146733509724
2023-05-01,4.7,1.547562508716013,-0.12202932653783449
2023-05-02,4.64,1.534714366238164,-0.012848142477849045
2023-05-03,4.74,1.556037135706985,0.021322769468821168
2023-05-04,4.78,1.5644405465033646,0.008403410796379518
2023-05-05,5.06,1.6213664832993742,0.056925936796009546
2023-05-08,5.05,1.6193882432872684,-0.001978240012105781
2023-05-09,5.16,1.6409365794934714,0.021548336206203
2023-05-10,5.14,1.6370530794670737,-0.0038835000263977015
2023-05-11,5.13,1.6351056591826783,-0.0019474202843954291
2023-05-12,5.14,1.6370530794670737,0.0019474202843954291
2023-05-15,4.97,1.6034198401085373,-0.03363323935853635
2023-05-16,4.93,1.5953389880545987,-0.008080852053938603
2023-05-17,5.26,1.6601310267496185,0.06479203869501982
2023-05-18,5.26,1.6601310267496185,0.0
2023-05-19,5.28,1.6639260977181702,0.003795070968551695
2023-05-22,5.7,1.7404661748405046,0.07654007712233435
2023-05-23,5.45,1.6956156086751528,-0.04485056616535177
2023-05-24,5.25,1.6582280766035324,-0.03738753207162038
2023-05-25,5.15,1.6389967146756448,-0.019231361927887658
2023-05-26,5.47,1.6992786164338898,0.06028190175824499
2023-05-30,5.44,1.6937790608678513,-0.005499555566038428
2023-05-31,5.42,1.6900958154515549,-0.003683245416296499
2023-06-01,5.6,1.7227665977411035,0.03267078228954867
2023-06-02,5.62,1.7263316639055997,0.0035650661644961446
2023-06-05,5.67,1.7351891177396608,0.008857453834061113
2023-06-06,5.83,1.763017000362401,0.027827882622740274
2023-06-07,5.79,1.7561322915849038,-0.00688470877749725
2023-06-08,5.8,1.7578579175523736,0.0017256259674698349
2023-06-09,5.75,1.749199854809259,-0.008658062743114536
2023-06-12,5.87,1.7698546338400052,0.020654779030746084
2023-06-13,5.94,1.7817091333745536,0.011854499534548424
2023-06-14,5.92,1.7783364488959144,-0.003372684478639254
2023-06-15,5.76,1.7509374747078,-0.027398974188114433
2023-06-16,5.92,1.7783364488959144,0.027398974188114433
2023-06-20,6.12,1.8115620965242347,0.033225647628320365
2023-06-21,6.29,1.8389610707123492,0.027398974188114433
2023-06-22,6.83,1.9213246735826988,0.0823636028703496
2023-06-23,6.85,1.9242486522741338,0.002923978691435014
2023-06-26,6.73,1.9065751436566365,-0.01767350861749728
2023-06-27,6.37,1.851599469584072,-0.05497567407256443
2023-06-28,4.64,1.534714366238164,-0.31688510334590814
2023-06-29,4.68,1.5432981099295553,0.008583743691391366
2023-06-30,4.7,1.547562508716013,0.004264398786457679
2023-07-03,4.66,1.5390154481375546,-0.008547060578458332
2023-07-05,4.37,1.4747630091074988,-0.06425243903005584
2023-07-06,4.2,1.4350845252893227,-0.03967848381817607
2023-07-07,4.15,1.423108334242607,-0.011976191046715767
2023-07-10,4.4,1.4816045409242156,0.0584962066816086
2023-07-11,4.45,1.4929040961781488,0.011299555253933224
2023-07-12,4.39,1.47932922708708,-0.013574869091068864
2023-07-13,4.43,1.4883995840570443,0.009070356969964388
2023-07-14,4.24,1.4445632692438664,-0.04383631481317796
2023-07-17,4.03,1.3937663759585917,-0.0507968932852747
2023-07-18,4.14,1.4206957878372228,0.026929411878631182
2023-07-19,4.1,1.410986973710262,-0.009708814126960785
2023-07-20,4.01,1.3887912413184778,-0.022195732391784295
2023-07-21,3.97,1.3787660946990992,-0.010025146619378589
2023-07-24,3.9,1.3609765531356006,-0.017789541563498545
2023-07-25,3.83,1.3428648031925547,-0.018111749943045874
2023-07-26,3.94,1.3711807233098425,0.028315920117287785
2023-07-27,3.92,1.366091653802371,-0.005089069507471455
2023-07-28,4.24,1.4445632692438664,0.07847161544149528
2023-07-31,4.29,1.4562867329399256,0.011723463696059255
2023-08-01,4.25,1.4469189829363254,-0.00936775000360024
2023-08-02,4.17,1.4279160358107101,-0.019002947125615233
2023-08-03,4.26,1.449269160281279,0.02135312447056892
2023-08-04,4.24,1.4445632692438664,-0.004705891037412702
2023-08-07,4.39,1.47932922708708,0.03476595784321357
2023-08-08,4.63,1.5325568680981427,0.05322764101106281
2023-08-09,4.44,1.4906543764441336,-0.041902491654009166
2023-08-10,4.28,1.4539530095937054,-0.03670136685042813
2023-08-11,4.25,1.4469189829363254,-0.007034026657380066
2023-08-14,4.37,1.4747630091074988,0.02784402617117343
2023-08-15,3.685,1.3042705256412999,-0.17049248346619894
2023-08-16,3.63,1.2892326482767593,-0.015037877364540542
2023-08-17,3.9,1.3609765531356006,0.0717439048588413
2023-08-18,3.85,1.3480731482996928,-0.012903404835907795
2023-08-21,3.9,1.3609765531356006,0.012903404835907795
2023-08-22,3.77,1.3270750014599193,-0.03390155167568132
2023-08-23,3.77,1.3270750014599193,0.0
2023-08-24,3.69,1.3056264580524357,-0.02144854340748359
2023-08-25,3.75,1.3217558399823195,0.01612938192988378
2023-08-28,4.0,1.3862943611198906,0.06453852113757108
2023-08-29,4.03,1.3937663759585917,0.00747201483870108
2023-08-30,3.96,1.3762440252663892,-0.017522350692202426
2023-08-31,3.92,1.366091653802371,-0.01015237146401815
2023-09-01,3.99,1.3837912309017721,0.017699577099401065
2023-09-05,3.88,1.355835153635182,-0.027956077266590107
2023-09-06,3.9,1.3609765531356006,0.005141399500418586
2023-09-07,3.8,1.33500106673234,-0.02597548640326064
2023-09-08,3.84,1.3454723665996355,0.010471299867295558
2023-09-11,3.89,1.358409157630355,0.01293679103071943
2023-09-12,4.05,1.3987168811184478,0.04030772348809286
2023-09-13,4.02,1.3912819026309295,-0.0074349784875182845
2023-09-14,3.84,1.3454723665996355,-0.04580953603129401
2023-09-15,3.84,1.3454723665996355,0.0
2023-09-18,3.81,1.3376291891386096,-0.007843177461025919
2023-09-19,4.14,1.4206957878372228,0.08306659869861321
2023-09-20,4.04,1.3962446919730587,-0.024451095864164163
2023-09-21,3.81,1.3376291891386096,-0.05861550283444905
2023-09-22,3.92,1.366091653802371,0.028462464663761455
2023-09-25,3.77,1.3270750014599193,-0.039016652342451774
2023-09-26,3.64,1.2919836816486494,-0.035091319811269894
2023-09-27,3.7,1.308332819650179,0.016349138001529484
2023-09-28,3.71,1.3110318766193438,0.002699056969164948
2023-09-29,3.8,1.33500106673234,0.02396919011299614
2023-10-02,3.72,1.3137236682850553,-0.021277398447284712
2023-10-03,3.64,1.2919836816486494,-0.02173998663640586
2023-10-04,3.78,1.3297240096314962,0.037740327982846766
2023-10-05,3.75,1.3217558399823195,-0.007968169649176682
2023-10-06,3.72,1.3137236682850553,-0.008032171697264223
2023-10-09,3.27,1.184789984909162,-0.12893368337589317
2023-10-10,3.61,1.2837077723447896,0.09891778743562751
2023-10-11,3.44,1.235471471385307,-0.048236300959482614
2023-10-12,3.25,1.1786549963416462,-0.05681647504366083
2023-10-13,3.06,1.1184149159642893,-0.06024008037735684
2023-10-16,3.17,1.1537315878891892,0.035316671924899845
2023-10-17,3.32,1.199964782928397,0.046233195039207864
2023-10-18,3.09,1.128171090909654,-0.07179369201874297
2023-10-19,2.99,1.095273387402595,-0.032897703507059006
2023-10-20,2.93,1.075002423028976,-0.02027096437361897
2023-10-23,2.74,1.007957920399979,-0.0670445026289972
2023-10-24,2.87,1.0543120297715298,0.04635410937155093
2023-10-25,2.92,1.0715836162801904,0.017271586508660564
2023-10-26,3.25,1.1786549963416462,0.10707138006145578
2023-10-27,3.05,1.1151415906193203,-0.06351340572232589
2023-10-30,3.24,1.1755733298042381,0.06043173918491784
2023-10-31,3.31,1.1969481893889715,0.021374859584733397
2023-11-01,3.47,1.244154593958768,0.04720640456979641
2023-11-02,3.77,1.3270750014599193,0.08292040750115137
2023-11-03,4.14,1.4206957878372228,0.09362078637730353
2023-11-06,4.01,1.3887912413184778,-0.03190454651874508
2023-11-07,3.97,1.3787660946990992,-0.010025146619378589
2023-11-08,4.09,1.4085449700547104,0.02977887535561119
2023-11-09,4.13,1.4182774069729414,0.009732436918231002
2023-11-10,4.31,1.4609379041156563,0.042660497142714915
2023-11-13,4.0,1.3862943611198906,-0.0746435429957657
2023-11-14,3.77,1.3270750014599193,-0.05921935965997127
2023-11-15,4.66,1.5390154481375546,0.21194044667763534
2023-11-16,4.57,1.5195132049061133,-0.01950224323144134
2023-11-17,4.83,1.5748464676644813,0.05533326275836803
2023-11-20,4.78,1.5644405465033646,-0.010405921161116716
2023-11-21,4.31,1.4609379041156563,-0.10350264238770834
2023-11-22,4.35,1.4701758451005926,0.009237940984936355
2023-11-24,4.84,1.5769147207285403,0.1067388756279477
2023-11-27,4.76,1.5602476682433286,-0.01666705248521172
2023-11-28,4.58,1.5216989981260935,-0.03854867011723506
2023-11-29,5.02,1.6134299337036377,0.09173093557754419
2023-11-30,4.85,1.5789787049493917,-0.034451228754246
2023-12-01,5.18,1.6448050562713916,0.06582635132199988
2023-12-04,4.95,1.599387576580599,-0.045417479690792684
2023-12-05,4.83,1.5748464676644813,-0.024541108916117604
2023-12-06,5.1,1.62924053973028,0.054394072065798715
2023-12-07,5.11,1.631199404215613,0.0019588644853330006
2023-12-08,5.48,1.7011051009599243,0.06990569674431124
2023-12-11,5.24,1.6563214983329508,-0.04478360262697345
2023-12-12,5.14,1.6370530794670737,-0.019268418865877157
2023-12-13,5.24,1.6563214983329508,0.019268418865877157
2023-12-14,5.49,1.7029282555214393,0.0466067571884885
2023-12-15,5.44,1.6937790608678513,-0.009149194653587989
2023-12-18,5.32,1.6714733033535532,-0.022305757514298197
2023-12-19,5.56,1.715598108262491,0.044124804908937776
2023-12-20,5.17,1.6428726885203377,-0.07272541974215319
2023-12-21,5.81,1.7595805708638197,0.11670788234348195
2023-12-22,6.07,1.803358605071407,0.0437780342075873
2023-12-26,6.19,1.8229350866965048,0.01957648162509784
2023-12-27,6.36,1.8500283773520307,0.027093290655525903
2023-12-28,6.18,1.8213182714695995,-0.02871010588243128
2023-12-29,6.03,1.7967470107390942,-0.024571260730505307
2024-01-02,4.85,1.5789787049493917,-0.2177683057897024
2024-01-03,4.93,1.5953389880545987,0.016360283105206985
2024-01-04,4.82,1.572773928062509,-0.022565059992089687
2024-01-05,5.01,1.6114359150967734,0.03866198703426438
2024-01-08,4.94,1.5973653311998313,-0.014070583896942157
2024-01-09,4.89,1.5871923034867805,-0.01017302771305073
2024-01-10,4.95,1.599387576580599,0.012195273093818404
2024-01-11,4.27,1.451613827240533,-0.14777374934006593
2024-01-12,4.165,1.426716275618806,-0.02489755162172691
2024-01-16,4.13,1.4182774069729414,-0.008438868645864739
2024-01-17,4.28,1.4539530095937054,0.03567560262076408
2024-01-18,4.16,1.425515074273172,-0.028437935320533514
2024-01-19,3.09,1.128171090909654,-0.29734398336351786
2024-01-22,3.1,1.1314021114911006,0.003231020581446531
2024-01-23,3.12,1.1378330018213911,0.00643089033029054
2024-01-24,3.08,1.1249295969854831,-0.012903404835908017
2024-01-25,2.95,1.0818051703517284,-0.04312442663375471
2024-01-26,2.79,1.0260415958332743,-0.05576357451845415
2024-01-29,3.07,1.1216775615991057,0.09563596576583144
2024-01-30,2.92,1.0715836162801904,-0.05009394531891531
2024-01-31,2.87,1.0543120297715298,-0.017271586508660564
2024-02-01,2.9,1.0647107369924282,0.010398707220898418
2024-02-02,2.84,1.0438040521731147,-0.02090668481931357
2024-02-05,2.77,1.0188473201992472,-0.024956731973867496
2024-02-06,2.88,1.0577902941478545,0.03894297394860735
2024-02-07,2.605,0.9574326752053303,-0.10035761894252426
2024-02-08,3.18,1.1568811967920856,0.1994485215867553
2024-02-09,3.43,1.2325602611778486,0.075679064385763
2024-02-12,3.52,1.2584609896100056,0.025900728432157072
2024-02-13,3.17,1.1537315878891892,-0.10472940172081646
2024-02-14,3.32,1.199964782928397,0.046233195039207864
2024-02-15,3.41,1.2267122912954254,0.026747508367028328
2024-02-16,3.43,1.2325602611778486,0.0058479698824231985
2024-02-20,3.32,1.199964782928397,-0.032595478249451526
2024-02-21,3.16,1.1505720275988207,-0.04939275532957632
2024-02-22,3.09,1.128171090909654,-0.02240093668916665
2024-02-23,2.95,1.0818051703517284,-0.046365920557925655
2024-02-26,3.2,1.1631508098056809,0.08134563945395246
2024-02-27,3.38,1.2178757094949273,0.05472489968924643
2024-02-28,3.19,1.1600209167967532,-0.05785479269817406
2024-02-29,3.17,1.1537315878891892,-0.006289328907564062
2024-03-01,3.21,1.1662709371419244,0.012539349252735255
2024-03-04,3.12,1.1378330018213911,-0.028437935320533292
2024-03-05,3.01,1.1019400787607843,-0.035892923060606874
2024-03-06,3.1,1.1314021114911006,0.029462032730316334
2024-03-07,2.95,1.0818051703517284,-0.049596941139372186
2024-03-08,3.01,1.1019400787607843,0.02013490840905585
2024-03-11,3.05,1.1151415906193203,0.01320151185853602
2024-03-12,2.98,1.091923300517313,-0.023218290102007266
2024-03-13,3.1,1.1314021114911006,0.03947881097378758
2024-03-14,3.04,1.1118575154181303,-0.01954459607297032
2024-03-15,3.14,1.144222799920162,0.03236528450203169
2024-03-18,2.97,1.0885619528146082,-0.055660847105553746
2024-03-19,2.86,1.0508216248317612,-0.03774032798284699
2024-03-20,2.95,1.0818051703517284,0.03098354551996718
2024-03-21,2.78,1.0224509277025455,-0.059354242649182876
2024-03-22,2.76,1.0152306797290584,-0.007220247973487082
2024-03-25,2.84,1.0438040521731147,0.028573372444056222
2024-03-26,2.81,1.0331844833456545,-0.01061956882746018
2024-03-27,2.86,1.0508216248317612,0.017637141486106733
2024-03-28,2.9,1.0647107369924282,0.013889112160667016
2024-04-01,2.63,0.9669838461896731,-0.0977268908027551
2024-04-02,2.01,0.6981347220709843,-0.2688491241186889
2024-04-03,2.32,0.8415671856782185,0.14343246360723427
2024-04-04,2.25,0.8109302162163288,-0.030636969461889763
2024-04-05,2.205,0.7907275088988094,-0.020202707317519386
2024-04-08,2.27,0.8197798314933114,0.029052322594501967
2024-04-09,2.31,0.8372475245337022,0.017467693040390864
2024-04-10,2.14,0.7608058290337602,-0.07644169549994206
2024-04-11,2.11,0.7466879474879751,-0.014117881545785083
2024-04-12,2.13,0.7561219797213337,0.009434032233358591
2024-04-15,2.08,0.7323678937132266,-0.023754086008107023
2024-04-16,2.02,0.7030975114131134,-0.02927038230011325
2024-04-17,2.05,0.7178397931503168,0.014742281737203378
2024-04-18,2.14,0.7608058290337602,0.04296603588344339
2024-04-19,2.09,0.7371640659767196,-0.023641763057040577
2024-04-22,2.16,0.7701082216960737,0.03294415571935416
2024-04-23,2.15,0.7654678421395714,-0.0046403795565023165
2024-04-24,2.14,0.7608058290337602,-0.004662013105811269
2024-04-25,2.19,0.7839015438284094,0.023095714794649225
2024-04-26,2.23,0.8020015854720274,0.018100041643618003
2024-04-29,2.33,0.8458682675776092,0.04386668210558187
2024-04-30,2.21,0.7929925155296614,-0.05287575204794781
2024-05-01,2.26,0.8153648132841944,0.022372297754532977
2024-05-02,2.3,0.8329091229351039,0.017544309650909473
2024-05-03,2.45,0.8960880245566357,0.06317890162153184
2024-05-06,2.48,0.9082585601768908,0.012170535620255052
2024-05-07,2.32,0.8415671856782185,-0.06669137449867224
2024-05-08,2.3,0.8329091229351039,-0.008658062743114647
2024-05-09,2.36,0.8586616190375187,0.025752496102414812
2024-05-10,2.26,0.8153648132841944,-0.043296805753324286
2024-05-13,2.24,0.8064758658669485,-0.008888947417245885
2024-05-14,2.51,0.9202827531436925,0.11380688727674393
2024-05-15,2.39,0.8712933659434193,-0.04898938720027313
2024-05-16,4.03,1.3937663759585917,0.5224730100151723
2024-05-17,4.54,1.5129270120532565,0.11916063609466487
2024-05-20,5.28,1.6639260977181702,0.1509990856649137
2024-05-21,4.71,1.5496879080283263,-0.1142381896898439
2024-05-22,4.655,1.5379419107290304,-0.01174599729929593
2024-05-23,4.14,1.4206957878372228,-0.11724612289180758
2024-05-24,4.74,1.556037135706985,0.13534134786976226
2024-05-28,5.33,1.673351238177753,0.11731410247076801
2024-05-29,9.02,2.199444334074532,0.5260930958967791
2024-05-30,8.41,2.1294214739848565,-0.07002286008967573
2024-05-31,8.275,2.1132389212631266,-0.01618255272172986
2024-06-03,8.38,2.125847914493992,0.012608993230865284
2024-06-04,8.67,2.1598687907924505,0.034020876298458624
2024-06-05,8.79,2.1736147116970854,0.01374592090463489
2024-06-06,9.32,2.2321626286975,0.05854791700041462
2024-06-07,8.62,2.1540850846756014,-0.07807754402189859
2024-06-10,8.48,2.1377104498038118,-0.016374634871789695
2024-06-11,9.87,2.28949985344539,0.15178940364157834
2024-06-12,9.76,2.278292400425001,-0.011207453020388947
2024-06-13,9.98,2.300583090323373,0.022290689898371685
2024-06-14,10.22,2.3243465847755584,0.02376349445218562
2024-06-17,11.75,2.463853240590168,0.13950665581460964
2024-06-18,11.39,2.432735777459091,-0.031117463131077105
2024-06-20,11.22,2.4176979000945504,-0.015037877364540542
2024-06-21,10.08,2.3105532626432224,-0.10714463745132807
2024-06-24,10.33,2.3350522831315472,0.024499020488324863
2024-06-25,10.98,2.3960754360813845,0.06102315294983729
2024-06-26,11.23,2.418588768750352,0.02251333266896749
2024-06-27,11.45,2.4379897300002487,0.019400961249896653
2024-06-28,11.61,2.4518667957098,0.013877065709551495
2024-07-01,10.84,2.3832429960115,-0.06862379969830013
2024-07-02,10.72,2.372111155642656,-0.01113184036884407
2024-07-03,11.37,2.4309783077624445,0.058867152119788546
2024-07-05,12.4,2.517696472610991,0.08671816484854666
2024-07-08,12.1,2.4932054526026954,-0.024491020008295727
2024-07-09,12.14,2.4965057856313524,0.0033003330286569543
2024-07-10,11.88,2.474856313934499,-0.021649471696853606
2024-07-11,11.9,2.4765384001174837,0.001682086182984932
2024-07-12,13.01,2.565718292524414,0.08917989240693025
2024-07-15,13.48,2.601207105484161,0.03548881295974704
2024-07-16,13.71,2.6181254935742233,0.016918388090062297
2024-07-17,13.4,2.5952547069568657,-0.02287078661735764
2024-07-18,12.38,2.5160822672564502,-0.07917243970041543
2024-07-19,12.84,2.552565298261815,0.036483031005364985
2024-07-22,12.8,2.5494451709255714,-0.003120127336243783
2024-07-23,13.84,2.6275629501895237,0.07811777926395225
2024-07-24,13.36,2.5922651681085,-0.035297782081023854
2024-07-25,16.64,2.8118094353930627,0.2195442672845629
2024-07-26,18.84,2.935982269148217,0.12417283375515442
2024-07-29,18.87,2.9375733593804587,0.0015910902322415765
2024-07-30,17.52,2.8633430855082453,-0.07423027387221337
2024-07-31,20.68,3.0291670496402285,0.1658239641319832
2024-08-01,20.44,3.017493765335504,-0.011673284304724696
2024-08-02,18.51,2.9183111265854063,-0.09918263875009758
2024-08-05,18.59,2.922623801733353,0.004312675147946532
2024-08-06,19.53,2.9719517448885875,0.0493279431552347
2024-08-07,19.64,2.97756830292632,0.005616558037732311
2024-08-08,22.32,3.1054831375131102,0.12791483458679043
2024-08-09,21.21,3.0544727685765913,-0.05101036893651889
2024-08-12,19.73,2.982140320034524,-0.07233244854206733
2024-08-13,20.96,3.0426158594528414,0.0604755394183174
2024-08-14,20.81,3.035433640405543,-0.007182219047298322
2024-08-15,31.36,3.445533195482207,0.41009955507666396
2024-08-16,31.03,3.434954478460289,-0.010578717021918038
2024-08-19,38.6,3.653252276470785,0.2182977980104961
2024-08-20,34.32,3.5357282746197614,-0.11752400185102374
2024-08-21,36.44,3.5956670723917576,0.05993879777199629
2024-08-22,34.14,3.5304697173662944,-0.0651973550254632
2024-08-23,32.86,3.492256112609122,-0.038213604757172615
2024-08-26,33.78,3.519868911379654,0.027612798770532354
2024-08-27,31.11,3.4375293109095457,-0.08233960047010846
2024-08-28,27.87,3.327550841493857,-0.1099784694156889
2024-08-29,29.25,3.3758795736778655,0.04832873218400868
2024-08-30,29.04,3.3686741899565953,-0.00720538372127022
2024-09-03,29.41,3.3813347525659037,0.012660562609308368
2024-09-04,33.08,3.4989288701554906,0.11759411758958693
2024-09-05,28.45,3.34814816057234,-0.1507807095831506
2024-09-06,26.11,3.2623183827110376,-0.08582977786130241
2024-09-09,25.94,3.255786178888298,-0.006532203822739557
2024-09-10,26.11,3.2623183827110376,0.006532203822739557
2024-09-11,27.9,3.32862668882732,0.06630830611628236
2024-09-12,26.79,3.2880286835565173,-0.040598005270802595
2024-09-13,29.83,3.395514598526657,0.1074859149701397
2024-09-16,29.84,3.3958497753355603,0.0003351768089032703
2024-09-17,28.0,3.332204510175204,-0.06364526516035651
2024-09-18,28.3,3.342861804649192,0.010657294473988
2024-09-19,28.61,3.3537563070620187,0.010894502412826856
2024-09-20,26.5,3.2771447329921766,-0.07661157406984209
2024-09-23,26.61,3.281287084989598,0.004142351997421301
2024-09-24,25.85,3.2523106009544382,-0.028976484035159622
2024-09-25,24.39,3.194173212227829,-0.05813738872660945
2024-09-26,23.83,3.170945291110651,-0.023227921117177974
2024-09-27,25.32,3.2315945972759756,0.06064930616532482
2024-09-30,26.15,3.263849190510932,0.032254593234956275
2024-10-01,24.105,3.1824192878575857,-0.08142990265334626
2024-10-02,23.84,3.171364842197149,-0.011054445660436674
2024-10-03,23.22,3.1450139762697455,-0.026350865927403433
2024-10-04,26.11,3.2623183827110376,0.11730440644129203
2024-10-07,24.91,3.215269329274089,-0.04704905343694854
2024-10-08,24.2,3.186352633162641,-0.028916696111448204
2024-10-09,22.61,3.1183922862898785,-0.06796034687276231
2024-10-10,23.07,3.138533072185662,0.02014078589578361
2024-10-11,24.18,3.1855258451866466,0.04699277300098448
2024-10-14,25.12,3.223664341599998,0.03813849641335132
2024-10-15,24.25,3.188416617383492,-0.035247724216505905
2024-10-16,28.22,3.340030946424668,0.151614329041176
2024-10-17,28.49,3.3495531485098167,0.009522202085148646
2024-10-18,28.14,3.337192051686243,-0.012361096823573448
2024-10-21,27.64,3.319263998899469,-0.017928052786774007
2024-10-22,27.89,3.3282682016393976,0.009004202739928413
2024-10-23,26.26,3.26804686887465,-0.060221332764747615
2024-10-24,25.07,3.221671912170202,-0.0463749567044478
2024-10-25,25.62,3.2433732964685884,0.021701384298386195
2024-10-28,26.73,3.2857865301508276,0.04241323368223915
2024-10-29,26.98,3.2950958507796098,0.009309320628782203
2024-10-30,25.13,3.2240623515555007,-0.07103349922410906
2024-10-31,23.81,3.170105660498771,-0.05395669105672951
2024-11-01,23.85,3.1717842173343502,0.0016785568355790481
2024-11-04,23.94,3.1755507001298273,0.0037664827954770885
2024-11-05,24.13,3.1834558796369405,0.007905179507113225
2024-11-06,22.52,3.1144038032714896,-0.06905207636545097
2024-11-07,21.455,3.065957718443488,-0.04844608482800172
2024-11-08,21.99,3.09058780456667,0.02463008612318207
2024-11-11,24.76,3.2092294478163956,0.1186416432497257
2024-11-12,24.26,3.1888289035159043,-0.02040054430049132
2024-11-13,27.89,3.3282682016393976,0.13943929812349332
2024-11-14,26.8,3.288401887516811,-0.039866314122586566
2024-11-15,24.23,3.1875915348284343,-0.10081035268837679
2024-11-18,25.8,3.250374491927572,0.06278295709913762
2024-11-19,26.14,3.2634667081960758,0.013092216268503876
2024-11-20,23.585,3.160610916736225,-0.10285579145985091
2024-11-21,24.14,3.1838702156693857,0.02325929893316081
2024-11-22,24.1,3.1822118404966093,-0.0016583751727763385
2024-11-25,24.21,3.1867657709499673,0.004553930453357946
2024-11-26,23.39,3.1523085805960878,-0.03445719035387951
2024-11-27,23.29,3.1480240838962494,-0.004284496699838325
2024-11-29,23.81,3.170105660498771,0.022081576602521746
2024-12-02,23.22,3.1450139762697455,-0.025091684229025635
2024-12-03,22.91,3.1315734964654043,-0.013440479804341265
2024-12-04,22.64,3.119718253334982,-0.011855243130422188
2024-12-05,22.51,3.113959654918641,-0.005758598416341076
2024-12-06,25.32,3.2315945972759756,0.11763494235733463
2024-12-09,25.985,3.257519448460405,0.025924851184429443
2024-12-10,24.36,3.192942442841696,-0.06457700561870894
2024-12-11,23.56,3.159550358783386,-0.03339208405831018
2024-12-12,23.33,3.1497400860333387,-0.00981027275004731
2024-12-13,23.48,3.1561489949598958,0.0064089089265571
2024-12-16,24.3,3.190476350346503,0.03432735538660703
2024-12-17,24.78,3.2100368762009963,0.019560525854493527
2024-12-18,23.36,3.151025157960026,-0.05901171824097018
2024-12-19,23.0,3.1354942159291497,-0.01553094203087646
2024-12-20,22.88,3.130263166511597,-0.00523104941755248
2024-12-23,23.25,3.1463051320333655,0.016041965521768287
2024-12-24,23.49,3.1565747986708215,0.010269666637455988
2024-12-26,24.68,3.205993199037187,0.04941840036636558
2024-12-27,22.92,3.132009891846539,-0.07398330719064816
2024-12-30,21.81,3.0823685802135374,-0.04964131163300145
2024-12-31,21.1,3.0492730404820207,-0.03309553973151669
2025-01-02,21.64,3.074543453978281,0.025270413496260247
2025-01-03,23.97,3.176803048446293,0.1022595944680118
2025-01-06,24.14,3.1838702156693857,0.007067167223092863
2025-01-07,23.0,3.1354942159291497,-0.048375999740235986
2025-01-08,22.51,3.113959654918641,-0.021534561010508657
2025-01-10,22.37,3.107720775502038,-0.006238879416602838
2025-01-13,21.07,3.0478502278160975,-0.05987054768594069
2025-01-14,20.48,3.019448800171307,-0.028401427644790367
2025-01-15,21.54,3.0699116717282426,0.05046287155693552
2025-01-16,21.0,3.044522437723423,-0.025389234004819627
2025-01-17,20.78,3.0339909856710814,-0.010531452052341628
2025-01-21,23.1,3.139832617527748,0.1058416318566664
2025-01-22,22.49,3.1130707659712242,-0.026761851556523553
2025-01-23,19.8,2.9856819377004897,-0.1273888282707345
2025-01-24,20.35,3.013080911888604,0.027398974188114433
2025-01-27,19.16,2.9528247725427144,-0.0602561393458898
2025-01-28,20.14,3.0027078872904163,0.04988311474770191
2025-01-29,17.72,2.8746939451769347,-0.1280139421134816
2025-01-30,18.21,2.9019708937395166,0.027276948562581893
2025-01-31,20.24,3.0076608444192647,0.10568995067974818
2025-02-03,21.47,3.0666566118906897,0.05899576747142499
2025-02-04,23.09,3.139399623366404,0.07274301147571416
2025-02-05,24.71,3.2072080200005186,0.06780839663411475
2025-02-06,27.12,3.3002714630721948,0.09306344307167613
2025-02-07,26.51,3.277522020300934,-0.022749442771260675
2025-02-10,31.14,3.4384931664058525,0.16097114610491836
2025-02-11,28.4,3.3463891451671604,-0.0921040212386921
2025-02-12,27.61,3.3181780259420632,-0.028211119225097114
2025-02-13,30.05,3.4028626609812167,0.08468463503915347
2025-02-14,32.1,3.4688560301359703,0.06599336915475362
2025-02-18,30.9,3.4307561839036995,-0.038099846232270806
2025-02-19,31.17,3.4394560937792455,0.00869990987554603
2025-02-20,31.63,3.4541060373175574,0.014649943538311838
2025-02-21,28.64,3.3548043420924447,-0.09930169522511267
2025-02-24,28.57,3.3523572162426816,-0.002447125849763143
2025-02-25,26.17,3.2646137165420543,-0.08774349970062723
2025-02-26,27.24,3.3046864812813115,0.04007276473925714
2025-02-27,26.08,3.261168737058452,-0.04351774422285937
2025-02-28,27.11,3.299902663510574,0.038733926452121814
2025-03-03,25.62,3.2433732964685884,-0.05652936704198552
2025-03-04,28.61,3.3537563070620187,0.11038301059343025
2025-03-05,33.8,3.520460802488973,0.1667044954269543
2025-03-06,32.18,3.471345141564237,-0.04911566092473585
2025-03-07,33.4,3.5085558999826545,0.03721075841841737
2025-03-10,29.14,3.3721118007670587,-0.13644409921559575
2025-03-11,28.66,3.3555024224000256,-0.016609378367033134
2025-03-12,27.56,3.3163654461454577,-0.03913697625456791
2025-03-13,26.12,3.2627013044082305,-0.05366414173722722
2025-03-14,28.15,3.3375473545856993,0.07484605017746881
2025-03-17,28.02,3.332918540908861,-0.004628813676838206
2025-03-18,26.25,3.2676659890376327,-0.06525255187122836
2025-03-19,25.65,3.2445435716167785,-0.02312241742085419
2025-03-20,24.69,3.206398303357088,-0.03814526825969056
2025-03-21,25.71,3.246880021277798,0.0404817179207102
2025-03-24,29.3,3.3775875160230218,0.13070749474522358
2025-03-25,28.55,3.351656936102019,-0.02593057992100256
2025-03-26,27.29,3.306520334720247,-0.04513660138177222
2025-03-27,25.8,3.250374491927572,-0.056145842792675094
2025-03-28,24.06,3.180550710546533,-0.06982378138103895
2025-03-31,22.74,3.12412548832239,-0.056425222224143035
2025-04-01,21.85,3.084200921541599,-0.039924566780790816
2025-04-02,22.41,3.1095072878128356,0.025306366271236502
2025-04-03,21.58,3.0717669598299886,-0.03774032798284699
2025-04-04,20.07,2.9992261628082466,-0.07254079702174199
2025-04-07,21.33,3.0601145324832593,0.060888369675012655
2025-04-08,20.3,3.0106208860477417,-0.04949364643551757
2025-04-09,24.14,3.1838702156693857,0.17324932962164397
2025-04-10,23.14,3.1415627217655304,-0.04230749390385524
2025-04-11,23.28,3.147594622863237,0.006031901097706793
2025-04-14,22.91,3.1315734964654043,-0.01602112639783293
2025-04-15,22.92,3.132009891846539,0.0004363953811346022
2025-04-16,22.39,3.1086144306106633,-0.023395461235875548
2025-04-17,23.39,3.1523085805960878,0.043694149985424424
2025-04-21,20.765,3.0332688770827168,-0.11903970351337101
2025-04-22,21.3,3.0587070727153796,0.025438195632662808
2025-04-23,22.42,3.109953417644014,0.051246344928634446
2025-04-24,24.07,3.1809662517949806,0.0710128341509666
2025-04-25,23.76,3.168003494494444,-0.01296275730053642
2025-04-28,24.25,3.188416617383492,0.02041312288904784
2025-04-29,23.9,3.173878458937465,-0.014538158446026905
2025-04-30,23.21,3.1445832202863455,-0.029295238651119604
2025-05-01,23.02,3.1363634032937364,-0.008219816992609097
2025-05-02,26.42,3.2741212990941793,0.13775789580044284
2025-05-05,24.75,3.2088254890146994,-0.06529581007947982
2025-05-06,25.08,3.22207071576472,0.013245226750020489
2025-05-07,25.32,3.2315945972759756,0.009523881511255716
2025-05-08,25.25,3.228826155721369,-0.0027684415546067598
2025-05-09,25.76,3.248822901236153,0.01999674551478403
2025-05-12,27.16,3.3017453026904953,0.05292240145434235
2025-05-13,26.55,3.279029747687948,-0.022715555002547294
2025-05-14,26.25,3.2676659890376327,-0.011363758650315248
2025-05-15,26.24,3.267284964075888,-0.00038102496174463596
2025-05-16,26.66,3.2831643147505627,0.015879350674674608
2025-05-19,24.61,3.2031528644029645,-0.08001145034759816
2025-05-20,25.03,3.2200751054436827,0.016922241040718156
2025-05-21,23.83,3.170945291110651,-0.049129814333031874
2025-05-22,24.41,3.1949928844048685,0.024047593294217684
2025-05-23,24.095,3.182004350092296,-0.012988534312572408
2025-05-27,24.84,3.212455257065278,0.030450906972981695
2025-05-28,24.78,3.2100368762009963,-0.0024183808642814775
2025-05-29,23.57,3.1599747169480397,-0.05006215925295665
2025-05-30,23.07,3.138533072185662,-0.021441644762377532
2025-06-02,24.15,3.184284380098582,0.0457513079129197
2025-06-03,25.18,3.2260500286162013,0.041765648517619436
2025-06-04,28.69,3.3565486299932736,0.13049860137707237
2025-06-05,30.85,3.4291367503513968,0.07258812035812312
2025-06-06,31.19,3.440097530619712,0.010960780268315151
2025-06-09,34.82,3.550191934340043,0.11009440372033108
2025-06-10,35.71,3.575430761606357,0.02523882726631399
2025-06-11,36.47,3.596490004820589,0.021059243214232026
2025-06-12,36.92,3.6087534096346516,0.012263404814062628
2025-06-13,38.37,3.647275904258861,0.038522494624209536
2025-06-16,41.91,3.73552446193698,0.0882485576781189
2025-06-17,40.1,3.6913763343125234,-0.044148127624456635
2025-06-18,44.35,3.7921127087555884,0.10073637444306494
2025-06-20,45.94,3.8273361972609523,0.03522348850536394
2025-06-23,50.2,3.9160150266976834,0.08867882943673111
2025-06-24,53.22,3.9744342655495433,0.058419238851859845
2025-06-25,49.97,3.9114228253561136,-0.06301144019342964
2025-06-26,50.62,3.9243467551169777,0.012923929760864095
2025-06-27,49.36,3.8991403795971324,-0.02520637551984528
2025-06-30,46.73,3.844386356712335,-0.05475402288479758
2025-07-01,45.11,3.8091039514203047,-0.035282405292030194
2025-07-02,45.71,3.822317092343653,0.013213140923348465
2025-07-03,45.6,3.8199077165203406,-0.002409375823312576
2025-07-07,45.69,3.8218794555751803,0.0019717390548397162
2025-07-08,45.46,3.8168328184243974,-0.005046637150782907
2025-07-09,42.5,3.7495040759303713,-0.0673287424940261
2025-07-10,43.97,3.7835075831927187,0.034003507262347465
2025-07-11,45.58,3.819469023817538,0.03596144062481921
2025-07-14,47.86,3.868280082480227,0.04881105866268909
2025-07-15,51.12,3.9341758100692794,0.06589572758905238
2025-07-16,52.63,3.9632862993656874,0.029110489296408026
2025-07-17,57.45,4.050915004294764,0.08762870492907693
2025-07-18,57.98,4.06009812349351,0.00918311919874526
2025-07-21,56.67,4.037244970181528,-0.022853153311981345
2025-07-22,57.09,4.044628969976168,0.007383999794639884
2025-07-23,58.92,4.076180591594429,0.031551621618261194
2025-07-24,60.06,4.095344062555184,0.01916347096075466
2025-07-25,54.335,3.995168586514815,-0.10017547604036903
2025-07-28,54.22,3.9930498440705193,-0.0021187424442956626
2025-07-29,53.09,3.97198858659558,-0.021061257474939143
2025-07-30,54.29,3.9943400479173596,0.022351461321779453
2025-07-31,53.17,3.973494327516247,-0.020845720401112544
2025-08-01,52.46,3.9600509744387278,-0.013443353077519316
2025-08-04,51.38,3.9392489916817377,-0.02080198275699008
2025-08-05,52.57,3.9621456148313565,0.022896623149618822
2025-08-06,51.79,3.9471970804358,-0.014948534395556656
2025-08-07,47.71,3.8651410195280156,-0.08205606090778428
2025-08-08,46.63,3.8422441108202294,-0.022896908707786157
2025-08-11,45.92,3.826900752011311,-0.01534335880891824
2025-08-12,49.76,3.907211448430924,0.08031069641961297
2025-08-13,50.05,3.9130225057612296,0.0058110573303054025
2025-08-14,48.5,3.8815637979434374,-0.03145870781779214
2025-08-15,48.08,3.872866290226952,-0.008697507716485475
2025-08-18,48.16,3.8745288010005656,0.001662510773613679
2025-08-19,44.95,3.8055507609176296,-0.06897804008293607
2025-08-20,45.08,3.8084386891715756,0.002887928253946015
2025-08-21,44.98,3.8062179465311696,-0.0022207426404059483
2025-08-22,47.07,3.851635855413051,0.04541790888188135
2025-08-25,50.01,3.9122229854308124,0.06058713001776139
2025-08-26,50.43,3.920586236088634,0.00836325065782173
2025-08-27,48.25,3.876395827784995,-0.044190408303639295
2025-08-28,48.95,3.8907993689765195,0.01440354119152465
2025-08-29,48.94,3.8905950580145254,-0.00020431096199402532
2025-09-02,48.76,3.8869103046130706,-0.003684753401454799
2025-09-03,45.22,3.811539466849824,-0.07537083776324671
2025-09-04,41.86,3.7343307170178535,-0.07720874983197046
2025-09-05,42.41,3.747384183486499,0.013053466468645691
2025-09-08,40.77,3.707946516831162,-0.0394376666553371
2025-09-09,36.91,3.608482517041907,-0.09946399978925502
2025-09-10,37.58,3.6264719939853194,0.017989476943412352
2025-09-11,38.37,3.647275904258861,0.02080391027354178
2025-09-12,38.72,3.656356262408376,0.009080358149514911
2025-09-15,40.97,3.7128400915587796,0.05648382915040351
2025-09-16,40.43,3.6995720836526793,-0.013268007906100276
2025-09-17,41.19,3.718195508447989,0.018623424795309873
2025-09-18,41.44,3.7242465979512276,0.006051089503238405
2025-09-19,45.1,3.8088822465086327,0.08463564855740513
2025-09-22,48.85,3.888754378488792,0.07987213198015919
2025-09-23,54.8,4.00369019395397,0.11493581546517806
2025-09-24,54.5,3.9982007016691985,-0.005489492284771469
2025-09-25,49.39,3.8997479745525334,-0.09845272711666508
2025-09-26,49.09,3.893655348069961,-0.00609262648257225
2025-09-29,48.84,3.888549649242504,-0.00510569882745715
2025-09-30,49.08,3.8934516198427107,0.004901970600206695
2025-10-01,56.94,4.041998081849892,0.14854646200718102
2025-10-02,66.16,4.1920760507154355,0.1500779688655438
2025-10-03,67.76,4.215972050343799,0.02389599962836364
2025-10-06,72.9,4.289088639014612,0.07311658867081317
2025-10-07,74.75,4.314149212270796,0.025060573256183716
2025-10-08,81.2,4.396915247167632,0.08276603489683598
2025-10-09,86.79,4.463491407656154,0.06657616048852155
2025-10-10,82.03,4.407085034014658,-0.05640637364149548
2025-10-13,90.5,4.505349850705881,0.09826481669122256
2025-10-14,94.5,4.548599834499697,0.043249983793816504
2025-10-15,95.69,4.561113799791172,0.012513965291474527
2025-10-16,89.5,4.4942386252808095,-0.06687517451036218
2025-10-17,83.49,4.424726864205909,-0.06951176107490031
2025-10-20,82.81,4.416548827045609,-0.008178037160300633
2025-10-21,78.61,4.3644989178056655,-0.052049909239943126
2025-10-22,71.35,4.267597343922845,-0.09690157388282028
2025-10-23,71.72,4.272769648736932,0.005172304814086814
2025-10-24,73.7,4.300002799195291,0.02723315045835939
2025-10-27,79.45,4.375127892982725,0.0751250937874337
2025-10-28,77.77,4.353755752706852,-0.021372140275873086
2025-10-29,80.06,4.382776353564427,0.029020600857575296
2025-10-30,76.68,4.339640918177444,-0.04313543538698372
2025-10-31,80.25,4.385146762010125,0.045505843832681414
2025-11-03,71.145,4.264720047997654,-0.12042671401247063
2025-11-04,70.05,4.249209272783016,-0.015510775214638173
2025-11-05,70.38,4.253909131893439,0.0046998591104232545
2025-11-06,65.28,4.178685710655851,-0.07522342123758818
2025-11-07,69.19,4.23685634351072,0.058170632854868565
2025-11-10,68.7,4.229749199228304,-0.007107144282415767
2025-11-11,67.89,4.217888748313555,-0.011860450914748633
2025-11-12,64.49,4.166510173022286,-0.051378575291269435
2025-11-13,61.44,4.118061088839417,-0.048449084182869306
2025-11-14,61.4,4.117409835153096,-0.0006512536863203522
2025-11-17,56.6,4.036008985209137,-0.08140084994395913
2025-11-18,58.22,4.064228938317477,0.0282199531083398
2025-11-19,58.01,4.060615409477973,-0.0036135288395042764
2025-11-20,50.7,3.9259259105971376,-0.13468949888083515
2025-11-21,51.37,3.9390543444791764,0.01312843388203877
2025-11-24,55.0,4.007333185232471,0.06827884075329482
2025-11-25,55.51,4.01656318470207,0.009229999469599015
2025-11-26,55.52,4.016743316198549,0.00018013149647888582
2025-11-28,56.2,4.028916756899646,0.012173440701096716
2025-12-01,52.61,3.962906215742716,-0.06601054115692984
2025-12-02,56.89,4.041119578762556,0.07821336301984028
2025-12-03,61.44,4.118061088839417,0.07694151007686045
2025-12-04,72.65,4.285653390016292,0.1675923011768754
2025-12-05,73.92,4.302983427333428,0.017330037317136338
2025-12-08,74.0,4.30406509320417,0.001081665870741766
2025-12-09,72.84,4.288265254859407,-0.01579983834476284
2025-12-10,79.05,4.370080563655481,0.0818153087960738
2025-12-11,84.75,4.43970574626056,0.06962518260507888
2025-12-12,76.7,4.33990170837321,-0.09980403788734993
2025-12-15,67.81,4.216709676695751,-0.12319203167745929
2025-12-16,68.37,4.2249341319257026,0.008224455229951744
2025-12-17,61.86,4.124873767256924,-0.10006036466877877
2025-12-18,65.93,4.188593573125209,0.06371980586828485
2025-12-19,75.84,4.328625857946767,0.14003228482155805
2025-12-22,86.48,4.4599131733309525,0.1312873153841858
2025-12-23,85.67,4.4505027059759525,-0.009410467354999952
2025-12-24,78.05,4.357349646961441,-0.09315305901451154
2025-12-26,71.95,4.2759714333333765,-0.08137821362806452
2025-12-29,71.47,4.269277781231888,-0.006693652101488645
2025-12-30,74.68,4.313212318673522,0.04393453744163445
2025-12-31,72.63,4.285378059618076,-0.027834259055445898
2026-01-02,83.47,4.424487285862646,0.13910922624456923
2026-01-05,90.92,4.509979998984343,0.08549271312169715
2026-01-06,97.49,4.57974980864118,0.06976980965683754
2026-01-07,85.73,4.451202822690664,-0.12854698595051595
2026-01-08,90.56,4.506012614454873,0.054809791764208526
2026-01-09,97.67,4.581594449459386,0.07558183500451321
2026-01-12,98.39,4.588939172877674,0.007344723418287735
2026-01-13,92.72,4.529584199031496,-0.05935497384617783
2026-01-14,95.22,4.556190003766373,0.026605804734876948
2026-01-15,101.25,4.617592705986649,0.061402702220275884
2026-01-16,115.77,4.751605464217637,0.13401275823098846
2026-01-20,112.44,4.722419746038331,-0.029185718179306264
2026-01-21,103.5,4.639571612705423,-0.08284813333290764
2026-01-22,116.37,4.756774770119986,0.11720315741456222
2026-01-23,113.57,4.732419386903555,-0.024355383216430937
2026-01-26,104.78,4.651862913980073,-0.08055647292348134
2026-01-27,111.34,4.7125885827553615,0.06072566877528818
2026-01-28,121.23,4.797689567758492,0.08510098500313035
2026-01-29,122.09,4.804758477680764,0.007068909922272049
2026-01-30,111.21,4.71142030583075,-0.09333817185001347
2026-02-02,104.55,4.649665425874643,-0.06175487995610762
2026-02-03,115.76,4.751519082323228,0.10185365644858546
2026-02-04,103.5,4.639571612705423,-0.11194746961780488
2026-02-05,93.27,4.535498512738772,-0.10407309996665148
2026-02-06,101.79,4.622911867464248,0.08741335472547629
2026-02-09,102.12,4.6261485923732835,0.00323672490903526
2026-02-10,96.27,4.567156743789875,-0.05899184858340867
2026-02-11,96.92,4.573885895948325,0.006729152158450269
2026-02-12,82.22,4.409398581469732,-0.16448731447859277
