Unnamed: 0,Praia Grande,Imóveis residenciais,Unnamed: 3,Unnamed: 4,Unnamed: 5,Unnamed: 6,Unnamed: 7,Unnamed: 8,Unnamed: 9,Unnamed: 10,Unnamed: 11,Unnamed: 12,Unnamed: 13,Unnamed: 14,Unnamed: 15,Unnamed: 16,Unnamed: 17,Unnamed: 18,Unnamed: 19,Unnamed: 20,Unnamed: 21,Imóveis residenciais.1,Unnamed: 23,Unnamed: 24,Unnamed: 25,Unnamed: 26,Unnamed: 27,Unnamed: 28,Unnamed: 29,Unnamed: 30,Unnamed: 31,Unnamed: 32,Unnamed: 33,Unnamed: 34,Unnamed: 35,Unnamed: 36,Unnamed: 37,Unnamed: 38,Unnamed: 39,Unnamed: 40,Unnamed: 41,Imóveis residenciais.2,Unnamed: 43,Unnamed: 44,Unnamed: 45,Unnamed: 46,Imóveis comerciais,Unnamed: 48,Unnamed: 49,Unnamed: 50,Imóveis comerciais.1,Unnamed: 52,Unnamed: 53,Unnamed: 54,Imóveis comerciais.2
,,Venda,,,,,,,,,,,,,,,,,,,,Locação,,,,,,,,,,,,,,,,,,,,Rentabilidade do aluguel (rental yield),,,,,Venda,,,,Locação,,,,Rentabilidade do aluguel (rental yield)
,,Número-Índice,,,,,Var. mensal (%),,,,,Var. em 12 meses (%),,,,,Preço médio (R$/m²),,,,,Número-Índice,,,,,Var. mensal (%),,,,,Var. em 12 meses (%),,,,,Preço médio (R$/m²),,,,,(% - mensalizada),,,,,Número-Índice,Var. mensal (%),Var. em 12 meses (%),Preço médio (R$/m²),Número-Índice,Var. mensal (%),Var. em 12 meses (%),Preço médio (R$/m²),(% - mensalizada)
,Data,Total,1D,2D,3D,4D,Total,1D,2D,3D,4D,Total,1D,2D,3D,4D,Total,1D,2D,3D,4D,Total,1D,2D,3D,4D,Total,1D,2D,3D,4D,Total,1D,2D,3D,4D,Total,1D,2D,3D,4D,Total,1D,2D,3D,4D,Total,Total,Total,Total,Total,Total,Total,Total,Total
,2008-01-01 00:00:00,.,.,.,.,.,.,.,.,.,.,.,.,.,.,.,.,.,.,.,.,.,.,.,.,.,.,.,.,.,.,.,.,.,.,.,.,.,.,.,.,.,.,.,.,.,.,.,.,.,.,.,.,.,.
,2008-02-01 00:00:00,.,.,.,.,.,.,.,.,.,.,.,.,.,.,.,.,.,.,.,.,.,.,.,.,.,.,.,.,.,.,.,.,.,.,.,.,.,.,.,.,.,.,.,.,.,.,.,.,.,.,.,.,.,.
,2008-03-01 00:00:00,.,.,.,.,.,.,.,.,.,.,.,.,.,.,.,.,.,.,.,.,.,.,.,.,.,.,.,.,.,.,.,.,.,.,.,.,.,.,.,.,.,.,.,.,.,.,.,.,.,.,.,.,.,.
,2008-04-01 00:00:00,.,.,.,.,.,.,.,.,.,.,.,.,.,.,.,.,.,.,.,.,.,.,.,.,.,.,.,.,.,.,.,.,.,.,.,.,.,.,.,.,.,.,.,.,.,.,.,.,.,.,.,.,.,.
,2008-05-01 00:00:00,.,.,.,.,.,.,.,.,.,.,.,.,.,.,.,.,.,.,.,.,.,.,.,.,.,.,.,.,.,.,.,.,.,.,.,.,.,.,.,.,.,.,.,.,.,.,.,.,.,.,.,.,.,.
,2008-06-01 00:00:00,.,.,.,.,.,.,.,.,.,.,.,.,.,.,.,.,.,.,.,.,.,.,.,.,.,.,.,.,.,.,.,.,.,.,.,.,.,.,.,.,.,.,.,.,.,.,.,.,.,.,.,.,.,.
,2008-07-01 00:00:00,.,.,.,.,.,.,.,.,.,.,.,.,.,.,.,.,.,.,.,.,.,.,.,.,.,.,.,.,.,.,.,.,.,.,.,.,.,.,.,.,.,.,.,.,.,.,.,.,.,.,.,.,.,.
,2008-08-01 00:00:00,.,.,.,.,.,.,.,.,.,.,.,.,.,.,.,.,.,.,.,.,.,.,.,.,.,.,.,.,.,.,.,.,.,.,.,.,.,.,.,.,.,.,.,.,.,.,.,.,.,.,.,.,.,.
,2008-09-01 00:00:00,.,.,.,.,.,.,.,.,.,.,.,.,.,.,.,.,.,.,.,.,.,.,.,.,.,.,.,.,.,.,.,.,.,.,.,.,.,.,.,.,.,.,.,.,.,.,.,.,.,.,.,.,.,.
,2008-10-01 00:00:00,.,.,.,.,.,.,.,.,.,.,.,.,.,.,.,.,.,.,.,.,.,.,.,.,.,.,.,.,.,.,.,.,.,.,.,.,.,.,.,.,.,.,.,.,.,.,.,.,.,.,.,.,.,.
,2008-11-01 00:00:00,.,.,.,.,.,.,.,.,.,.,.,.,.,.,.,.,.,.,.,.,.,.,.,.,.,.,.,.,.,.,.,.,.,.,.,.,.,.,.,.,.,.,.,.,.,.,.,.,.,.,.,.,.,.
,2008-12-01 00:00:00,.,.,.,.,.,.,.,.,.,.,.,.,.,.,.,.,.,.,.,.,.,.,.,.,.,.,.,.,.,.,.,.,.,.,.,.,.,.,.,.,.,.,.,.,.,.,.,.,.,.,.,.,.,.
,2009-01-01 00:00:00,.,.,.,.,.,.,.,.,.,.,.,.,.,.,.,.,.,.,.,.,.,.,.,.,.,.,.,.,.,.,.,.,.,.,.,.,.,.,.,.,.,.,.,.,.,.,.,.,.,.,.,.,.,.
,2009-02-01 00:00:00,.,.,.,.,.,.,.,.,.,.,.,.,.,.,.,.,.,.,.,.,.,.,.,.,.,.,.,.,.,.,.,.,.,.,.,.,.,.,.,.,.,.,.,.,.,.,.,.,.,.,.,.,.,.
,2009-03-01 00:00:00,.,.,.,.,.,.,.,.,.,.,.,.,.,.,.,.,.,.,.,.,.,.,.,.,.,.,.,.,.,.,.,.,.,.,.,.,.,.,.,.,.,.,.,.,.,.,.,.,.,.,.,.,.,.
,2009-04-01 00:00:00,.,.,.,.,.,.,.,.,.,.,.,.,.,.,.,.,.,.,.,.,.,.,.,.,.,.,.,.,.,.,.,.,.,.,.,.,.,.,.,.,.,.,.,.,.,.,.,.,.,.,.,.,.,.
,2009-05-01 00:00:00,.,.,.,.,.,.,.,.,.,.,.,.,.,.,.,.,.,.,.,.,.,.,.,.,.,.,.,.,.,.,.,.,.,.,.,.,.,.,.,.,.,.,.,.,.,.,.,.,.,.,.,.,.,.
,2009-06-01 00:00:00,.,.,.,.,.,.,.,.,.,.,.,.,.,.,.,.,.,.,.,.,.,.,.,.,.,.,.,.,.,.,.,.,.,.,.,.,.,.,.,.,.,.,.,.,.,.,.,.,.,.,.,.,.,.
,2009-07-01 00:00:00,.,.,.,.,.,.,.,.,.,.,.,.,.,.,.,.,.,.,.,.,.,.,.,.,.,.,.,.,.,.,.,.,.,.,.,.,.,.,.,.,.,.,.,.,.,.,.,.,.,.,.,.,.,.
,2009-08-01 00:00:00,.,.,.,.,.,.,.,.,.,.,.,.,.,.,.,.,.,.,.,.,.,.,.,.,.,.,.,.,.,.,.,.,.,.,.,.,.,.,.,.,.,.,.,.,.,.,.,.,.,.,.,.,.,.
,2009-09-01 00:00:00,.,.,.,.,.,.,.,.,.,.,.,.,.,.,.,.,.,.,.,.,.,.,.,.,.,.,.,.,.,.,.,.,.,.,.,.,.,.,.,.,.,.,.,.,.,.,.,.,.,.,.,.,.,.
,2009-10-01 00:00:00,.,.,.,.,.,.,.,.,.,.,.,.,.,.,.,.,.,.,.,.,.,.,.,.,.,.,.,.,.,.,.,.,.,.,.,.,.,.,.,.,.,.,.,.,.,.,.,.,.,.,.,.,.,.
,2009-11-01 00:00:00,.,.,.,.,.,.,.,.,.,.,.,.,.,.,.,.,.,.,.,.,.,.,.,.,.,.,.,.,.,.,.,.,.,.,.,.,.,.,.,.,.,.,.,.,.,.,.,.,.,.,.,.,.,.
,2009-12-01 00:00:00,.,.,.,.,.,.,.,.,.,.,.,.,.,.,.,.,.,.,.,.,.,.,.,.,.,.,.,.,.,.,.,.,.,.,.,.,.,.,.,.,.,.,.,.,.,.,.,.,.,.,.,.,.,.
,2010-01-01 00:00:00,.,.,.,.,.,.,.,.,.,.,.,.,.,.,.,.,.,.,.,.,.,.,.,.,.,.,.,.,.,.,.,.,.,.,.,.,.,.,.,.,.,.,.,.,.,.,.,.,.,.,.,.,.,.
,2010-02-01 00:00:00,.,.,.,.,.,.,.,.,.,.,.,.,.,.,.,.,.,.,.,.,.,.,.,.,.,.,.,.,.,.,.,.,.,.,.,.,.,.,.,.,.,.,.,.,.,.,.,.,.,.,.,.,.,.
,2010-03-01 00:00:00,.,.,.,.,.,.,.,.,.,.,.,.,.,.,.,.,.,.,.,.,.,.,.,.,.,.,.,.,.,.,.,.,.,.,.,.,.,.,.,.,.,.,.,.,.,.,.,.,.,.,.,.,.,.
,2010-04-01 00:00:00,.,.,.,.,.,.,.,.,.,.,.,.,.,.,.,.,.,.,.,.,.,.,.,.,.,.,.,.,.,.,.,.,.,.,.,.,.,.,.,.,.,.,.,.,.,.,.,.,.,.,.,.,.,.
,2010-05-01 00:00:00,.,.,.,.,.,.,.,.,.,.,.,.,.,.,.,.,.,.,.,.,.,.,.,.,.,.,.,.,.,.,.,.,.,.,.,.,.,.,.,.,.,.,.,.,.,.,.,.,.,.,.,.,.,.
,2010-06-01 00:00:00,.,.,.,.,.,.,.,.,.,.,.,.,.,.,.,.,.,.,.,.,.,.,.,.,.,.,.,.,.,.,.,.,.,.,.,.,.,.,.,.,.,.,.,.,.,.,.,.,.,.,.,.,.,.
,2010-07-01 00:00:00,.,.,.,.,.,.,.,.,.,.,.,.,.,.,.,.,.,.,.,.,.,.,.,.,.,.,.,.,.,.,.,.,.,.,.,.,.,.,.,.,.,.,.,.,.,.,.,.,.,.,.,.,.,.
,2010-08-01 00:00:00,.,.,.,.,.,.,.,.,.,.,.,.,.,.,.,.,.,.,.,.,.,.,.,.,.,.,.,.,.,.,.,.,.,.,.,.,.,.,.,.,.,.,.,.,.,.,.,.,.,.,.,.,.,.
,2010-09-01 00:00:00,.,.,.,.,.,.,.,.,.,.,.,.,.,.,.,.,.,.,.,.,.,.,.,.,.,.,.,.,.,.,.,.,.,.,.,.,.,.,.,.,.,.,.,.,.,.,.,.,.,.,.,.,.,.
,2010-10-01 00:00:00,.,.,.,.,.,.,.,.,.,.,.,.,.,.,.,.,.,.,.,.,.,.,.,.,.,.,.,.,.,.,.,.,.,.,.,.,.,.,.,.,.,.,.,.,.,.,.,.,.,.,.,.,.,.
,2010-11-01 00:00:00,.,.,.,.,.,.,.,.,.,.,.,.,.,.,.,.,.,.,.,.,.,.,.,.,.,.,.,.,.,.,.,.,.,.,.,.,.,.,.,.,.,.,.,.,.,.,.,.,.,.,.,.,.,.
,2010-12-01 00:00:00,.,.,.,.,.,.,.,.,.,.,.,.,.,.,.,.,.,.,.,.,.,.,.,.,.,.,.,.,.,.,.,.,.,.,.,.,.,.,.,.,.,.,.,.,.,.,.,.,.,.,.,.,.,.
,2011-01-01 00:00:00,.,.,.,.,.,.,.,.,.,.,.,.,.,.,.,.,.,.,.,.,.,.,.,.,.,.,.,.,.,.,.,.,.,.,.,.,.,.,.,.,.,.,.,.,.,.,.,.,.,.,.,.,.,.
,2011-02-01 00:00:00,.,.,.,.,.,.,.,.,.,.,.,.,.,.,.,.,.,.,.,.,.,.,.,.,.,.,.,.,.,.,.,.,.,.,.,.,.,.,.,.,.,.,.,.,.,.,.,.,.,.,.,.,.,.
,2011-03-01 00:00:00,.,.,.,.,.,.,.,.,.,.,.,.,.,.,.,.,.,.,.,.,.,.,.,.,.,.,.,.,.,.,.,.,.,.,.,.,.,.,.,.,.,.,.,.,.,.,.,.,.,.,.,.,.,.
,2011-04-01 00:00:00,.,.,.,.,.,.,.,.,.,.,.,.,.,.,.,.,.,.,.,.,.,.,.,.,.,.,.,.,.,.,.,.,.,.,.,.,.,.,.,.,.,.,.,.,.,.,.,.,.,.,.,.,.,.
,2011-05-01 00:00:00,.,.,.,.,.,.,.,.,.,.,.,.,.,.,.,.,.,.,.,.,.,.,.,.,.,.,.,.,.,.,.,.,.,.,.,.,.,.,.,.,.,.,.,.,.,.,.,.,.,.,.,.,.,.
,2011-06-01 00:00:00,.,.,.,.,.,.,.,.,.,.,.,.,.,.,.,.,.,.,.,.,.,.,.,.,.,.,.,.,.,.,.,.,.,.,.,.,.,.,.,.,.,.,.,.,.,.,.,.,.,.,.,.,.,.
,2011-07-01 00:00:00,.,.,.,.,.,.,.,.,.,.,.,.,.,.,.,.,.,.,.,.,.,.,.,.,.,.,.,.,.,.,.,.,.,.,.,.,.,.,.,.,.,.,.,.,.,.,.,.,.,.,.,.,.,.
,2011-08-01 00:00:00,.,.,.,.,.,.,.,.,.,.,.,.,.,.,.,.,.,.,.,.,.,.,.,.,.,.,.,.,.,.,.,.,.,.,.,.,.,.,.,.,.,.,.,.,.,.,.,.,.,.,.,.,.,.
,2011-09-01 00:00:00,.,.,.,.,.,.,.,.,.,.,.,.,.,.,.,.,.,.,.,.,.,.,.,.,.,.,.,.,.,.,.,.,.,.,.,.,.,.,.,.,.,.,.,.,.,.,.,.,.,.,.,.,.,.
,2011-10-01 00:00:00,.,.,.,.,.,.,.,.,.,.,.,.,.,.,.,.,.,.,.,.,.,.,.,.,.,.,.,.,.,.,.,.,.,.,.,.,.,.,.,.,.,.,.,.,.,.,.,.,.,.,.,.,.,.
,2011-11-01 00:00:00,.,.,.,.,.,.,.,.,.,.,.,.,.,.,.,.,.,.,.,.,.,.,.,.,.,.,.,.,.,.,.,.,.,.,.,.,.,.,.,.,.,.,.,.,.,.,.,.,.,.,.,.,.,.
,2011-12-01 00:00:00,.,.,.,.,.,.,.,.,.,.,.,.,.,.,.,.,.,.,.,.,.,.,.,.,.,.,.,.,.,.,.,.,.,.,.,.,.,.,.,.,.,.,.,.,.,.,.,.,.,.,.,.,.,.
,2012-01-01 00:00:00,.,.,.,.,.,.,.,.,.,.,.,.,.,.,.,.,.,.,.,.,.,.,.,.,.,.,.,.,.,.,.,.,.,.,.,.,.,.,.,.,.,.,.,.,.,.,.,.,.,.,.,.,.,.
,2012-02-01 00:00:00,.,.,.,.,.,.,.,.,.,.,.,.,.,.,.,.,.,.,.,.,.,.,.,.,.,.,.,.,.,.,.,.,.,.,.,.,.,.,.,.,.,.,.,.,.,.,.,.,.,.,.,.,.,.
,2012-03-01 00:00:00,.,.,.,.,.,.,.,.,.,.,.,.,.,.,.,.,.,.,.,.,.,.,.,.,.,.,.,.,.,.,.,.,.,.,.,.,.,.,.,.,.,.,.,.,.,.,.,.,.,.,.,.,.,.
,2012-04-01 00:00:00,.,.,.,.,.,.,.,.,.,.,.,.,.,.,.,.,.,.,.,.,.,.,.,.,.,.,.,.,.,.,.,.,.,.,.,.,.,.,.,.,.,.,.,.,.,.,.,.,.,.,.,.,.,.
,2012-05-01 00:00:00,.,.,.,.,.,.,.,.,.,.,.,.,.,.,.,.,.,.,.,.,.,.,.,.,.,.,.,.,.,.,.,.,.,.,.,.,.,.,.,.,.,.,.,.,.,.,.,.,.,.,.,.,.,.
,2012-06-01 00:00:00,.,.,.,.,.,.,.,.,.,.,.,.,.,.,.,.,.,.,.,.,.,.,.,.,.,.,.,.,.,.,.,.,.,.,.,.,.,.,.,.,.,.,.,.,.,.,.,.,.,.,.,.,.,.
,2012-07-01 00:00:00,.,.,.,.,.,.,.,.,.,.,.,.,.,.,.,.,.,.,.,.,.,.,.,.,.,.,.,.,.,.,.,.,.,.,.,.,.,.,.,.,.,.,.,.,.,.,.,.,.,.,.,.,.,.
,2012-08-01 00:00:00,.,.,.,.,.,.,.,.,.,.,.,.,.,.,.,.,.,.,.,.,.,.,.,.,.,.,.,.,.,.,.,.,.,.,.,.,.,.,.,.,.,.,.,.,.,.,.,.,.,.,.,.,.,.
,2012-09-01 00:00:00,.,.,.,.,.,.,.,.,.,.,.,.,.,.,.,.,.,.,.,.,.,.,.,.,.,.,.,.,.,.,.,.,.,.,.,.,.,.,.,.,.,.,.,.,.,.,.,.,.,.,.,.,.,.
,2012-10-01 00:00:00,.,.,.,.,.,.,.,.,.,.,.,.,.,.,.,.,.,.,.,.,.,.,.,.,.,.,.,.,.,.,.,.,.,.,.,.,.,.,.,.,.,.,.,.,.,.,.,.,.,.,.,.,.,.
,2012-11-01 00:00:00,.,.,.,.,.,.,.,.,.,.,.,.,.,.,.,.,.,.,.,.,.,.,.,.,.,.,.,.,.,.,.,.,.,.,.,.,.,.,.,.,.,.,.,.,.,.,.,.,.,.,.,.,.,.
,2012-12-01 00:00:00,100,100,100,100,100,.,.,.,.,.,.,.,.,.,.,3023.573836167487,2834.8561492457,3058.2365584663717,3554.6590481451517,3324.038114270277,.,.,.,.,.,.,.,.,.,.,.,.,.,.,.,.,.,.,.,.,.,.,.,.,.,.,.,.,.,.,.,.,.,.
,2013-01-01 00:00:00,101.18651282207894,101.16589773736202,101.33173632124122,100.53578829170118,102.55817939979704,0.011865128220789296,0.011658977373620183,0.013317363212412173,0.005357882917011688,0.02558179399797033,.,.,.,.,.,3059.4489274186385,2867.9076729472235,3098.9642055049458,3573.7044951350103,3409.0729725509414,.,.,.,.,.,.,.,.,.,.,.,.,.,.,.,.,.,.,.,.,.,.,.,.,.,.,.,.,.,.,.,.,.,.
,2013-02-01 00:00:00,102.67083216057092,102.53444530656397,103.03425912734694,101.35038235412519,106.73975475689016,0.014669142132627254,0.013527755892156946,0.016801476693425865,0.008102528226669774,0.040772714390651534,.,.,.,.,.,3104.3284185824564,2906.7040278680975,3151.0313803774984,3602.6605366806184,3548.0701311976504,.,.,.,.,.,.,.,.,.,.,.,.,.,.,.,.,.,.,.,.,.,.,.,.,.,.,.,.,.,.,.,.,.,.
,2013-03-01 00:00:00,103.66716551092145,103.5326527969159,104.12425007905969,101.88032202720599,108.38225078852385,0.009704151893814534,0.009735338084362007,0.010578917740026231,0.0052287880989848,0.015387856524259577,.,.,.,.,.,3134.453293084666,2935.0017742905707,3184.365882146753,3621.4980852194963,3602.667325314531,.,.,.,.,.,.,.,.,.,.,.,.,.,.,.,.,.,.,.,.,.,.,.,.,.,.,.,.,.,.,.,.,.,.
,2013-04-01 00:00:00,104.69895714635227,104.50203349314779,105.24827803695715,102.77262196214615,109.24598792720586,0.009952926081712117,0.009363043156378766,0.01079506413773933,0.008758314826506776,0.007969359672806054,.,.,.,.,.,3165.650275017317,2962.4823225673013,3218.741316082556,3653.2163055934398,3631.3782770114285,.,.,.,.,.,.,.,.,.,.,.,.,.,.,.,.,.,.,.,.,.,.,.,.,.,.,.,.,.,.,.,.,.,.
,2013-05-01 00:00:00,105.48528419255908,105.22019702373646,106.04740253369388,103.82552275116586,109.41656022562645,0.007510361780467853,0.006872244554320112,0.0075927560207315805,0.010244954044351655,0.0015613598417384819,.,.,.,.,.,3189.4254538531345,2982.8412255758344,3243.180433589419,3690.643338758321,3637.048165223316,.,.,.,.,.,.,.,.,.,.,.,.,.,.,.,.,.,.,.,.,.,.,.,.,.,.,.,.,.,.,.,.,.,.
,2013-06-01 00:00:00,106.65295317358114,106.41813171047207,107.22740821143421,104.91021201701685,109.14158648221459,0.011069496470147568,0.011385026075035512,0.01112715304238974,0.010447231442798499,-0.002513090731831168,.,.,.,.,.,3224.730787656361,3016.8009507067063,3279.2677986180524,3729.200343891152,3627.9079331880703,.,.,.,.,.,.,.,.,.,.,.,.,.,.,.,.,.,.,.,.,.,.,.,.,.,.,.,.,.,.,.,.,.,.
,2013-07-01 00:00:00,107.49141896630098,107.46986377658354,107.9124608954804,105.6141735760947,108.97549287975781,0.007861627529011895,0.009883015696731829,0.006388783385450972,0.0067101337948269795,-0.001521817739783752,.,.,.,.,.,3250.0824199902527,3046.6160418564564,3300.2183302463077,3754.2237771463765,3622.386918537042,.,.,.,.,.,.,.,.,.,.,.,.,.,.,.,.,.,.,.,.,.,.,.,.,.,.,.,.,.,.,.,.,.,.
,2013-08-01 00:00:00,108.07306458875213,108.43400168984853,108.19724425763951,105.9876475888211,108.69661801537332,0.005411088885462694,0.008971239744653418,0.002639022035045179,0.0035362110981941716,-0.0025590603631608037,.,.,.,.,.,3267.668904849899,3073.947964777858,3308.927679140287,3767.4995049322265,3613.1170117537818,.,.,.,.,.,.,.,.,.,.,.,.,.,.,.,.,.,.,.,.,.,.,.,.,.,.,.,.,.,.,.,.,.,.
,2013-09-01 00:00:00,108.49855023705112,109.08964834468945,108.4289391260726,106.33045341333876,108.97071154535429,0.003937018441348855,0.006046504275626064,0.002141411918785958,0.003234394123431761,0.00252163806920093,.,.,.,.,.,3280.5337775885146,3092.5346042899396,3316.0134563107986,3779.685083191012,3622.227985159098,.,.,.,.,.,.,.,.,.,.,.,.,.,.,.,.,.,.,.,.,.,.,.,.,.,.,.,.,.,.,.,.,.,.
,2013-10-01 00:00:00,108.77543175899108,109.62449857833332,108.42731687668503,106.78646224850804,109.07759461068278,0.0025519375266767775,0.004902850469862274,-1.4961406066021541e-05,0.004288600495256394,0.0009808421346684318,.,.,.,.,.,3288.9054948430735,3107.6968390276475,3315.963844086958,3795.8946425106983,3625.780818988317,.,.,.,.,.,.,.,.,.,.,.,.,.,.,.,.,.,.,.,.,.,.,.,.,.,.,.,.,.,.,.,.,.,.
,2013-11-01 00:00:00,109.54149917968515,110.54165194719259,109.0826053933667,107.48240174800101,108.89572659347314,0.00704265116034113,0.008366317572745153,0.006043574032427172,0.006517113544537115,-0.0016673269873501673,.,.,.,.,.,3312.0681089425825,3133.6968177027684,3336.004117067549,3820.632918899041,3619.735456778601,.,.,.,.,.,.,.,.,.,.,.,.,.,.,.,.,.,.,.,.,.,.,.,.,.,.,.,.,.,.,.,.,.,.
,2013-12-01 00:00:00,110.3652549199066,111.53055893141948,109.79249905956536,108.16459282809087,109.17240564015614,0.007520033470330889,0.008946012356494495,0.00650785396662159,0.00634700256967919,0.0025407704722508577,0.10365254919906608,0.11530558931419477,0.09792499059565363,0.08164592828090877,0.09172405640156134,3336.974971977846,3161.7309081554445,3357.7143446934733,3844.8824858530947,3628.932373744544,.,.,.,.,.,.,.,.,.,.,.,.,.,.,.,.,.,.,.,.,.,.,.,.,.,.,.,.,.,.,.,.,.,.
,2014-01-01 00:00:00,111.19458529453512,112.22141532929275,110.74249103799058,109.06212337373582,109.54946446694038,0.007514415431109819,0.006194323820237301,0.008652612761003167,0.008297822070771512,0.0034537924173536475,0.09890717837123053,0.10928107039223933,0.09287075360986052,0.08480895437250435,0.06816896622052537,3362.050388200503,3181.3156932330126,3386.7673466801716,3876.786636603729,3641.4659528600723,.,.,.,.,.,.,.,.,.,.,.,.,.,.,.,.,.,.,.,.,.,.,.,.,.,.,.,.,.,.,.,.,.,.
,2014-02-01 00:00:00,111.98842030021137,113.06263901369844,111.50120462545785,109.7401507144927,111.46731507299594,0.007139151637406782,0.0074961065313360765,0.006851151535023497,0.006216891068894781,0.01750670909609367,0.09075204655075075,0.10267957929314986,0.08217602154683368,0.08277983926151444,0.044290530054835076,3386.0525757344694,3205.163174579299,3409.9706029861472,3900.8881968208416,3705.2160379801226,.,.,.,.,.,.,.,.,.,.,.,.,.,.,.,.,.,.,.,.,.,.,.,.,.,.,.,.,.,.,.,.,.,.
,2014-03-01 00:00:00,112.75855933198069,113.89684688852044,112.18821497738625,110.55990590304067,113.04026771719117,0.006876952364403168,0.00737828058940778,0.006161461252693474,0.007469965944193948,0.014111335176281607,0.08769791067646637,0.1001055590832236,0.07744559881299251,0.08519391873846738,0.04297767295639643,3409.33829800116,3228.811767816182,3430.98100472927,3930.0276988032015,3757.501583392594,.,.,.,.,.,.,.,.,.,.,.,.,.,.,.,.,.,.,.,.,.,.,.,.,.,.,.,.,.,.,.,.,.,.
,2014-04-01 00:00:00,113.35657359392188,114.55373810494636,112.7708457686511,110.93975965437437,114.27584306436971,0.005303493282319531,0.005767422315640407,0.005193333287121944,0.003435727881921375,0.010930400043546904,0.08269057002609537,0.09618668915622264,0.07147449698941832,0.07946802890011306,0.04604155477558969,3427.419700761764,3247.4336888588873,3448.799232588613,3943.530204544704,3798.5725788633363,.,.,.,.,.,.,.,.,.,.,.,.,.,.,.,.,.,.,.,.,.,.,.,.,.,.,.,.,.,.,.,.,.,.
,2014-05-01 00:00:00,113.0328810122867,114.31956746305985,112.31107785069332,110.83163312213729,114.21172083794369,-0.0028555254571716085,-0.0020441990437009725,-0.004077010461560119,-0.000974641846835995,-0.0005611179467729479,0.0715511824943258,0.0864793138267046,0.05906486313994641,0.06747965418640534,0.04382481593672094,3417.6326165538276,3240.7952880176395,3434.7384420375283,3939.686674983093,3796.441131617217,.,.,.,.,.,.,.,.,.,.,.,.,.,.,.,.,.,.,.,.,.,.,.,.,.,.,.,.,.,.,.,.,.,.
,2014-06-01 00:00:00,112.80053003652218,114.19112055529601,111.95285950407593,110.70664666085084,114.2903588315754,-0.0020556051804010707,-0.0011235776220492604,-0.0031895192662438282,-0.0011277146944926979,0.0006885282268295369,0.057640943640216546,0.07304195929666979,0.04406943496502258,0.05525138623200743,0.04717516498809404,3410.6073132425317,3237.15400295438,3423.7832776021414,3935.2438324280174,3799.0550884978325,.,.,.,.,.,.,.,.,.,.,.,.,.,.,.,.,.,.,.,.,.,.,.,.,.,.,.,.,.,.,.,.,.,.
,2014-07-01 00:00:00,113.15079004816295,114.70079900347282,112.10649108737933,111.23815808755046,115.10357927942479,0.003105127356470368,0.0044633807400988445,0.001372288157568537,0.004801079634612345,0.007115389750834436,0.052649515061627294,0.06728337575565835,0.038865114900503483,0.05325028186111491,0.056233619483865294,3421.1976833130593,3251.6026537839,3428.4816948480766,3954.137251449121,3826.0868461373857,.,.,.,.,.,.,.,.,.,.,.,.,.,.,.,.,.,.,.,.,.,.,.,.,.,.,.,.,.,.,.,.,.,.
,2014-08-01 00:00:00,114.30817979615348,115.77057738402377,113.28768492465417,112.59346329623764,117.13842918394916,0.01022873766500344,0.009326686386191128,0.010536355440419407,0.012183815625753906,0.0176784242267965,0.05769351716940463,0.06765936495786518,0.04704778482983629,0.062326279124939044,0.07766397264891789,3456.192216915786,3281.92933198825,3464.6053966059676,4002.313730679702,3893.726032531968,.,.,.,.,.,.,.,.,.,.,.,.,.,.,.,.,.,.,.,.,.,.,.,.,.,.,.,.,.,.,.,.,.,.
,2014-09-01 00:00:00,115.52591620417107,117.07310009900655,114.40357547530469,113.89560679424534,118.60068119034531,0.01065309945612984,0.01125089590477016,0.009850060502098542,0.011565000843625422,0.012483110936206122,0.0647692153652406,0.07318248683955675,0.055101861157981435,0.07114757003338013,0.08837209107314092,3493.0113763420914,3318.8539772692616,3498.7319693784334,4048.600492351466,3942.3318465512584,.,.,.,.,.,.,.,.,.,.,.,.,.,.,.,.,.,.,.,.,.,.,.,.,.,.,.,.,.,.,.,.,.,.
,2014-10-01 00:00:00,115.8936608450799,117.85138516389348,114.42087246676272,114.05388186952176,119.93683975001976,0.0031832220249084987,0.006647855606700111,0.00015119275237825277,0.001389650397686982,0.011266027701223666,0.06543967668968098,0.07504605897632954,0.05527717334271198,0.06805562679004518,0.09955523110035158,3504.130407088519,3340.9172392898695,3499.2609522947178,4054.226631635738,3986.746266341922,.,.,.,.,.,.,.,.,.,.,.,.,.,.,.,.,.,.,.,.,.,.,.,.,.,.,.,.,.,.,.,.,.,.
,2014-11-01 00:00:00,115.93915633199423,118.34177008535671,114.18749672961894,113.51562131943459,119.6833785224827,0.00039256234191377534,0.0041610450380473755,-0.0020396255692908165,-0.0047193531799552884,-0.0021132891950907742,0.05840395831916401,0.07056270646190765,0.046798399413392255,0.05613216185454095,0.09906405206589741,3505.5059967274974,3354.818946390944,3492.1237701827963,4035.0933042894685,3978.3211185336927,.,.,.,.,.,.,.,.,.,.,.,.,.,.,.,.,.,.,.,.,.,.,.,.,.,.,.,.,.,.,.,.,.,.
,2014-12-01 00:00:00,116.03319570320133,118.56581610317474,114.19806667525096,113.38894219049456,120.56685745741817,0.0008111096732307354,0.0018932116500914387,9.256657633049665e-05,-0.001115962080527665,0.00738180143176279,0.05135620614846603,0.06307918869196438,0.040126307839076114,0.04829999564373977,0.10437117099736115,3508.349346551012,3361.1703287041983,3492.447024124325,4030.5902931704904,4007.6882950624968,.,.,.,.,.,.,.,.,.,.,.,.,.,.,.,.,.,.,.,.,.,.,.,.,.,.,.,.,.,.,.,.,.,.
,2015-01-01 00:00:00,116.22119886336488,119.09471913542035,114.19289977783089,113.2306821694999,118.8396285871512,0.0016202532303293802,0.004460839132464277,-4.5245051606346005e-05,-0.0013957271135732253,-0.014325901053504663,0.04520556064411885,0.061247702018007555,0.03115704466731417,0.03822187453181347,0.0848033732105955,3514.0337609128846,3376.1639688373602,3492.289008178486,4024.9646890146073,3950.274549094143,.,.,.,.,.,.,.,.,.,.,.,.,.,.,.,.,.,.,.,.,.,.,.,.,.,.,.,.,.,.,.,.,.,.
,2015-02-01 00:00:00,116.18289703105977,118.89167626416209,114.19880523334677,113.62603147629004,119.25032212113814,-0.00032955977635495406,-0.0017048855963746612,5.17147346935443e-05,0.0034915386820536846,0.003455863493260254,0.03745455753018123,0.05155582163403594,0.024193466043263,0.03540983620395344,0.06982322165959931,3512.8756767325344,3370.4079955158904,3492.4696109780166,4039.018008920202,3963.9261586967123,.,.,.,.,.,.,.,.,.,.,.,.,.,.,.,.,.,.,.,.,.,.,.,.,.,.,.,.,.,.,.,.,.,.
,2015-03-01 00:00:00,115.85022585173817,118.09259966993878,114.19462561648791,113.66314094155518,119.56499869884485,-0.0028633403695610187,-0.006721047421754369,-3.6599479743400394e-05,0.00032659298915051205,0.002638790169363557,0.02741846417756255,0.03683818205718237,0.017884326259278494,0.02806835817349551,0.057720413383817615,3502.817117994097,3347.755323547368,3492.341788407235,4040.337123884968,3974.3861280763645,.,.,.,.,.,.,.,.,.,.,.,.,.,.,.,.,.,.,.,.,.,.,.,.,.,.,.,.,.,.,.,.,.,.
,2015-04-01 00:00:00,116.82348747265941,118.73354086482627,115.3654184974448,114.97647477387932,122.03751166607582,0.008401033435763785,0.005427445891434963,0.010252609303075854,0.011554614991674763,0.02067923718594791,0.030584144957989556,0.036487702880988904,0.02300747778478529,0.03638655007078673,0.06792046677209007,3532.2444017217313,3365.925084423685,3528.14740431658,4087.0216637880294,4056.5734014873965,.,.,.,.,.,.,.,.,.,.,.,.,.,.,.,.,.,.,.,.,.,.,.,.,.,.,.,.,.,.,.,.,.,.
,2015-05-01 00:00:00,117.99238507913512,119.9016554297981,116.5268661278769,116.02139923597855,124.87514772198915,0.010005672932416762,0.00983811782638319,0.010067554433201528,0.009088158809480495,0.023252162529155743,0.04387664918767609,0.048828805869493674,0.03753670927090602,0.046825675735754135,0.09336543400108588,3567.586883922719,3399.0394519990236,3563.667220357896,4124.165165726322,4150.897505530232,.,.,.,.,.,.,.,.,.,.,.,.,.,.,.,.,.,.,.,.,.,.,.,.,.,.,.,.,.,.,.,.,.,.
,2015-06-01 00:00:00,118.77114616313928,121.11288607606404,117.07054751193107,116.24963907138856,123.79080172366794,0.006600096128931226,0.01010186758409784,0.004665717032650028,0.0019672218824544683,-0.008683441165853907,0.052930745313731764,0.06061561956050898,0.045712883355773615,0.050069192570872945,0.08312549710420392,3591.133300304923,3433.3760984562423,3580.294283206617,4132.278313687195,4114.85343125547,.,.,.,.,.,.,.,.,.,.,.,.,.,.,.,.,.,.,.,.,.,.,.,.,.,.,.,.,.,.,.,.,.,.
,2015-07-01 00:00:00,119.62832176368387,122.13437960927952,117.80383460643118,116.77763973935376,126.8060306178106,0.007217035687836314,0.008434226664980301,0.0062636342793680804,0.00454195533149959,0.024357455094873727,0.057246897814533515,0.06480844658790597,0.0508208174548177,0.04979839424744359,0.1016688743447065,3617.050637493001,3462.3339706967486,3602.719937209135,4151.046937205287,4215.080788929263,.,.,.,.,.,.,.,.,.,.,.,.,.,.,.,.,.,.,.,.,.,.,.,.,.,.,.,.,.,.,.,.,.,.
,2015-08-01 00:00:00,120.24981324432574,122.7010361460553,118.46985322862064,117.3234071616516,128.48805184384497,0.005195186820973461,0.004639615303967418,0.005653624301912985,0.004673560996060334,0.013264520763242851,0.05197907497755638,0.05986373151653579,0.04574343899262345,0.04200904499197522,0.09689068514033816,3635.841891295698,3478.3978683746395,3623.0883621991265,4170.447108263826,4270.991815572762,.,.,.,.,.,.,.,.,.,.,.,.,.,.,.,.,.,.,.,.,.,.,.,.,.,.,.,.,.,.,.,.,.,.
,2015-09-01 00:00:00,120.776941178621,123.28130749353397,119.08962438991823,117.35257651761232,127.57422879836147,0.0043836070932120885,0.004729147900495015,0.005231467283930587,0.00024862349863851417,-0.0071121246868470715,0.045453220774892555,0.053028470154777185,0.04096068584521717,0.03035209013471496,0.07566185554713867,3651.7799936001798,3494.8477263509494,3642.0424304327607,4171.483979414769,4240.6159892439055,.,.,.,.,.,.,.,.,.,.,.,.,.,.,.,.,.,.,.,.,.,.,.,.,.,.,.,.,.,.,.,.,.,.
,2015-10-01 00:00:00,121.13286075071743,123.57634288300456,119.59436091901448,117.2370462272464,128.45190844705832,0.0029469165937068614,0.002393188354901741,0.0042382913850131975,-0.000984471698826189,0.006879756648061328,0.04520695840854483,0.04857777200623903,0.04521455168727684,0.027909303090325244,0.07099627366192252,3662.5414846598865,3503.2115552318073,3657.4784674895163,4167.377271494928,4269.790395287782,.,.,.,.,.,.,.,.,.,.,.,.,.,.,.,.,.,.,.,.,.,.,.,.,.,.,.,.,.,.,.,.,.,.
,2015-11-01 00:00:00,121.5343327636449,123.97025804716287,120.05933166817232,117.32461105403823,129.44937376377123,0.00331431133087556,0.0031876260048515582,0.003887898606462739,0.0007469040683787357,0.007765282188267661,0.04825959243336886,0.04756129604742676,0.05142274860843221,0.033554762686671014,0.08159859256859114,3674.680287402296,3514.3784834857606,3671.6983729264366,4170.489902533476,4302.946522591947,.,.,.,.,.,.,.,.,.,.,.,.,.,.,.,.,.,.,.,.,.,.,.,.,.,.,.,.,.,.,.,.,.,.
,2015-12-01 00:00:00,121.68760012771018,123.98830246774612,120.10535747250715,118.40704549364004,130.7810948699035,0.0012611034312694242,0.0001455544327121931,0.0003833588251350731,0.009225979356567058,0.010287582453372761,0.04873092040808835,0.04573397748852659,0.051728465894742115,0.044255667318203074,0.08471845105602771,3679.3144393215575,3514.8900168522605,3673.1059509009324,4208.966756281022,4347.213439735566,.,.,.,.,.,.,.,.,.,.,.,.,.,.,.,.,.,.,.,.,.,.,.,.,.,.,.,.,.,.,.,.,.,.
,2016-01-01 00:00:00,121.72358903590803,123.83467901554853,120.11639651066618,119.34555050017441,130.85967869104988,0.00029574836022788526,-0.0012390156905128969,9.191128848328454e-05,0.007926090906345348,0.0006008805877068624,0.04734411816739237,0.039799916524749124,0.05187272364884166,0.05400363411677489,0.10114513354511012,3680.40259053375,3510.535012970953,3673.443550801615,4242.327409413091,4349.825595902121,.,.,.,.,.,.,.,.,.,.,.,.,.,.,.,.,.,.,.,.,.,.,.,.,.,.,.,.,.,.,.,.,.,.
,2016-02-01 00:00:00,121.81510657806957,123.95658003886561,120.04521010311238,120.0452677988062,131.16598174569373,0.0007518472211212285,0.0009843851842323652,-0.0005926452143232405,0.0058629525415844095,0.002340698507804082,0.04847709680973189,0.04260099557726771,0.051194974043900165,0.05649441628044216,0.09992140409022365,3683.1696909940497,3513.990731626451,3671.266502061146,4267.199973680343,4360.007226183657,.,.,.,.,.,.,.,.,.,.,.,.,.,.,.,.,.,.,.,.,.,.,.,.,.,.,.,.,.,.,.,.,.,.
,2016-03-01 00:00:00,122.65458817357337,124.66031992171804,121.00917711632361,120.93629194181457,131.0983548200064,0.0068914407997974795,0.005677309608185249,0.008030033121548475,0.007422401227024708,-0.0005155828118485552,0.058734130829777076,0.05561500271935427,0.05967488805227794,0.06398865049839864,0.09646097308302792,3708.552036875144,3533.9407449701876,3700.7468936707282,4298.872844000948,4357.7592813983,.,.,.,.,.,.,.,.,.,.,.,.,.,.,.,.,.,.,.,.,.,.,.,.,.,.,.,.,.,.,.,.,.,.
,2016-04-01 00:00:00,123.06445565410647,125.06222608937223,121.40132280526802,121.32178506692274,133.5360574879773,0.0033416400204537696,0.003224010398068673,0.0032406276803902045,0.0031875718935854176,0.018594456591905974,0.053422204014476504,0.05330157913635314,0.052319875283570516,0.0551879008773104,0.0942214050821053,3720.944682779502,3545.33420667813,3712.739636492476,4312.575810252583,4438.789447194237,.,.,.,.,.,.,.,.,.,.,.,.,.,.,.,.,.,.,.,.,.,.,.,.,.,.,.,.,.,.,.,.,.,.
,2016-05-01 00:00:00,123.47517616005914,125.0195020537223,122.02574534280667,122.36363792762934,137.9701183800845,0.003337442186451075,-0.0003416222226797293,0.005143457444366018,0.00858751674426734,0.03320497081851033,0.046467329881049624,0.042683702786077804,0.04718979749181007,0.05466438720283984,0.10486450584425988,3733.3631205372617,3544.1230417263023,3731.8359548147864,4349.610127234049,4586.179321257833,.,.,.,.,.,.,.,.,.,.,.,.,.,.,.,.,.,.,.,.,.,.,.,.,.,.,.,.,.,.,.,.,.,.
,2016-06-01 00:00:00,123.4408926054206,124.62735788697603,122.1101050455535,122.91236319846423,143.26537175742942,-0.00027765544220881413,-0.0031366639628573325,0.0006913270843774469,0.0044843817994314715,0.03837971177757045,0.039317179240378364,0.029018149304977703,0.04304718514371708,0.05731393387797201,0.15731839331030106,3732.326531949103,3533.006318701387,3734.4158740848034,4369.11543972324,4762.195561767962,.,.,.,.,.,.,.,.,.,.,.,.,.,.,.,.,.,.,.,.,.,.,.,.,.,.,.,.,.,.,.,.,.,.
,2016-07-01 00:00:00,123.0914389457691,123.83480367837761,121.96913571048213,123.34792301271904,144.43154968867253,-0.002830939182921496,-0.0063593918866288466,-0.001154444466481813,0.003543661539982799,0.008139984679742657,0.028948974047519727,0.013922566885244958,0.03535794159813843,0.05626319634503707,0.13899590567569042,3721.7605425263505,3510.5385469828293,3730.104698343424,4384.598106070733,4800.959760682692,.,.,.,.,.,.,.,.,.,.,.,.,.,.,.,.,.,.,.,.,.,.,.,.,.,.,.,.,.,.,.,.,.,.
,2016-08-01 00:00:00,122.8652366006375,123.63752915478887,121.72270020834563,123.12228298925406,143.80453735121787,-0.0018376773158956497,-0.0015930458782904824,-0.002020474283932514,-0.0018292973075980752,-0.004341242192624865,0.021749916159933713,0.007632315407824386,0.02745717067318143,0.0494264185458968,0.1192055236854821,3714.9211476021546,3504.9460980199788,3722.568117724045,4376.577372560398,4780.117631604522,.,.,.,.,.,.,.,.,.,.,.,.,.,.,.,.,.,.,.,.,.,.,.,.,.,.,.,.,.,.,.,.,.,.
,2016-09-01 00:00:00,123.19065876146932,124.12055235367774,122.04394757269914,123.09867638271686,139.86976286330705,0.002648610541398048,0.0039067684560741625,0.0026391738254544933,-0.00019173301504859218,-0.027361963401063148,0.01998492062552404,0.006807559695842569,0.024807561514410326,0.048964411652624884,0.0963794504639286,3724.7605269141563,3518.6391108759635,3732.3926220638136,4375.738238185163,4649.324227915783,.,.,.,.,.,.,.,.,.,.,.,.,.,.,.,.,.,.,.,.,.,.,.,.,.,.,.,.,.,.,.,.,.,.
,2016-10-01 00:00:00,123.30099552670421,124.41082213149663,122.16895967136023,122.6266928956657,136.51142964373116,0.0008956585372964992,0.0023386117150992064,0.0010243203464604944,-0.0038341881563677275,-0.024010430494959475,0.01789881591625786,0.006752742709679627,0.021527760444233435,0.045972214772217024,0.0627434912731919,3728.096640479472,3526.867841521864,3736.215787767573,4358.960834456948,4537.691951692881,.,.,.,.,.,.,.,.,.,.,.,.,.,.,.,.,.,.,.,.,.,.,.,.,.,.,.,.,.,.,.,.,.,.
,2016-11-01 00:00:00,123.53186145312468,124.53917291442339,122.50307458870677,122.82613395957917,136.48391058017944,0.001872376824163381,0.0010316689555437905,0.002734859314881022,0.001626408241174427,-0.0002015879814865212,0.016435920978514762,0.00458912384488297,0.02035446047033318,0.04689146510792197,0.05434199186815181,3735.0770422273467,3530.506401584268,3746.433812317155,4366.050284281066,4536.777207531732,.,.,.,.,.,.,.,.,.,.,.,.,.,.,.,.,.,.,.,.,.,.,.,.,.,.,.,.,.,.,.,.,.,.
,2016-12-01 00:00:00,123.62772703349914,124.4485208068965,122.75798746996291,122.84044735251275,138.4320481317441,0.0007760393087806376,-0.0007279003497894212,0.0020808692525634887,0.00011653377397929877,0.014273752439267918,0.0159435053674557,0.0037117883702786347,0.02208585905972571,0.037442044435699096,0.0585019820292183,3737.975608833439,3527.936544739621,3754.2296512439707,4366.559076598076,4601.534042264153,.,.,.,.,.,.,.,.,.,.,.,.,.,.,.,.,.,.,.,.,.,.,.,.,.,.,.,.,.,.,.,.,.,.
,2017-01-01 00:00:00,124.04279276510474,124.77750600435913,123.10394920667544,123.66147009082626,142.71017236941142,0.0033573838293824727,0.0026435444578172206,0.0028182421677219447,0.006683651484575266,0.030904146080363425,0.019053034400033475,0.0076135941588075795,0.024872147207179784,0.03616322160787666,0.09055878630376046,3750.5254276971627,3537.2628018399982,3764.8099795544185,4395.743635652866,4743.74052250005,.,.,.,.,.,.,.,.,.,.,.,.,.,.,.,.,.,.,.,.,.,.,.,.,.,.,.,.,.,.,.,.,.,.
,2017-02-01 00:00:00,124.29679595430113,124.95021974094952,123.33865762949425,124.24971768989917,144.37329530966468,0.0020477061466794445,0.0013841736553410794,0.0019065872730432481,0.004756919019649825,0.011653849985887425,0.020372591265116036,0.008016030304904831,0.027435059870801748,0.035023870313151795,0.10069160759668216,3758.205401668736,3542.1589878223235,3771.9879183468634,4416.653832158809,4799.023362921242,.,.,.,.,.,.,.,.,.,.,.,.,.,.,.,.,.,.,.,.,.,.,.,.,.,.,.,.,.,.,.,.,.,.
,2017-03-01 00:00:00,124.57062748714469,125.28478145702783,123.41555649206174,125.1700940644897,144.34095220347396,0.002203045788438872,0.0026775600456881176,0.0006234773755888215,0.00740747256172923,-0.00022402415987904302,0.015621423887216102,0.005009304770771772,0.019885924630533847,0.0350085326306524,0.10101268930223584,3766.4849002509704,3551.6433312035915,3774.339667474947,4449.370074235182,4797.948265744123,.,.,.,.,.,.,.,.,.,.,.,.,.,.,.,.,.,.,.,.,.,.,.,.,.,.,.,.,.,.,.,.,.,.
,2017-04-01 00:00:00,124.68309366451291,125.52443010574426,123.32884037790181,125.50383428316476,146.3138621762984,0.0009028306241760714,0.0019128312787026933,-0.0007026351995220916,0.0026662935836982583,0.013668400704765203,0.013152766180966946,0.003695792333343828,0.01587723698633492,0.03447071945022184,0.09568804807249531,3769.885398164414,3558.4370256583134,3771.6876835696266,4461.233401115615,4863.528545201047,.,.,.,.,.,.,.,.,.,.,.,.,.,.,.,.,.,.,.,.,.,.,.,.,.,.,.,.,.,.,.,.,.,.
,2017-05-01 00:00:00,124.82830495002966,125.77787958527601,123.51276614566353,125.13790546926946,144.6825403895517,0.0011646429459593742,0.0020191247179393726,0.001491344337610936,-0.002915678361425193,-0.011149468426860688,0.010958711151920042,0.006066073845245601,0.012186123499425383,0.022672319887064196,0.04865127382855183,3774.2759686004606,3565.6219538140504,3777.3125686397557,4448.2258794227155,4809.302787243191,.,.,.,.,.,.,.,.,.,.,.,.,.,.,.,.,.,.,.,.,.,.,.,.,.,.,.,.,.,.,.,.,.,.
,2017-06-01 00:00:00,125.10876878902481,126.09664723611432,123.98372660085931,124.35654363317661,145.56832671387428,0.002246796823103618,0.0025343697309047506,0.0038130508278016832,-0.00624400602809131,0.006122275168362768,0.01351153696640539,0.011789460789747075,0.015343706031592186,0.011749675924630054,0.016074749454069837,3782.7559998562288,3574.6585581656464,3791.7156534564724,4420.451130217288,4838.746662274668,.,.,.,.,.,.,.,.,.,.,.,.,.,.,.,.,.,.,.,.,.,.,.,.,.,.,.,.,.,.,.,.,.,.
,2017-07-01 00:00:00,125.83571048775559,126.50288011401926,125.25802308723503,124.07729011608305,145.08694301330013,0.005810477600947732,0.0032215993589763147,0.01027793341361694,-0.0022455876380522515,-0.003306926111202372,0.02229457682427083,0.02154544890765231,0.02696491499750997,0.005913087837634778,0.004537743491919377,3804.7356188632443,3586.1746758851928,3830.686654466067,4410.524619804658,4822.745284591699,.,.,.,.,.,.,.,.,.,.,.,.,.,.,.,.,.,.,.,.,.,.,.,.,.,.,.,.,.,.,.,.,.,.
,2017-08-01 00:00:00,126.55558689306692,126.7937327780556,126.45364960860414,124.31961622875343,148.2324931097665,0.005720764022557667,0.002299178198742825,0.009545308890404785,0.001953025508887767,0.021680449192302692,0.030035756203559583,0.025527876890157675,0.038866615612049626,0.009724748521791726,0.030791488503134623,3826.5016135069804,3594.419930516872,3867.2517418452967,4419.138486894713,4927.304568701707,.,.,.,.,.,.,.,.,.,.,.,.,.,.,.,.,.,.,.,.,.,.,.,.,.,.,.,.,.,.,.,.,.,.
,2017-09-01 00:00:00,127.21567070297228,126.99303713767299,127.56061251608978,124.83265558817806,150.38810523485898,0.005215761912297904,0.001571878635091902,0.008753902405441617,0.004126777213345079,0.014542102611040037,0.03267302879917611,0.02314270062068524,0.04520228207223842,0.014086091389563071,0.07520097379325219,3846.459734880056,3600.0699224112004,3901.105286170685,4437.375286905047,4998.957937335612,.,.,.,.,.,.,.,.,.,.,.,.,.,.,.,.,.,.,.,.,.,.,.,.,.,.,.,.,.,.,.,.,.,.
,2017-10-01 00:00:00,127.38026420193368,127.01797885335947,127.79737402593311,125.17689709185746,151.86079077512196,0.001293814653901539,0.0001964022299856535,0.0018560706567121925,0.0027576238129152163,0.009792566625951469,0.03308382594807191,0.020956028400062943,0.046070739815690986,0.02079648513689869,0.11244011707627499,3851.436340850686,3600.776984172066,3908.3460132210907,4449.611898663057,5047.9105659973,.,.,.,.,.,.,.,.,.,.,.,.,.,.,.,.,.,.,.,.,.,.,.,.,.,.,.,.,.,.,.,.,.,.
,2017-11-01 00:00:00,127.48659719918703,127.01752463855303,127.93315766941878,125.50360985466551,153.43176415378537,0.0008347682266129031,-3.575988301402107e-06,0.0010624916554084888,0.002610008479186948,0.010344825485531145,0.03201389260666976,0.019900178121727397,0.04432609629548501,0.021798910449851716,0.12417473606641471,3854.6513975348507,3600.7641078356946,3912.498598246587,4461.225423447659,5100.130319869111,.,.,.,.,.,.,.,.,.,.,.,.,.,.,.,.,.,.,.,.,.,.,.,.,.,.,.,.,.,.,.,.,.,.
,2017-12-01 00:00:00,127.52707000845325,127.07502784433547,127.90433855213755,125.70353892708914,154.59847962735873,0.00031746717031734854,0.000452718677568941,-0.00022526698946719514,0.0015930145169142358,0.0076041325602172,0.03154100676701366,0.021105168791153872,0.04192273910839295,0.023307401074177392,0.11678243379184305,3855.8751228065858,3602.3942410008317,3911.617241466065,4468.332220310438,5138.912386895779,.,.,.,.,.,.,.,.,.,.,.,.,.,.,.,.,.,.,.,.,.,.,.,.,.,.,.,.,.,.,.,.,.,.
,2018-01-01 00:00:00,128.0152647985617,127.50792313744526,128.42122265791136,126.25675650251819,155.5481639472714,0.003828165973515128,0.003406611829667089,0.004041177270645144,0.00440097057052559,0.006142908534429096,0.032025012859711266,0.021882286483516866,0.04319336207735236,0.020987025382972924,0.08995848974681553,3870.6360527498377,3614.6661998373497,3927.4247801537417,4487.997218911356,5170.480255654925,100,.,.,.,.,.,.,.,.,.,.,.,.,.,.,21.85451918929767,.,.,.,.,0.0057811776606344865,.,.,.,.,.,.,.,.,.,.,.,.,.
,2018-02-01 00:00:00,128.5746656580093,128.00211702100688,129.1723810253275,126.83664979708097,149.87163080902022,0.004369798088750219,0.0038757896090026883,0.005849176264402057,0.004592968413149654,-0.036493732836187405,0.03441657261447806,0.024424905265350016,0.0472984180949787,0.020820426438619588,0.03808415876053961,3887.5499507753916,3628.6758855346925,3950.3969799580414,4508.610448376119,4981.790130570273,99.85125636969182,.,.,.,.,-0.0014874363030817905,.,.,.,.,.,.,.,.,.,21.82201198406911,.,.,.,.,0.005753577669987554,.,.,.,.,.,.,.,.,.,.,.,.,.
,2018-03-01 00:00:00,129.16923750276212,128.42177258599153,130.1263962044569,127.41066843293085,141.74617481014124,0.004624331253050142,0.0032785048775073825,0.007385597227183956,0.004525652772824045,-0.05421610450901922,0.03691568476759888,0.025038884152419394,0.054375962829506186,0.01790023715478517,-0.017976723540488515,3905.527269510556,3640.572517124312,3979.5730209394956,4529.014853753396,4711.696876209274,100.46442723955548,.,.,.,.,0.006140842811165337,.,.,.,.,.,.,.,.,.,21.956017529486648,.,.,.,.,0.005757791270854336,.,.,.,.,.,.,.,.,.,.,.,.,.
,2018-04-01 00:00:00,129.40191821191058,128.44749062269545,130.57648384757266,127.84516250276415,138.9451601872131,0.0018013631855919466,0.00020026227785255573,0.0034588496741933122,0.003410185937938328,-0.019760777507258194,0.03784654686299893,0.023286785803279475,0.05876681761916158,0.018655431787979015,-0.05036229568054518,3912.562542554178,3641.3015864692784,3993.3377657864007,4544.45963652038,4618.590082556859,100.69222790784687,.,.,.,.,0.0022674759071508177,.,.,.,.,.,.,.,.,.,22.00580227025174,.,.,.,.,0.005753691390444764,.,.,.,.,.,.,.,.,.,.,.,.,.
,2018-05-01 00:00:00,129.4741330749243,128.5813612823123,130.61224643269136,127.8119437453735,139.086756891609,0.0005580664028137826,0.0010422209026260169,0.0002738822800623182,-0.00025983585722253404,0.00101908338660455,0.03721774582098525,0.022289147394439546,0.05747972868371454,0.021368731289503007,-0.03867628728992634,3914.746012258085,3645.0966270954623,3994.4314702387537,4543.2788229551115,4623.29681097953,101.10926674879181,.,.,.,.,0.0041417182796532614,.,.,.,.,.,.,.,.,.,22.096944103772877,.,.,.,.,0.005769602590707564,.,.,.,.,.,.,.,.,.,.,.,.,.
,2018-06-01 00:00:00,129.3044534344254,128.34906165365052,130.2995294058143,127.53800680635423,149.5070526118549,-0.0013105292653375947,-0.0018066353190314775,-0.002394239708894645,-0.002143281222332473,0.07491939529775993,0.03353629554516613,0.017862603541857647,0.05094057888167414,0.0255833997972974,0.027057574864637113,3909.6156230426573,3638.5112667876697,3984.8678437982503,4533.541298766051,4969.671412340178,101.29292450214643,.,.,.,.,0.0018164284962221,.,.,.,.,.,.,.,.,.,22.137081622722395,.,.,.,.,0.005798661867431987,.,.,.,.,.,.,.,.,.,.,.,.,.
,2018-07-01 00:00:00,129.05929474692056,128.11918327791417,129.90277134821338,127.13980753820152,157.2815599510471,-0.0018959802310998146,-0.0017910405637141754,-0.003044969229053942,-0.003122200809969603,0.05200094044644239,0.025617404206404792,0.012776809211285212,0.037081443140321246,0.024682336463451637,0.08405040925446383,3902.2030691101695,3631.994545517322,3972.734043832038,4519.386672451013,5228.098999491666,101.47079432969397,.,.,.,.,0.0017559945911500563,.,.,.,.,.,.,.,.,.,22.17595421831574,.,.,.,.,0.005832773016218668,.,.,.,.,.,.,.,.,.,.,.,.,.
,2018-08-01 00:00:00,128.41343389431157,127.57302239341165,129.10840020181115,126.87055897907342,155.07195358060164,-0.005004373019978877,-0.004262912629701978,-0.006115120856604808,-0.002117736091799582,-0.01404873127614692,0.014680086804973902,0.006146120934227506,0.020993862980024147,0.02051922960915631,0.04614008931071889,3882.6749893526357,3616.511670098227,3948.440295022857,4509.815804181965,5154.650841562716,101.03307725093437,.,.,.,.,-0.0043137247683051605,.,.,.,.,.,.,.,.,.,22.08029325534339,.,.,.,.,0.005830186450243936,.,.,.,.,.,.,.,.,.,.,.,.,.
,2018-09-01 00:00:00,128.25117264845633,127.50933045678104,128.82410850909423,127.01237442202456,152.95151292671503,-0.0012635846650497814,-0.0004992586632790214,-0.002201961237785742,0.001117796312180916,-0.013673914624313367,0.00813973577124627,0.004065524620443073,0.009905063703304906,0.017461126846787467,0.01704528219072121,3877.7689007767176,3614.706095316081,3939.745982543505,4514.8568596564955,5084.166586037043,100.61268976799974,.,.,.,.,-0.00416088962519201,.,.,.,.,.,.,.,.,.,21.988419592216033,.,.,.,.,0.005799349471611951,.,.,.,.,.,.,.,.,.,.,.,.,.
,2018-10-01 00:00:00,128.21471013355878,127.42747990760749,128.83853111398562,127.23964350393588,149.75766887004218,-0.0002843055088275142,-0.0006419181159554091,0.00011195579040521758,0.0017893459825904375,-0.02088141526395462,0.006550825882275291,0.00322396134739944,0.00814693647649789,0.016478651092978858,-0.01384901194274768,3876.6664297162665,3612.385749989643,3940.187059918977,4522.935500640293,4978.0019922828815,100.45853070150991,.,.,.,.,-0.0015322030138076315,.,.,.,.,.,.,.,.,.,21.954728869447973,.,.,.,.,0.005784629310468145,.,.,.,.,.,.,.,.,.,.,.,.,.
,2018-11-01 00:00:00,128.70971112180493,127.61233769714349,129.44131994027845,127.82920570467897,158.11233823712772,0.003860719161869443,0.0014506901468194563,0.004678637835132761,0.004633478878969462,0.055787923450755735,0.009594058901006619,0.00468292119755187,0.011788673853863507,0.01853011122713144,0.030505900190595403,3891.6331500856477,3617.626202403664,3958.6217681750145,4543.89242675345,5255.714386366068,100.78935746805729,.,.,.,.,0.003293167481518866,.,.,.,.,.,.,.,.,.,22.027029468626402,.,.,.,.,0.005791576498793137,.,.,.,.,.,.,.,.,.,.,.,.,.
,2018-12-01 00:00:00,128.90761716124925,127.57628170483086,129.80397593150386,128.1925123421341,159.33188103728253,0.0015376154426842788,-0.0002825431534543816,0.0028017018938986922,0.00284212543958444,0.00771314126242199,0.010825522398534515,0.003944550467535057,0.01485201675619452,0.01980034481359061,0.030617386544376846,3897.6169853144816,3616.604066888418,3969.7126462801384,4556.806739014261,5296.252453863052,101.35335158412387,.,.,.,.,0.0055957705281068915,.,.,.,.,.,.,.,.,.,22.150287670948682,.,.,.,.,0.005820816972914295,.,.,.,.,.,.,.,.,.,.,.,.,.
,2019-01-01 00:00:00,128.92442039966863,127.80695261682612,129.5936627014366,128.45924262620937,160.22401831301264,0.00013035101252678594,0.001808101858062905,-0.0016202371965725604,0.002080700964525839,0.005599238959096642,0.007101931184047006,0.0023451835150551936,0.009129643989205682,0.01744450106832307,0.030060492178655807,3898.1250436349587,3623.1432554216367,3963.2807701909305,4566.288091191286,5325.907436939933,101.95859531565894,.,.,.,.,0.005971620297457125,.,.,.,.,0.019585953156589397,.,.,.,.,22.282560778399034,.,.,.,.,0.005848755844352405,.,.,.,.,.,.,.,.,.,.,.,.,.
,2019-02-01 00:00:00,129.14527117972207,128.06891227027978,129.7913644915998,128.52246869963562,162.05852680827996,0.001713025192347617,0.0020496510408085644,0.0015255513737477688,0.0004921878109636069,0.011449647278745978,0.004437931211351609,0.0005218292542923386,0.004791918066068268,0.01329126009912529,0.08131556274842544,3904.8026300376264,3630.56943476611,3969.3269586144434,4568.5355625311195,5386.887198532146,102.37531103037423,.,.,.,.,0.004087107255893008,.,.,.,.,0.02527814623921487,.,.,.,.,22.37363199423631,.,.,.,.,0.005858647231351935,.,.,.,.,.,.,.,.,.,.,.,.,.
,2019-03-01 00:00:00,129.50709437106846,128.43345410421955,130.1243331611746,128.98494396884962,162.92914903642514,0.0028016758805118336,0.0028464506137948486,0.002565414662824894,0.003598400138849156,0.005372270409289559,0.002615614017998036,9.096213198733771e-05,-1.585414906180027e-05,0.012355916151146173,0.14944300440316627,3915.742621384362,3640.903671362125,3979.509928195619,4584.974981533668,5415.827013227001,103.17123261211198,.,.,.,.,0.007774546164764251,.,.,.,.,0.02694292344993099,.,.,.,.,22.547576829048946,.,.,.,.,0.005887946047511379,.,.,.,.,.,.,.,.,.,.,.,.,.
,2019-04-01 00:00:00,129.7852914999786,128.90921752630115,130.20488116561992,129.52856739923078,162.70205650609574,0.0021481226975337275,0.003704357446429274,0.0006190080094055084,0.004214627022766759,-0.0013938115535031548,0.0029626553714621195,0.0035946743791357427,-0.0028458622180891346,0.013167529091530739,0.17098038022247675,3924.154116987058,3654.390879988867,3981.973276714681,4604.298940989549,5408.278370964191,103.73817746556142,.,.,.,.,0.0054951834837619895,.,.,.,.,0.030250095970685953,.,.,.,.,22.67147990083879,.,.,.,.,0.00590564357313992,.,.,.,.,.,.,.,.,.,.,.,.,.
,2019-05-01 00:00:00,130.09063931419325,129.50666781566198,130.2434122919611,130.1020372210687,162.19846901925868,0.0023527150934103958,0.004634659187493284,0.00029592689610602463,0.004427361726856649,-0.0030951513315272683,0.004761617047570388,0.007196272648864799,-0.002823886356784544,0.017917679745623305,0.1661675967156293,3933.3865336069616,3671.3277362554986,3983.151649706836,4624.683837899894,5391.538930963031,104.77488429491312,.,.,.,.,0.009993493761695005,.,.,.,.,0.036254021653906454,.,.,.,.,22.898047193796216,.,.,.,.,0.0059722911065868516,.,.,.,.,.,.,.,.,.,.,.,.,.
,2019-06-01 00:00:00,130.16728174926,129.96091726974487,130.0342021351113,130.12270672300352,162.66349473675027,0.0005891464249141443,0.0035075371928297017,-0.0016063012567641977,0.00015887147024207238,0.002867016688279378,0.006672842983495464,0.012558374758079083,-0.002036287252248248,0.020266115030115994,0.08799880604329524,3935.7038742210416,3684.2050548374823,3976.75350820603,4625.418568220626,5406.99656305361,105.16567450693002,.,.,.,.,0.0037298080990184612,.,.,.,.,0.03823317397358306,.,.,.,.,22.983452515671345,.,.,.,.,0.005989348613956272,.,.,.,.,.,.,.,.,.,.,.,.,.
,2019-07-01 00:00:00,130.32902140757517,130.25596469025763,130.1576690783937,129.925842209194,163.29555119500824,0.0012425523229924185,0.002270278070601428,0.0009494959114997314,-0.0015129143772621978,0.003885668749960658,0.009838320154658353,0.016678075504964696,0.001962219339393778,0.021913157845196318,0.03823710322960294,3940.5941922125653,3692.569224781079,3980.5294194031135,4618.420705967909,5428.006360629812,105.15948833901128,.,.,.,.,-5.8823070814173484e-05,.,.,.,.,0.036352272924287776,.,.,.,.,22.982100558416462,.,.,.,.,0.0059907868102892095,.,.,.,.,.,.,.,.,.,.,.,.,.
,2019-08-01 00:00:00,130.52177907903277,130.3116282030586,130.4402656761522,130.10103620804392,164.87509128001022,0.0014790080472928402,0.00042733945376971505,0.0021711866827323067,0.0013484153411746913,0.009672891107215031,0.01641841605494676,0.021466966591115133,0.010315870015112694,0.02546278076620867,0.06321670342737518,3946.422362733963,3694.1472052966037,3989.171891868746,4624.648255299835,5480.510875085455,105.18486457806192,.,.,.,.,0.00024131192963627868,.,.,.,.,0.041093347249196555,.,.,.,.,22.987646413449305,.,.,.,.,0.005977931719959013,.,.,.,.,.,.,.,.,.,.,.,.,.
,2019-09-01 00:00:00,130.74408690914558,130.37442884413875,130.74748766946746,130.53287150316916,164.87077032525602,0.0017032240265297816,0.0004819266089000074,0.002355269607300592,0.003319230251438432,-2.620744419712384e-05,0.019437750230342665,0.022469715565864634,0.01493027339861186,0.02771774874034727,0.07792833931791154,3953.1440041210058,3695.92751313203,3998.5674671839624,4639.998527691089,5480.367244902525,105.63877982767517,.,.,.,.,0.004315404611053841,.,.,.,.,0.04995483244971344,.,.,.,.,23.086847408779178,.,.,.,.,0.0059964025193620495,.,.,.,.,.,.,.,.,.,.,.,.,.
,2019-10-01 00:00:00,130.83058963382103,130.234017777978,130.9690574588194,130.84483778121248,165.66170195299117,0.0006616186377557121,-0.0010769831738139946,0.00169463898160771,0.0023899441914578823,0.004797282296763683,0.020402335251059167,0.02202458898508719,0.01653640666664291,0.028333891686556534,0.10619845516392412,3955.759477871865,3691.9470613887506,4005.3435954844404,4651.0878652207175,5506.65811366626,106.2338473963928,.,.,.,.,0.005633040912516707,.,.,.,.,0.05748955966759017,.,.,.,.,23.21689656477386,.,.,.,.,0.0059821417565270535,.,.,.,.,.,.,.,.,.,.,.,.,.
,2019-11-01 00:00:00,130.96717799137087,130.19733751307714,131.1721577747379,131.11761720365752,169.2528888230509,0.0010440093401102857,-0.0002816488773570436,0.0015507503822600466,0.002084754943876055,0.02167783396960865,0.017539211687217504,0.020256660622176792,0.013371602168905872,0.02572504054023228,0.07045971687051544,3959.8893277139928,3690.907228643649,4011.554883596221,4660.784243642139,5626.030533981715,106.31449389941552,.,.,.,.,0.0007591413188849927,.,.,.,.,0.054818649212138304,.,.,.,.,23.23452147025246,.,.,.,.,0.005978679687099438,.,.,.,.,.,.,.,.,.,.,.,.,.
,2019-12-01 00:00:00,131.134941114457,130.22375651061387,131.3223442206722,131.6868410058962,172.66036558556996,0.001280955470363665,0.00020291503683078638,0.001144956738397207,0.004341322046407692,0.02013245851349388,0.017278451050891874,0.02075209255516941,0.011697394307625508,0.027258445910132822,0.08365233913963932,3964.961769610363,3691.656169219888,4016.147940391644,4681.0182090326125,5739.296360302751,105.77993777847259,.,.,.,.,-0.005028064390248388,.,.,.,.,0.04367478850144013,.,.,.,.,23.11769680022342,.,.,.,.,0.0059336555723774114,.,.,.,.,.,.,.,.,.,.,.,.,.
,2020-01-01 00:00:00,130.92480154902879,130.4441547379518,130.56461428256932,132.25590080846655,174.0489624267847,-0.001602468141918001,0.0016924579143129392,-0.005770000090994376,0.00432131106057021,0.008042360135780857,0.015515921213055783,0.02063426180758876,0.007492276712400825,0.029555352379779132,0.08628509170681098,3958.6080446906394,3697.904141920406,3992.9747664101374,4701.246344794036,5785.453848558282,105.82985194548577,.,.,.,.,0.00047186799369947074,.,.,.,.,0.037968909024703734,.,.,.,.,23.128605301431495,.,.,.,.,0.005905000083704907,.,.,.,.,.,.,.,.,.,.,.,.,.
,2020-02-01 00:00:00,130.92979541194987,130.775517150635,130.15753887330538,132.98323223838068,172.81397251454334,3.8142986370726106e-05,0.002540262638436097,-0.003117808079170281,0.005499425170960359,-0.007095646506717235,0.013817960316521383,0.02113397258066141,0.0028212538109904095,0.034708044312237174,0.06636766307882946,3958.7590378233353,3707.2977896526445,3980.525437423501,4727.100497277483,5744.402313167985,106.41344792897007,.,.,.,.,0.005514474155977389,.,.,.,.,0.03944444083200627,.,.,.,.,23.25614739763004,.,.,.,.,0.005921744302474647,.,.,.,.,.,.,.,.,.,.,.,.,.
,2020-03-01 00:00:00,131.0355734443476,131.0007174392316,130.06421057396614,133.6520997447969,171.18242886606896,0.0008078988595752179,0.0017220370716424238,-0.000717041057683887,0.005029713108621436,-0.009441040123865485,0.011802280644948038,0.01998905466584122,-0.0004620395413208467,0.036183725265442,0.05065563699592324,3961.957314735326,3713.681893882044,3977.671237253713,4750.87645661441,5690.1691804417405,107.00742796526532,.,.,.,.,0.005581813650956224,.,.,.,.,0.03718280043794864,.,.,.,.,23.385958878642786,.,.,.,.,0.005936035874948019,.,.,.,.,.,.,.,.,.,.,.,.,.
,2020-04-01 00:00:00,131.46352627620797,131.3868316033898,130.63836228710807,133.63382614762807,170.49118997783933,0.0032659286376317542,0.002947420225673847,0.004414371260227812,-0.00013672510348694544,-0.004038024771633841,0.012930854928423496,0.019219836444846372,0.0033292232795540944,0.031693848166668426,0.047873601840132674,3974.8967845905945,3724.627675007791,3995.2301548460805,4750.226892539226,5667.19213633633,107.92747030652365,.,.,.,.,0.008597929683507255,.,.,.,.,0.040383327944555125,.,.,.,.,23.58702970866275,.,.,.,.,0.005967219027381959,.,.,.,.,.,.,.,.,.,.,.,.,.
,2020-05-01 00:00:00,131.50521923389925,131.1144604496255,130.9674864553934,133.54760870044964,170.63748401323687,0.0003171446778604814,-0.0020730475835392115,0.0025193531404046343,-0.0006451768213475706,0.0008580738712455904,0.01087380250541714,0.012414747912841362,0.005559391839405903,0.026483608965524708,0.05202894358377819,3976.1574019508726,3716.906344606533,4005.2955504833317,4747.162156252019,5672.055005831849,108.42430861147257,.,.,.,.,0.004603446217518625,.,.,.,.,0.03483109851295363,.,.,.,.,23.695611331357593,.,.,.,.,0.005992782517359246,.,.,.,.,.,.,.,.,.,.,.,.,.
,2020-06-01 00:00:00,131.16811318765278,130.80887127889386,130.54464185308916,133.4029092613813,171.67333553320984,-0.0025634423349151225,-0.0023307053217754836,-0.0032286227196417494,-0.0010835045305296331,0.0060704805041114085,0.007688809545248532,0.00652468470493317,0.003925426615433825,0.025208532937763595,0.05538944562233117,3965.9647517364256,3708.2433312086177,3992.363962270161,4742.01858454856,5706.487105162998,109.04850761104667,.,.,.,.,0.005757002350929019,.,.,.,.,0.03692110683758121,.,.,.,.,23.83202702149892,.,.,.,.,0.006035142335703261,.,.,.,.,.,.,.,.,.,.,.,.,.
,2020-07-01 00:00:00,130.97031672178824,130.45698241976112,130.45157295529242,133.25334926971013,172.46964986507183,-0.001507961508766753,-0.002690099346415731,-0.0007129277500448339,-0.0011211149179521929,0.004638544066198014,0.0049205871975939175,0.0015432516275282193,0.0022580603892168316,0.025610817709062816,0.05618094677366825,3959.9842295456815,3698.2677882469825,3989.5176952131796,4736.702236772216,5732.956897063487,109.51035462856194,.,.,.,.,0.00423524381610596,.,.,.,.,0.04137397735831905,.,.,.,.,23.932961466566994,.,.,.,.,0.0060735681145350435,.,.,.,.,.,.,.,.,.,.,.,.,.
,2020-08-01 00:00:00,131.00538764480356,131.0526489306885,129.93753568433598,133.63711107072675,173.09864668255358,0.00026777764529528625,0.0045659994572826434,-0.003940445172957885,0.0028799411280828746,0.0036470000256498825,0.0037051944065056297,0.0056865280393487705,-0.003854101256312581,0.027179451953236677,0.04987748809537962,3961.0446247980753,3715.1540769610046,3973.797219468647,4750.343660355377,5753.864991014128,109.8430392828954,.,.,.,.,0.00303792874620723,.,.,.,.,0.04428559872676807,.,.,.,.,24.00566809818815,.,.,.,.,0.0060770193137632605,.,.,.,.,.,.,.,.,.,.,.,.,.
,2020-09-01 00:00:00,131.59284127266096,131.71613738442358,130.49438417163734,134.11472878838586,173.03185390038266,0.004484194416875198,0.0050627626312689245,0.004285509066865201,0.003573990142650807,-0.0003858654209666357,0.006491722750759488,0.010291194003149373,-0.001935819206484335,0.02744027036231822,0.04949988138604855,3978.8067189895887,3733.963020191249,3990.8269634825638,4767.321341771692,5751.644773477185,110.19899741564501,.,.,.,.,0.0032406070978503454,.,.,.,.,0.043168025940935495,.,.,.,.,24.083461036615777,.,.,.,.,0.006063604081977453,.,.,.,.,.,.,.,.,.,.,.,.,.
,2020-10-01 00:00:00,132.56550626603615,132.527418919407,131.80275666283148,134.29667666365026,171.7084911675504,0.007391473456825892,0.006159317689492072,0.010026274306741634,0.001356658414091827,-0.007648087349246935,0.013260787382147754,0.01760984710875446,0.00636561963709803,0.026381162153371607,0.03650082754959927,4008.2159632428416,3756.961684673422,4030.84008932918,4773.788968382685,5707.655691847791,110.28359556479462,.,.,.,.,0.0007676852887374963,.,.,.,.,0.03812107221619199,.,.,.,.,24.101949555355468,.,.,.,.,0.006026224356757171,.,.,.,.,.,.,.,.,.,.,.,.,.
,2020-11-01 00:00:00,133.87445022321413,132.56671300632286,134.44945974758355,134.60742659862998,167.92321272402995,0.0098739407712225,0.0002964977906929622,0.020080787016637736,0.002313906365367435,-0.022044794743591445,0.022198479622389078,0.018198340599766327,0.0249847378318937,0.026615869548269444,-0.007856150097450332,4047.79285026217,3758.075615512646,4111.782530661125,4784.835069063548,5581.831593653915,111.21138402462103,.,.,.,.,0.008412751280686193,.,.,.,.,0.046060418909941614,.,.,.,.,24.30471326234432,.,.,.,.,0.006048027349492426,.,.,.,.,.,.,.,.,.,.,.,.,.
,2020-12-01 00:00:00,135.2480341562845,132.7584943704456,136.9928960784954,135.2046847582483,167.85623154620578,0.010260239581041386,0.0014466781273636542,0.01891741577606121,0.004437037203000704,-0.00039887980189046157,0.03136534783843392,0.01946448119568056,0.043180403848826154,0.026713707500923167,-0.02782418549312793,4089.324174680286,3763.5123413065867,4189.566830374387,4806.065560275206,5579.605113773652,112.38783687572547,.,.,.,.,0.010578529000628167,.,.,.,.,0.06246835870797485,.,.,.,.,24.56182137644198,.,.,.,.,0.006071620670459965,.,.,.,.,.,.,.,.,.,.,.,.,.
,2021-01-01 00:00:00,135.4199757516298,132.7931240635213,137.25407397949883,135.5206297581779,166.85201129030366,0.0012713056897124542,0.0002608472869471967,0.001906506895465565,0.0023367903301170223,-0.00598262123873361,0.034334015781705585,0.01800747093871946,0.05123485971820907,0.0246849398004505,-0.04135015248659413,4094.5229557706357,3764.4940432902085,4197.55426842551,4817.296327802365,5546.224449716244,113.79366734251383,.,.,.,.,0.0125087421011838,.,.,.,.,0.07525112480673513,.,.,.,.,24.869058865575237,.,.,.,.,0.006179068906146286,.,.,.,.,.,.,.,.,.,.,.,.,.
,2021-02-01 00:00:00,135.4404003895415,133.19372162903528,136.97584055310693,135.689240996342,166.0565824666651,0.00015082440975455746,0.0030167041278610363,-0.0020271414780259622,0.0012441739568724852,-0.004767271413076424,0.034450561565453786,0.018491262975583123,0.052384992362512595,0.02034849591496335,-0.03910210470573816,4095.1405097786655,3775.8504080099096,4189.045232061719,4823.2898824359545,5519.784092446606,115.1407537848814,.,.,.,.,0.011837973710021155,.,.,.,.,0.08201318560542004,.,.,.,.,25.163458130618885,.,.,.,.,0.00623522213032787,.,.,.,.,.,.,.,.,.,.,.,.,.
,2021-03-01 00:00:00,135.29713554206802,133.58812123632958,136.48950767239637,135.60478491737962,160.79431016930383,-0.0010577704072156635,0.002961097583809247,-0.0035505011595239333,-0.0006224228121716191,-0.0316896338536754,0.0325221768845112,0.019751065854263006,0.04940096180244935,0.014610209464058332,-0.06068449177627144,4090.8087913340323,3787.031069529893,4174.172022107986,4820.287756783409,5344.864155605632,116.12667696142867,.,.,.,.,0.008562764652290555,.,.,.,.,0.08522071009055066,.,.,.,.,25.378926900429143,.,.,.,.,0.006281070642868242,.,.,.,.,.,.,.,.,.,.,.,.,.
,2021-04-01 00:00:00,136.01561513471424,134.20554984084578,137.35679613642435,136.10892411408108,159.0620223162354,0.005310382882591114,0.004621882535677635,0.006354250072537759,0.003717709496819044,-0.010773315618223367,0.034626249481108706,0.021453582547486194,0.05142772560598208,0.018521492931877326,-0.06703670531650041,4112.532552315486,3804.534282292222,4200.695754982251,4838.208186354204,5287.282247120763,117.13681205236745,.,.,.,.,0.008698561927112491,.,.,.,.,0.08532898732536265,.,.,.,.,25.599687067716186,.,.,.,.,0.006302500795318036,.,.,.,.,.,.,.,.,.,.,.,.,.
,2021-05-01 00:00:00,136.41052529479288,135.12395480865112,137.2275978984397,137.19991645019903,159.84209883381783,0.002903417814840603,0.006843271153051944,-0.0009406031708567575,0.008015582690254153,0.004904228590980164,0.03730122720200857,0.030580107985618055,0.04779897371840036,0.027348357528000244,-0.06326502785625698,4124.472952591991,3830.56974199703,4196.74456723531,4876.989244144592,5313.212287885674,117.86397442264138,.,.,.,.,0.006207803998873107,.,.,.,.,0.08706226428424713,.,.,.,.,25.758604907465052,.,.,.,.,0.006293522608973776,.,.,.,.,.,.,.,.,.,.,.,.,.
,2021-06-01 00:00:00,137.36812705645752,136.73582231683355,137.59698085473414,138.64742299696636,161.8416898279795,0.0070199990770154486,0.011928806483387788,0.0026917541511424226,0.010550345686928697,0.012509789403106986,0.04726769119515217,0.045310008258560686,0.05402243172555066,0.039313338551779875,-0.0572694977626762,4153.426748912363,3876.263867170433,4208.04117184545,4928.44316658175,5379.6794546611245,118.92152219332738,.,.,.,.,0.008972612504087207,.,.,.,.,0.0905378239333241,.,.,.,.,25.989726887945615,.,.,.,.,0.006286868311760657,.,.,.,.,.,.,.,.,.,.,.,.,.
,2021-07-01 00:00:00,138.7155167363631,138.35668879161307,138.68476901529363,140.2894706750027,163.52320422127835,0.009808604869103288,0.01185400027085648,0.007905610674030061,0.0118433335617949,0.010389871701698805,0.05913706409542785,0.06055410929584193,0.06311304550404184,0.05280258578004804,-0.05187257961497893,4194.166070745209,3922.213100101782,4241.308307050348,4986.812362943926,5435.573633991318,119.74809202243331,.,.,.,.,0.006950548680012769,.,.,.,.,0.09348647832066481,.,.,.,.,26.170369749860516,.,.,.,.,0.006263266998701267,.,.,.,.,.,.,.,.,.,.,.,.,.
,2021-08-01 00:00:00,140.49740978234988,140.1034801746668,140.61685980364328,141.3813553155128,166.26185028106121,0.012845664911254051,0.012625276004434305,0.013931528329088394,0.007783083329465201,0.016747751934196087,0.07245520438657183,0.06906255858105648,0.08218813803927394,0.05794980288587226,-0.039496532945346496,4248.0429226721535,3971.7321230387743,4300.396213882418,5025.625139113125,5526.607272833462,120.45065549143213,.,.,.,.,0.005867011800632316,.,.,.,.,0.09657067282358534,.,.,.,.,26.32391161800986,.,.,.,.,0.006238387247745615,.,.,.,.,.,.,.,.,.,.,.,.,.
,2021-09-01 00:00:00,141.82696586007478,141.54295120779236,141.86291497552847,142.61641691963848,169.4314862580871,0.009463207042639254,0.010274341731775438,0.008861349724529344,0.008735675233622286,0.019064120672708018,0.07777113472463637,0.07460599755281683,0.0871189275772839,0.06339115925639383,-0.020807542433015636,4288.243032375419,4012.5390561379445,4338.503528687672,5069.527368174346,5631.9671807934255,122.20093511480769,.,.,.,.,0.014531092555989167,.,.,.,.,0.1089114962987745,.,.,.,.,26.706426814166836,.,.,.,.,0.006270831790160939,.,.,.,.,.,.,.,.,.,.,.,.,.
,2021-10-01 00:00:00,143.28252474523472,143.24763134996653,143.10560154528355,144.13565925243583,172.45605690666255,0.010262920568969935,0.012043553759675474,0.008759770444371817,0.010652646908479113,0.017851290308392054,0.08084319051813793,0.08089052452669221,0.0857557548008363,0.07326303846987647,0.004353691154287187,4332.252929997127,4060.8642859733395,4376.507823671073,5123.531253220378,5732.505061945106,124.6865572577414,.,.,.,.,0.020340451082460742,.,.,.,.,0.13059931188482743,.,.,.,.,27.249647582367714,.,.,.,.,0.0063232323346704995,.,.,.,.,.,.,.,.,.,.,.,.,.
,2021-11-01 00:00:00,144.61399194104183,144.8725567571942,144.1545407340156,145.81190089173768,174.00612677697305,0.009292600044384702,0.011343471385281356,0.007329826208096524,0.011629610937333057,0.008988201969325038,0.08022099586531439,0.09282755430682199,0.0721838600515945,0.08323815837083792,0.03622437871612161,4372.510823766703,4106.928583800789,4408.586865416957,5183.115928320598,5784.029975232047,127.06614962711971,.,.,.,.,0.019084594375794905,.,.,.,.,0.14256423244394312,.,.,.,.,27.769696053360562,.,.,.,.,0.006369928219856609,.,.,.,.,.,.,.,.,.,.,.,.,.
,2021-12-01 00:00:00,146.0521291223477,146.47621507070562,145.47460751336686,147.31303079795825,174.43879967813982,0.0099446613844405,0.011069441648628775,0.009157302798993738,0.010294975218347435,0.002486538314373954,0.07988356380528727,0.10332838411064293,0.0619135128730437,0.08955566932728831,0.039215512413800724,4415.993963308864,4152.389990114258,4448.957630259248,5236.4759783564805,5798.412187376949,127.23001896882361,.,.,.,.,0.0012896380521860706,.,.,.,.,0.132062174214725,.,.,.,.,27.80550891008862,.,.,.,.,0.006307292537844929,.,.,.,.,.,.,.,.,.,.,.,.,.
,2022-01-01 00:00:00,146.8013758197588,147.81905877284305,145.86209816979107,147.83683483877184,176.00563592068792,0.005129995036111001,0.009167657025334952,0.0026636308772209905,0.003555721024652625,0.008982154460126512,0.0840452082859866,0.11315295739359299,0.0627159831450832,0.09088066593677202,0.05486073892425547,4438.647990420135,4190.457677379059,4460.808011174654,5255.095426087811,5850.494421267448,127.34172618889055,.,.,.,.,0.0008779942105825445,.,.,.,.,0.1190581089683811,.,.,.,.,27.829921985933975,.,.,.,.,0.006276243174666243,.,.,.,.,.,.,.,.,.,.,.,.,.
,2022-02-01 00:00:00,148.34133713038395,149.37331683724,147.53433308175684,148.58698105452325,178.99833062975418,0.010490101349703407,0.010514598572741729,0.011464492372920576,0.00507414959586705,0.017003402722937988,0.0952517616880777,0.1214741581684109,0.0770828818134266,0.0950535205553178,0.07793577328189949,4485.209857695299,4234.518657692763,4511.948910595829,5281.760566420337,5949.972734040561,128.59503828120316,.,.,.,.,0.009842116404590984,.,.,.,.,0.11685075921474808,.,.,.,.,28.103827317650225,.,.,.,.,0.00628826104964026,.,.,.,.,.,.,.,.,.,.,.,.,.
,2022-03-01 00:00:00,150.75709207780804,151.6489928686211,150.30793542074946,149.52020991687345,184.26287454483648,0.016285109694681887,0.015234822922628899,0.018799707709090452,0.0062806906481784885,0.02941113415170138,0.11426669510629095,0.1351981857753668,0.10124168504966868,0.10261750725073693,0.14595394794021055,4558.251992231536,4299.030799605281,4596.77223131338,5314.933670615771,6124.968180320393,131.1668025986114,.,.,.,.,0.01999893893094451,.,.,.,.,0.12951481977029533,.,.,.,.,28.66587404390172,.,.,.,.,0.006348976876012184,.,.,.,.,.,.,.,.,.,.,.,.,.
,2022-04-01 00:00:00,152.12987067001262,153.5650199842324,151.30415035417522,150.7895963834124,188.63363118635954,0.009105897263500307,0.012634618136048159,0.00662782660567518,0.00848973170412659,0.02372022390467765,0.11847357025396166,0.14425238126400153,0.10154105664999791,0.10785973340753596,0.18591244119436645,4599.7589665739415,4353.347412113403,4627.238840608308,5360.056031504528,6270.253796966619,133.38275700505295,.,.,.,.,0.01689417110534186,.,.,.,.,0.13869205306204302,.,.,.,.,29.150160224883575,.,.,.,.,0.006387465285289431,.,.,.,.,.,.,.,.,.,.,.,.,.
,2022-05-01 00:00:00,154.0558558449875,155.19427575394838,153.5028033093978,152.30878435139985,191.4488584738248,0.012660138120754505,0.01060955007776676,0.01453134596820993,0.01007488583048266,0.014924312646475979,0.12935461183850583,0.14853266375838992,0.11860008963359636,0.11012301094720467,0.1977373912792988,4657.992550412946,4399.534469488137,4694.478849078726,5414.057984066926,6363.833025005302,134.5332470094987,.,.,.,.,0.008625477762482792,.,.,.,.,0.14142805440349382,.,.,.,.,29.401594283676122,.,.,.,.,0.006385937469837415,.,.,.,.,.,.,.,.,.,.,.,.,.
,2022-06-01 00:00:00,155.07812949800112,156.26114187052806,154.43034777867945,153.7521695487162,191.0906996051241,0.006635733821389156,0.006874390897452676,0.006042524626811652,0.009476703549719412,-0.0018707809049155477,0.12892366534388922,0.14279593469260732,0.12233819971469329,0.10894357951449529,0.18072605277560538,4688.901749119499,4429.778589198215,4722.84535313433,5465.3654065829205,6351.927687700051,136.13024282084433,.,.,.,.,0.011870640505933006,.,.,.,.,0.14470652839055687,.,.,.,.,29.750610039718932,.,.,.,.,0.006418679306460846,.,.,.,.,.,.,.,.,.,.,.,.,.
,2022-07-01 00:00:00,157.6831255701259,157.96807253960705,157.88817657818151,155.32347069026167,190.19850109788203,0.016797959071065183,0.010923577343964874,0.022390863254790005,0.010219700614030103,-0.004668979228637071,0.13673747018375626,0.14174510765816173,0.1384680358141579,0.10716413671619751,0.1631285113549199,4767.665728789454,4478.167618233962,4828.593937609881,5521.219804784475,6322.270669264375,137.60335207521268,.,.,.,.,0.010821322461806338,.,.,.,.,0.149106843802024,.,.,.,.,30.072550984394184,.,.,.,.,0.006422625331513873,.,.,.,.,.,.,.,.,.,.,.,.,.
,2022-08-01 00:00:00,160.47849465213784,160.0483377789191,161.43323383050043,157.00919480226352,189.14147526280811,0.01772776301779211,0.013168896764189197,0.022452962147951006,0.010852990243589433,-0.0055574877245218035,0.14221674905424564,0.14235804549171127,0.1480361178305718,0.1105367780063713,0.13761199543412705,4852.185776977482,4537.14014529122,4937.010174518862,5581.1415494585135,6287.134727628834,139.12571121830308,.,.,.,.,0.011063387047855366,.,.,.,.,0.15504320545768513,.,.,.,.,30.405255255450903,.,.,.,.,0.006409005065965507,.,.,.,.,.,.,.,.,.,.,.,.,.
,2022-09-01 00:00:00,163.135273494138,161.9844673637641,164.64161206584978,159.29307677826577,192.6996638774274,0.016555357449975716,0.012097155220190281,0.019874335409262978,0.014546167050143444,0.018812312897926065,0.15024158138647503,0.14441917440284646,0.1605683704881622,0.11693366176787534,0.13733089482492633,4932.515446929033,4592.026633884564,5035.129970646194,5662.325766767433,6405.410273356406,140.09218564542823,.,.,.,.,0.006946770792126689,.,.,.,.,0.14640845844437878,.,.,.,.,30.616473594586623,.,.,.,.,0.006357672551146944,.,.,.,.,.,.,.,.,.,.,.,.,.
,2022-10-01 00:00:00,165.37822214224053,164.12118479175328,166.91202024506634,161.45912522642803,200.32021783830362,0.01374901086724889,0.01319087850065781,0.013790002118714062,0.013597881916596943,0.03954627531537103,0.15421069272957988,0.14571656958704482,0.16635560343352185,0.12018861996983188,0.16157252712047,5000.332655411733,4652.59949928392,5104.564423609405,5739.321403917241,6658.720391534464,141.99805105573725,.,.,.,.,0.01360436630728823,.,.,.,.,0.13884009775176498,.,.,.,.,31.032991316404797,.,.,.,.,0.006348790112542347,.,.,.,.,.,.,.,.,.,.,.,.,.
,2022-11-01 00:00:00,166.34030052208828,165.55156763209965,167.4158783749801,162.68953452472672,209.17288712761618,0.005817442994521249,0.008715406497712852,0.0030187048792171822,0.007620562148922705,0.04419259016809951,0.15023655933586366,0.1427393243950501,0.1613638912969435,0.11574935605235903,0.202100701866188,5029.421805588233,4693.148795191234,5119.973597141233,5783.058259368435,6952.986492841514,144.3546730627524,.,.,.,.,0.016596157408457213,.,.,.,.,0.13605923754175664,.,.,.,.,31.54801972514713,.,.,.,.,0.006390880662435948,.,.,.,.,.,.,.,.,.,.,.,.,.
,2022-12-01 00:00:00,166.8074239802992,167.1113244141973,167.09174662966404,163.19547625770437,214.024245183257,0.0028082398357149874,0.00942157663866916,-0.0019360872365408177,0.003109860351224736,0.023193053948148634,0.14210881404244935,0.14087686068028793,0.14859733589115143,0.1078142603795118,0.22693027914751185,5043.545628253299,4737.365656241806,5110.060881608382,5801.042762958067,7114.247483670735,147.73993505698144,.,.,.,.,0.023451003853248498,.,.,.,.,0.16120343496280976,.,.,.,.,32.28785245728392,.,.,.,.,0.006493598603910065,.,.,.,.,.,.,.,.,.,.,.,.,.
,2023-01-01 00:00:00,167.37748172202103,167.85826579507506,167.68215710598912,163.0139641354554,213.72645249989844,0.0034174602551810818,0.004469723302691353,0.0035334508629778494,-0.0011122374615478714,-0.0013913969564689488,0.14016289552711947,0.13556578690591392,0.1495937547175441,0.10266135170734336,0.21431595858787356,5060.781744983047,4758.54036990888,5128.117030640371,5794.590625881064,7104.348741374389,148.28842037700548,.,.,.,.,0.003712505490221618,.,.,.,.,0.16449199186324792,.,.,.,.,32.40772128679905,.,.,.,.,0.0064840568529616355,.,.,.,.,.,.,.,.,.,.,.,.,.
,2023-02-01 00:00:00,169.07923182061117,169.6504593224137,169.59655157495897,163.68072292544812,208.99434914004613,0.010167138859314306,0.010676826183386057,0.011416804876620112,0.004090194318804974,-0.02214093437897946,0.139798488347181,0.13574809018446077,0.14953955484365955,0.1015818597551712,0.16757708524297166,5112.235415720974,4809.346478325023,5186.663742163665,5818.2916275388425,6947.051822086233,148.6111406430834,.,.,.,.,0.002176301192348129,.,.,.,.,0.15565221356449488,.,.,.,.,32.478250249276805,.,.,.,.,0.006424663567252098,.,.,.,.,.,.,.,.,.,.,.,.,.
,2023-03-01 00:00:00,171.14229718901,171.69689943331673,171.88544099135186,164.86460731289029,208.1256437298355,0.012201766865061803,0.012062685353617875,0.013496084649936124,0.007232888310136465,-0.0041565976007729155,0.13521887979028446,0.1321994045952144,0.14355533199362736,0.10262423658010933,0.12950394507816343,5174.6137204229135,4867.360111649588,5256.66339507866,5860.374681036633,6918.175723150104,148.81222526349435,.,.,.,.,0.0013530925039726416,.,.,.,.,0.13452658992443678,.,.,.,.,32.522196326231246,.,.,.,.,0.006346265923698724,.,.,.,.,.,.,.,.,.,.,.,.,.
,2023-04-01 00:00:00,172.97862711772737,173.7027426802177,173.56276463465034,166.88065523459565,209.44178164868308,0.010729842703287584,0.011682466331781383,0.009758381126548477,0.012228506497329539,0.00632376623687958,0.13704577776798432,0.13113482939052767,0.1471117231640493,0.10671199629892603,0.11030986538008292,5230.136511693325,4924.22288227859,5307.9599199418135,5932.038310900475,6961.9246492089615,150.62516773032638,.,.,.,.,0.01218275221422127,.,.,.,.,0.12927016289384574,.,.,.,.,32.91840618553598,.,.,.,.,0.006344394332075473,.,.,.,.,.,.,.,.,.,.,.,.,.
,2023-05-01 00:00:00,174.6845168682308,175.24733945642768,175.19733995911207,169.34219280378102,215.65053174488858,0.009861852755614686,0.00889218415539661,0.009417776490841856,0.014750287058287403,0.029644276549461557,0.1339037773676066,0.12921265043481567,0.14132990526555478,0.11183470818782504,0.12641325450562912,5281.715347863409,4968.00997897003,5357.949100090173,6019.537578827015,7168.305868826626,152.59719853006712,.,.,.,.,0.013092306083080318,.,.,.,.,0.13427128179916026,.,.,.,.,33.34938403508418,.,.,.,.,0.0063530184444093455,.,.,.,.,.,.,.,.,.,.,.,.,.
,2023-06-01 00:00:00,176.42016886635741,176.37535844096976,177.33543697255155,171.3814296270842,219.14458936046523,0.009935923510816291,0.0064367253051653694,0.012203935367617325,0.012042107105971311,0.016202406677624515,0.1376212070486147,0.1287218071598859,0.14831987056519713,0.11466023621072985,0.14680928906175228,5334.194067565683,4999.987694517979,5423.337164610656,6092.025495079669,7284.4496757029565,153.6251101342493,.,.,.,.,0.006736110584491861,.,.,.,.,0.12851565494105,.,.,.,.,33.57402917386919,.,.,.,.,0.006337593319675959,.,.,.,.,.,.,.,.,.,.,.,.,.
,2023-07-01 00:00:00,178.35345251988926,177.96084253544254,179.5758218310208,173.4109486264268,217.05143910317864,0.01095840495990208,0.008989260792932274,0.012633599334215484,0.011842117338842995,-0.009551457617069548,0.13108775511030002,0.12656209368397997,0.13736079371402576,0.11645038483742276,0.1411837519764536,5392.648326292775,5044.9338878654535,5491.853433402707,6164.167975823625,7214.872563361804,154.32965741354687,.,.,.,.,0.0045861466181009725,.,.,.,.,0.1215544903963659,.,.,.,.,33.728004594220955,.,.,.,.,0.006296622705773269,.,.,.,.,.,.,.,.,.,.,.,.,.
,2023-08-01 00:00:00,179.438539536297,178.7182701655153,180.94016815154382,174.57765590022655,215.2096423240566,0.006083913717827905,0.004256147696771517,0.007597605883752356,0.006727990839339393,-0.008485531294941118,0.11814695124887598,0.11665183559972792,0.12083592614842265,0.11189447293254795,0.13782364246142897,5425.456733420529,5066.405871612657,5533.5783713610335,6205.640441497116,7153.650536436385,154.58740283943843,.,.,.,.,0.0016700965336875484,.,.,.,.,0.11113468161808204,.,.,.,.,33.78433361778196,.,.,.,.,0.0062755451021689855,.,.,.,.,.,.,.,.,.,.,.,.,.
,2023-09-01 00:00:00,180.22383941002124,179.49323711355729,181.62346467322547,176.10640532032312,213.0368416287356,0.004376428139426514,0.004336249155300509,0.003776367230461375,0.008756844695922972,-0.010096205132153258,0.10475089506928303,0.10808918925833932,0.10314435332778227,0.10554965025543028,0.10553821082035864,5449.200854937912,5088.375069793848,5554.475195389831,6259.9822710820445,7081.425813176785,155.56384096289557,.,.,.,.,0.00631641456885923,.,.,.,.,0.11043910298198867,.,.,.,.,33.99772947484452,.,.,.,.,0.006276877673167264,.,.,.,.,.,.,.,.,.,.,.,.,.
,2023-10-01 00:00:00,181.5316560707173,180.56758594639194,183.01272823080038,177.7294155223028,218.02102344666247,0.007256624123519462,0.00598545577600218,0.007649141370992263,0.009216077058796124,0.023395867962654693,0.09767570191063801,0.10020888635130709,0.09646224377426127,0.10077033597857987,0.08836255171530794,5488.743657315757,5118.831313745811,5596.9621614010375,6317.674750079033,7247.101916489202,156.4193333360698,.,.,.,.,0.005499300916453231,.,.,.,.,0.10155971982088596,.,.,.,.,34.18469321970286,.,.,.,.,0.0062564843996476835,.,.,.,.,.,.,.,.,.,.,.,.,.
,2023-11-01 00:00:00,183.36610397791418,182.17641486546177,185.0435504505901,179.40749484734837,221.25509521907614,0.010105388486525202,0.008909843428639874,0.011096617374222184,0.009441764719217316,0.014833761080865981,0.10235525246971067,0.10042095928869132,0.10529271325224787,0.10275990014637815,0.05776182686663689,5544.209544275884,5164.439299288904,5659.069508964105,6377.3247486418195,7354.603694847089,158.011098341941,.,.,.,.,0.010176267676907047,.,.,.,.,0.09460327808890545,.,.,.,.,34.5325658083595,.,.,.,.,0.006251580383973218,.,.,.,.,.,.,.,.,.,.,.,.,.
,2023-12-01 00:00:00,184.82635696057517,183.59977587002496,186.6289221873971,180.37283721829678,223.13178933731638,0.007963592785048546,0.00781309153335985,0.008567560084891124,0.005380724878689014,0.008482037967903144,0.10802236825145206,0.09866746920729241,0.11692483890921634,0.10525635486039686,0.042553796399380284,5588.361371401476,5204.78953625273,5707.553927006731,6411.639378576316,7416.985722625663,159.41945429278078,.,.,.,.,0.008913019184209947,.,.,.,.,0.07905458487777661,.,.,.,.,34.8403552298894,.,.,.,.,0.006259838377975999,.,.,.,.,.,.,.,.,.,.,.,.,.
,2024-01-01 00:00:00,186.2512030288188,184.50757067540914,188.64776887676834,180.77238094060235,225.22997675417713,0.007709106491492257,0.004944422187240782,0.010817437435254984,0.002215099171623214,0.009403354954899967,0.11276141278157747,0.09918668467991876,0.12503185868206113,0.10893800969339473,0.053823586737744344,5631.442644326552,5230.5242131156965,5769.29503452047,6425.841795652546,7486.730272070937,162.6081966764179,.,.,.,.,0.020002216152244845,.,.,.,.,0.09656705670615473,.,.,.,.,35.53723954601863,.,.,.,.,0.006370402114024279,.,.,.,.,.,.,.,.,.,.,.,.,.
,2024-02-01 00:00:00,188.0679201449993,186.18928407549504,190.80329441189065,181.28080454017635,229.55866900439779,0.009754122854709335,0.0091146037744132,0.011426191510011341,0.0028125070706517263,0.01921898813205103,0.11230645017677077,0.09748765089783795,0.12504229974014924,0.10752690543005827,0.09839653535594683,5686.372427728563,5278.198368850721,5835.216104462657,6443.914521137709,7630.6176523177355,165.87430493883664,.,.,.,.,0.020085754157388225,.,.,.,.,0.11616332544821706,.,.,.,.,36.25103180297218,.,.,.,.,0.006453559678419893,.,.,.,.,.,.,.,.,.,.,.,.,.
,2024-03-01 00:00:00,190.68166390054958,188.2455663358629,193.96456385293126,182.87479882789663,238.87962515546735,0.01389787133039544,0.011044041930652115,0.01656821204678116,0.00879295682608805,0.040603808131031593,0.11417029590271444,0.09638302705037072,0.12845254801243056,0.10924231591335709,0.14776642067977508,5765.4009000658425,5336.491012954607,5931.895202220187,6500.575583313074,7940.449787393708,167.84289010227238,.,.,.,.,0.011867933156745503,.,.,.,.,0.1278837461443869,.,.,.,.,36.68125662527291,.,.,.,.,0.006461194596241478,.,.,.,.,.,.,.,.,.,.,.,.,.
,2024-04-01 00:00:00,193.03500681129952,190.73948477607564,196.2997573019311,184.9701271802972,238.9354387829871,0.012341736812079285,0.013248218742975215,0.01203927873531807,0.011457720614487021,0.00023364750126098066,0.11594715502003616,0.09807986812978609,0.13100155851482387,0.10839765651849786,0.14082031246170623,5836.55596059058,5407.190013214151,6003.310941988411,6575.057362180031,7942.30505364542,172.0824680340866,.,.,.,.,0.02525920477912935,.,.,.,.,0.14245494711864182,.,.,.,.,37.60779599792647,.,.,.,.,0.006541927016901498,.,.,.,.,.,.,.,.,.,.,.,.,.
,2024-05-01 00:00:00,194.72206687426413,192.27696286979577,197.96909272531,187.1321725398761,243.6180125289755,0.008739658628933444,0.00806061783969425,0.008504011651992327,0.011688619089673224,0.01959765269580349,0.11470707516195144,0.09717479002071938,0.12997773123446077,0.10505343908418951,0.12968890249328036,5887.565467254809,5450.775305497282,6054.363168189614,6651.910703179305,8097.955589690889,173.9133202738086,.,.,.,.,0.0106393885480498,.,.,.,.,0.13968881440206427,.,.,.,.,38.00791995198421,.,.,.,.,0.006555328417882148,.,.,.,.,.,.,.,.,.,.,.,.,.
,2024-06-01 00:00:00,195.54895502037792,193.61225682341066,198.3059733875261,188.74418671490386,240.48268996817308,0.004246504566160603,0.006944638263914671,0.0017016831141594135,0.008614308021696493,-0.012869830634668289,0.10842743364853602,0.09772849526602001,0.11825350179851779,0.10131060947268322,0.09736996322829294,5912.5670408950755,5488.62896825184,6064.6657757599105,6709.212310909312,7993.736272764501,176.0273273619335,.,.,.,.,0.012155521410301295,.,.,.,.,0.14582392948722656,.,.,.,.,38.46992603672158,.,.,.,.,0.006588478026931945,.,.,.,.,.,.,.,.,.,.,.,.,.
,2024-07-01 00:00:00,195.726115485566,194.56582220020294,197.50070134722776,190.61929755074203,244.56462230200967,0.0009059647757749811,0.004925129185710642,-0.004060755339551414,0.009934668020639581,0.016973913317323674,0.09740581256053571,0.09330692880628155,0.09981788936527392,0.09923450082374319,0.12675881492659546,5917.923618368535,5515.6611749729145,6040.0386518283985,6775.866107898184,8129.421259339952,175.72413613164946,.,.,.,.,-0.001722410007740538,.,.,.,.,0.13862843394237068,.,.,.,.,38.40366505111889,.,.,.,.,0.006536337386285705,.,.,.,.,.,.,.,.,.,.,.,.,.
,2024-08-01 00:00:00,195.8486193510994,195.949929203633,196.4459227408106,191.8948812346345,243.81529541763157,0.000625894328048604,0.00711382393772042,-0.005340632206478846,0.006691786719825288,-0.0030639218269793433,0.09145237058443034,0.09641800484169316,0.08569548015607098,0.09919496996972499,0.13291994161907206,5921.627613195096,5554.898617471792,6007.781026876067,6821.208758734331,8104.51334810275,176.54853233688112,.,.,.,.,0.004691422723023253,.,.,.,.,0.14206286601666074,.,.,.,.,38.583832877987085,.,.,.,.,0.006519025474119667,.,.,.,.,.,.,.,.,.,.,.,.,.
,2024-09-01 00:00:00,197.35157494391828,197.38257694785446,198.1150627503749,192.91816124435397,244.40215878315087,0.007674067847905253,0.007311295033603393,0.008496689502518029,0.005332502895000424,0.0024069997926670084,0.09503590418429764,0.09966581539213859,0.09080103227201897,0.09546362549080278,0.14722954449858183,5967.070585268784,5595.512120145884,6058.827276860551,6857.582874187684,8124.0209100513,178.40014474300577,.,.,.,.,0.010487837999080485,.,.,.,.,0.14679699111798739,.,.,.,.,38.988493866595014,.,.,.,.,0.006547376484332788,.,.,.,.,.,.,.,.,.,.,.,.,.
,2024-10-01 00:00:00,199.72041899987082,199.03962634361793,201.36394558991526,193.78786248534038,244.37390259168475,0.012003167730613162,0.008395114814015336,0.016398969338509817,0.004508135653878753,-0.000115613510153878,0.10019609429480392,0.10229986905130395,0.10027290198074024,0.09035334368171855,0.12087310998000778,6038.694334364174,5642.487086837723,6158.185799601115,6888.497788042238,8123.0816634773255,179.29235640067742,.,.,.,.,0.005001182364268386,.,.,.,.,0.14622887450533062,.,.,.,.,39.18348243453002,.,.,.,.,0.0065383044264834414,.,.,.,.,.,.,.,.,.,.,.,.,.
,2024-11-01 00:00:00,202.48096231611558,200.90173614900556,205.24179403955705,194.96072932772782,238.85925170971507,0.013822038477931287,0.009355472774918328,0.01925790855101317,0.006052323542586002,-0.02256644765862703,0.10424423011410933,0.10278674820433009,0.10915399936816628,0.08669222260537746,0.07956497667639306,6122.161399810221,5695.275221161462,6276.779578569981,6930.189205377858,7939.772566291711,180.73244773547236,.,.,.,.,0.008032084377187054,.,.,.,.,0.14379590821121724,.,.,.,.,39.49820747163619,.,.,.,.,0.0065406262083416225,.,.,.,.,.,.,.,.,.,.,.,.,.
,2024-12-01 00:00:00,204.36558237687078,202.3532345446624,207.70504282175582,195.93958511589798,235.97828426646208,0.009307640773718262,0.007224917133519915,0.012001691925008329,0.005020784398712008,-0.01206136007976033,0.10571666150658077,0.1021431457950881,0.11293062397475473,0.08630317146234989,0.057573575541606026,6179.14427887838,5736.423112686942,6352.111553353162,6964.984191220341,7844.008110418265,182.05372151117882,.,.,.,.,0.007310661656286133,.,.,.,.,0.14197932942882385,.,.,.,.,39.78696550249112,.,.,.,.,0.006540013636505405,.,.,.,.,.,.,.,.,.,.,.,.,.
,2025-01-01 00:00:00,204.71209759140393,203.64779446688996,207.43858107341399,196.38227462572993,231.92343173279318,0.0016955654200820902,0.006397525224346445,-0.0012828853104471794,0.0022593163579993636,-0.017183159655022484,0.09911825675417885,0.1037367936796092,0.0996079217290955,0.0863510985688496,0.029718313144086794,6189.621422243344,5773.12202424788,6343.962522751043,6980.720293936773,7709.223266721656,184.16255615371153,.,.,.,.,0.011583584367448552,.,.,.,.,0.1325539543383889,.,.,.,.,40.247841174113994,.,.,.,.,0.006575135970843814,.,.,.,.,.,.,.,.,.,.,.,.,.
,2025-02-01 00:00:00,204.38688498099464,204.78894760588713,205.8080765618142,197.50592847576635,231.49394674349148,-0.0015886340584443381,0.005603562474047363,-0.007860179640463039,0.005721768179831388,-0.0018518395752117334,0.08677165581144042,0.09989653068782633,0.07864005805650542,0.0895027136311839,0.008430427600434554,6179.788378843091,5805.4720741810515,6294.097837689856,7020.662357186923,7694.947021982198,187.62419503195386,.,.,.,.,0.0187966487354414,.,.,.,.,0.13112272031003913,.,.,.,.,41.00436570702365,.,.,.,.,0.006655730546549207,.,.,.,.,.,.,.,.,.,.,.,.,.
,2025-03-01 00:00:00,204.69762187963335,206.09829880793532,205.14101062635055,199.0945477231627,234.15684201191502,0.0015203367802567591,0.006393661461496558,-0.003241203875997023,0.00804340031540507,0.011503088119078075,0.07350448749174854,0.09483746586743003,0.057621075475897454,0.0886931879035473,-0.019770556574168485,6189.183738409649,5842.590297247537,6273.69738338243,7077.132355005073,7783.462675647696,190.8470731598616,.,.,.,.,0.017177305556774547,.,.,.,.,0.1370578345235356,.,.,.,.,41.70871022593492,.,.,.,.,0.006724170546725558,.,.,.,.,.,.,.,.,.,.,.,.,.
,2025-04-01 00:00:00,205.74751166455866,208.09930546579955,205.27982788411745,201.28203842057513,237.33599517206494,0.00512897890695907,0.009708991628936126,0.0006766918879022032,0.010987195392483162,0.013577024411646876,0.06585595568002955,0.09101325145186379,0.04574672279586167,0.08818673311706227,-0.006694040947081259,6220.927931255246,5899.315957534817,6277.942743508918,7154.890191007978,7889.138938402108,193.6238399789711,.,.,.,.,0.014549695592048995,.,.,.,.,0.12518051484836645,.,.,.,.,42.31555926325925,.,.,.,.,0.006767740122640349,.,.,.,.,.,.,.,.,.,.,.,.,.
,2025-05-01 00:00:00,207.504028933381,210.07490730794876,206.89007379468887,203.0297220404084,239.41382892906321,0.008537246718619329,0.009493553271247679,0.007844150724251486,0.008682759939967921,0.00875481932477995,0.06564208291487805,0.09256410218110855,0.04506249408212981,0.08495358806965525,-0.017257277309953634,6274.037527823122,5955.321427841596,6327.187872627223,7217.014384933331,7958.2069244359045,194.9723371403449,.,.,.,.,0.006964520285933196,.,.,.,.,0.12108915426018574,.,.,.,.,42.61026683415883,.,.,.,.,0.006766944669825805,.,.,.,.,.,.,.,.,.,.,.,.,.
,2025-06-01 00:00:00,208.552956494165,211.92568725798634,207.36883774779886,204.3168799233999,238.47838889163003,0.005054974431945913,0.00881009528341492,0.0023140982277627398,0.006339750998306304,-0.0039072097113920234,0.06649997936543284,0.09458817708673761,0.04570141890059087,0.08250687599729067,-0.00833449208676229,6305.752627111337,6007.788377064243,6341.829606869992,7262.768459085002,7927.112541055481,194.95450838960187,.,.,.,.,-9.144246309267245e-05,.,.,.,.,0.10752410612218077,.,.,.,.,42.60637044640648,.,.,.,.,0.006720810291536556,.,.,.,.,.,.,.,.,.,.,.,.,.
,2025-07-01 00:00:00,209.5865807757079,213.34222396681406,208.17692303162255,205.24516466578996,238.66791706709554,0.004956171798848663,0.006684119925034482,0.003896850137176777,0.004543358056064983,0.0007947394157867826,0.07081561525786295,0.09650411132994718,0.054056626693314014,0.07672815555914303,-0.024111031184356535,6337.005020452342,6047.945155060768,6366.542766443475,7295.765816672921,7933.412529845236,194.69586004610704,.,.,.,.,-0.0013267112703951867,.,.,.,.,0.10796310815404597,.,.,.,.,42.5498440945446,.,.,.,.,0.006673461383072201,.,.,.,.,.,.,.,.,.,.,.,.,.
,2025-08-01 00:00:00,212.358483908097,214.4078574831222,212.5233585404521,206.22011067627517,239.38211942306637,0.01322557542629843,0.004994948943974231,0.020878565431430296,0.004750153369375454,0.0029924522941642273,0.08429911128145484,0.09419716738099737,0.0818415346846062,0.07465144119256029,-0.01818251798752657,6420.815558327167,6078.154332326252,6499.467046164665,7330.421823249164,7957.152888370722,193.8448352058644,.,.,.,.,-0.004371047437994324,.,.,.,.,0.09796911160937505,.,.,.,.,42.363856707528086,.,.,.,.,0.006613195353155537,.,.,.,.,.,.,.,.,.,.,.,.,.
,2025-09-01 00:00:00,215.4485154766179,215.4951907778482,217.45020332933123,207.17310140324804,241.47984019041314,0.01455101539460113,0.00507133137511806,0.02318260365691205,0.004621230799690901,0.008763063725905962,0.09169899220638222,0.0917639951310334,0.0975955099553365,0.07389112599325731,-0.011957008102087108,6514.244944362281,6108.978667094588,6650.141614677062,7364.29739435349,8026.881926208292,193.65839386853153,.,.,.,.,-0.0009618070924348743,.,.,.,.,0.08552823288067413,.,.,.,.,42.32311084968389,.,.,.,.,0.006575297116088898,.,.,.,.,.,.,.,.,.,.,.,.,.
,2025-10-01 00:00:00,216.42790472995125,216.23286306747477,218.4898149147828,208.67014909352193,242.20990447888238,0.004545815742414083,0.0034231496627088465,0.004780917973560506,0.00722607172520906,0.0030232929088140903,0.08365436951186878,0.08638097367694408,0.08504933330887843,0.0767967942744987,-0.008855275010352104,6543.857501580304,6129.890615358348,6681.935396249393,7417.512335530859,8051.149541415685,194.55463366833996,.,.,.,.,0.004627941923430745,.,.,.,.,0.08512508605528524,.,.,.,.,42.518979748715154,.,.,.,.,0.006574819274489,.,.,.,.,.,.,.,.,.,.,.,.,.
,2025-11-01 00:00:00,215.42453436386558,217.09018307627002,215.786285180528,209.45123968777526,245.64055037767523,-0.004636048975928619,0.00396479978405373,-0.012373710579183017,0.003743183189576671,0.014163937293043105,0.0639248840962261,0.0805789299663282,0.05137594509107957,0.07432527776242037,0.028390353814728764,6513.51985771148,6154.194404346395,6599.255061547405,7445.277443013695,8165.18551865721,196.6505919877218,.,.,.,.,0.010773109228304767,.,.,.,.,0.08807574097346316,.,.,.,.,42.97704136182414,.,.,.,.,0.006606543953570972,.,.,.,.,.,.,.,.,.,.,.,.,.
,2025-12-01 00:00:00,213.80708542833742,218.28626387786983,211.82281146838505,209.5983770745414,248.4463632333295,-0.007508192789202894,0.0055096033576957915,-0.0183675886019683,0.0007024899302838783,0.011422433516535824,0.046199085685844965,0.07873869359716501,0.019825077863723006,0.06970920118343749,0.05283570480065314,6464.61509488348,6188.101574500493,6478.042659497445,7450.507675445582,8258.451807394253,199.17086738531987,.,.,.,.,0.012816007173552801,.,.,.,.,0.09402249913957395,.,.,.,.,43.52783543221536,.,.,.,.,0.006663743094639356,.,.,.,.,.,.,.,.,.,.,.,.,.
,2026-01-01 00:00:00,214.5750553370655,219.3514969072315,212.37302343808997,210.20423368176364,251.29849968797274,0.0035918824074026023,0.004879981957809587,0.0025975104658972903,0.0028905596296997516,0.011479888123637538,0.04817965260337265,0.07711206733886189,0.02378748610380077,0.07038292576239846,0.08354079538415182,6487.835232113422,6218.2993985371495,6494.8694431040185,7472.043812152992,8353.257910217591,,,,,,,,,,,,,,,,,,,,,,,,,,,,,,,,,,
,,,,,,,,,,,,,,,,,,,,,,,,,,,,,,,,,,,,,,,,,,,,,,,,,,,,,,,
,,,Nota: Os preços considerados para o cálculo são médias móveis trimestrais.,,,,,,,,,,,,,,,,,,,,,,,,,,,,,,,,,,,,,,,,,,,,,,,,,,,,
,,,Fonte: ZAP e IBGE.,,,,,,,,,,,,,,,,,,,,,,,,,,,,,,,,,,,,,,,,,,,,,,,,,,,,
,,,Note: Monthly prices are 3-months moving averages.,,,,,,,,,,,,,,,,,,,,,,,,,,,,,,,,,,,,,,,,,,,,,,,,,,,,
,,,Source: ZAP and IBGE.,,,,,,,,,,,,,,,,,,,,,,,,,,,,,,,,,,,,,,,,,,,,,,,,,,,,
