Unnamed: 0,Recife,Imóveis residenciais,Unnamed: 3,Unnamed: 4,Unnamed: 5,Unnamed: 6,Unnamed: 7,Unnamed: 8,Unnamed: 9,Unnamed: 10,Unnamed: 11,Unnamed: 12,Unnamed: 13,Unnamed: 14,Unnamed: 15,Unnamed: 16,Unnamed: 17,Unnamed: 18,Unnamed: 19,Unnamed: 20,Unnamed: 21,Imóveis residenciais.1,Unnamed: 23,Unnamed: 24,Unnamed: 25,Unnamed: 26,Unnamed: 27,Unnamed: 28,Unnamed: 29,Unnamed: 30,Unnamed: 31,Unnamed: 32,Unnamed: 33,Unnamed: 34,Unnamed: 35,Unnamed: 36,Unnamed: 37,Unnamed: 38,Unnamed: 39,Unnamed: 40,Unnamed: 41,Imóveis residenciais.2,Unnamed: 43,Unnamed: 44,Unnamed: 45,Unnamed: 46,Imóveis comerciais,Unnamed: 48,Unnamed: 49,Unnamed: 50,Imóveis comerciais.1,Unnamed: 52,Unnamed: 53,Unnamed: 54,Imóveis comerciais.2
,,Venda,,,,,,,,,,,,,,,,,,,,Locação,,,,,,,,,,,,,,,,,,,,Rentabilidade do aluguel (rental yield),,,,,Venda,,,,Locação,,,,Rentabilidade do aluguel (rental yield)
,,Número-Índice,,,,,Var. mensal (%),,,,,Var. em 12 meses (%),,,,,Preço médio (R$/m²),,,,,Número-Índice,,,,,Var. mensal (%),,,,,Var. em 12 meses (%),,,,,Preço médio (R$/m²),,,,,(% - mensalizada),,,,,Número-Índice,Var. mensal (%),Var. em 12 meses (%),Preço médio (R$/m²),Número-Índice,Var. mensal (%),Var. em 12 meses (%),Preço médio (R$/m²),(% - mensalizada)
,Data,Total,1D,2D,3D,4D,Total,1D,2D,3D,4D,Total,1D,2D,3D,4D,Total,1D,2D,3D,4D,Total,1D,2D,3D,4D,Total,1D,2D,3D,4D,Total,1D,2D,3D,4D,Total,1D,2D,3D,4D,Total,1D,2D,3D,4D,Total,Total,Total,Total,Total,Total,Total,Total,Total
,2008-01-01 00:00:00,.,.,.,.,.,.,.,.,.,.,.,.,.,.,.,.,.,.,.,.,.,.,.,.,.,.,.,.,.,.,.,.,.,.,.,.,.,.,.,.,.,.,.,.,.,.,.,.,.,.,.,.,.,.
,2008-02-01 00:00:00,.,.,.,.,.,.,.,.,.,.,.,.,.,.,.,.,.,.,.,.,.,.,.,.,.,.,.,.,.,.,.,.,.,.,.,.,.,.,.,.,.,.,.,.,.,.,.,.,.,.,.,.,.,.
,2008-03-01 00:00:00,.,.,.,.,.,.,.,.,.,.,.,.,.,.,.,.,.,.,.,.,.,.,.,.,.,.,.,.,.,.,.,.,.,.,.,.,.,.,.,.,.,.,.,.,.,.,.,.,.,.,.,.,.,.
,2008-04-01 00:00:00,.,.,.,.,.,.,.,.,.,.,.,.,.,.,.,.,.,.,.,.,.,.,.,.,.,.,.,.,.,.,.,.,.,.,.,.,.,.,.,.,.,.,.,.,.,.,.,.,.,.,.,.,.,.
,2008-05-01 00:00:00,.,.,.,.,.,.,.,.,.,.,.,.,.,.,.,.,.,.,.,.,.,.,.,.,.,.,.,.,.,.,.,.,.,.,.,.,.,.,.,.,.,.,.,.,.,.,.,.,.,.,.,.,.,.
,2008-06-01 00:00:00,.,.,.,.,.,.,.,.,.,.,.,.,.,.,.,.,.,.,.,.,.,.,.,.,.,.,.,.,.,.,.,.,.,.,.,.,.,.,.,.,.,.,.,.,.,.,.,.,.,.,.,.,.,.
,2008-07-01 00:00:00,.,.,.,.,.,.,.,.,.,.,.,.,.,.,.,.,.,.,.,.,.,.,.,.,.,.,.,.,.,.,.,.,.,.,.,.,.,.,.,.,.,.,.,.,.,.,.,.,.,.,.,.,.,.
,2008-08-01 00:00:00,.,.,.,.,.,.,.,.,.,.,.,.,.,.,.,.,.,.,.,.,.,.,.,.,.,.,.,.,.,.,.,.,.,.,.,.,.,.,.,.,.,.,.,.,.,.,.,.,.,.,.,.,.,.
,2008-09-01 00:00:00,.,.,.,.,.,.,.,.,.,.,.,.,.,.,.,.,.,.,.,.,.,.,.,.,.,.,.,.,.,.,.,.,.,.,.,.,.,.,.,.,.,.,.,.,.,.,.,.,.,.,.,.,.,.
,2008-10-01 00:00:00,.,.,.,.,.,.,.,.,.,.,.,.,.,.,.,.,.,.,.,.,.,.,.,.,.,.,.,.,.,.,.,.,.,.,.,.,.,.,.,.,.,.,.,.,.,.,.,.,.,.,.,.,.,.
,2008-11-01 00:00:00,.,.,.,.,.,.,.,.,.,.,.,.,.,.,.,.,.,.,.,.,.,.,.,.,.,.,.,.,.,.,.,.,.,.,.,.,.,.,.,.,.,.,.,.,.,.,.,.,.,.,.,.,.,.
,2008-12-01 00:00:00,.,.,.,.,.,.,.,.,.,.,.,.,.,.,.,.,.,.,.,.,.,.,.,.,.,.,.,.,.,.,.,.,.,.,.,.,.,.,.,.,.,.,.,.,.,.,.,.,.,.,.,.,.,.
,2009-01-01 00:00:00,.,.,.,.,.,.,.,.,.,.,.,.,.,.,.,.,.,.,.,.,.,.,.,.,.,.,.,.,.,.,.,.,.,.,.,.,.,.,.,.,.,.,.,.,.,.,.,.,.,.,.,.,.,.
,2009-02-01 00:00:00,.,.,.,.,.,.,.,.,.,.,.,.,.,.,.,.,.,.,.,.,.,.,.,.,.,.,.,.,.,.,.,.,.,.,.,.,.,.,.,.,.,.,.,.,.,.,.,.,.,.,.,.,.,.
,2009-03-01 00:00:00,.,.,.,.,.,.,.,.,.,.,.,.,.,.,.,.,.,.,.,.,.,.,.,.,.,.,.,.,.,.,.,.,.,.,.,.,.,.,.,.,.,.,.,.,.,.,.,.,.,.,.,.,.,.
,2009-04-01 00:00:00,.,.,.,.,.,.,.,.,.,.,.,.,.,.,.,.,.,.,.,.,.,.,.,.,.,.,.,.,.,.,.,.,.,.,.,.,.,.,.,.,.,.,.,.,.,.,.,.,.,.,.,.,.,.
,2009-05-01 00:00:00,.,.,.,.,.,.,.,.,.,.,.,.,.,.,.,.,.,.,.,.,.,.,.,.,.,.,.,.,.,.,.,.,.,.,.,.,.,.,.,.,.,.,.,.,.,.,.,.,.,.,.,.,.,.
,2009-06-01 00:00:00,.,.,.,.,.,.,.,.,.,.,.,.,.,.,.,.,.,.,.,.,.,.,.,.,.,.,.,.,.,.,.,.,.,.,.,.,.,.,.,.,.,.,.,.,.,.,.,.,.,.,.,.,.,.
,2009-07-01 00:00:00,.,.,.,.,.,.,.,.,.,.,.,.,.,.,.,.,.,.,.,.,.,.,.,.,.,.,.,.,.,.,.,.,.,.,.,.,.,.,.,.,.,.,.,.,.,.,.,.,.,.,.,.,.,.
,2009-08-01 00:00:00,.,.,.,.,.,.,.,.,.,.,.,.,.,.,.,.,.,.,.,.,.,.,.,.,.,.,.,.,.,.,.,.,.,.,.,.,.,.,.,.,.,.,.,.,.,.,.,.,.,.,.,.,.,.
,2009-09-01 00:00:00,.,.,.,.,.,.,.,.,.,.,.,.,.,.,.,.,.,.,.,.,.,.,.,.,.,.,.,.,.,.,.,.,.,.,.,.,.,.,.,.,.,.,.,.,.,.,.,.,.,.,.,.,.,.
,2009-10-01 00:00:00,.,.,.,.,.,.,.,.,.,.,.,.,.,.,.,.,.,.,.,.,.,.,.,.,.,.,.,.,.,.,.,.,.,.,.,.,.,.,.,.,.,.,.,.,.,.,.,.,.,.,.,.,.,.
,2009-11-01 00:00:00,.,.,.,.,.,.,.,.,.,.,.,.,.,.,.,.,.,.,.,.,.,.,.,.,.,.,.,.,.,.,.,.,.,.,.,.,.,.,.,.,.,.,.,.,.,.,.,.,.,.,.,.,.,.
,2009-12-01 00:00:00,.,.,.,.,.,.,.,.,.,.,.,.,.,.,.,.,.,.,.,.,.,.,.,.,.,.,.,.,.,.,.,.,.,.,.,.,.,.,.,.,.,.,.,.,.,.,.,.,.,.,.,.,.,.
,2010-01-01 00:00:00,.,.,.,.,.,.,.,.,.,.,.,.,.,.,.,.,.,.,.,.,.,.,.,.,.,.,.,.,.,.,.,.,.,.,.,.,.,.,.,.,.,.,.,.,.,.,.,.,.,.,.,.,.,.
,2010-02-01 00:00:00,.,.,.,.,.,.,.,.,.,.,.,.,.,.,.,.,.,.,.,.,.,.,.,.,.,.,.,.,.,.,.,.,.,.,.,.,.,.,.,.,.,.,.,.,.,.,.,.,.,.,.,.,.,.
,2010-03-01 00:00:00,.,.,.,.,.,.,.,.,.,.,.,.,.,.,.,.,.,.,.,.,.,.,.,.,.,.,.,.,.,.,.,.,.,.,.,.,.,.,.,.,.,.,.,.,.,.,.,.,.,.,.,.,.,.
,2010-04-01 00:00:00,.,.,.,.,.,.,.,.,.,.,.,.,.,.,.,.,.,.,.,.,.,.,.,.,.,.,.,.,.,.,.,.,.,.,.,.,.,.,.,.,.,.,.,.,.,.,.,.,.,.,.,.,.,.
,2010-05-01 00:00:00,.,.,.,.,.,.,.,.,.,.,.,.,.,.,.,.,.,.,.,.,.,.,.,.,.,.,.,.,.,.,.,.,.,.,.,.,.,.,.,.,.,.,.,.,.,.,.,.,.,.,.,.,.,.
,2010-06-01 00:00:00,99.02333855388079,.,.,.,.,.,.,.,.,.,.,.,.,.,.,3168.3481410645218,.,.,.,.,.,.,.,.,.,.,.,.,.,.,.,.,.,.,.,.,.,.,.,.,.,.,.,.,.,.,.,.,.,.,.,.,.,.
,2010-07-01 00:00:00,98.93283995443826,.,.,.,.,-0.0009139118188111858,.,.,.,.,.,.,.,.,.,3165.4525502522943,.,.,.,.,.,.,.,.,.,.,.,.,.,.,.,.,.,.,.,.,.,.,.,.,.,.,.,.,.,.,.,.,.,.,.,.,.,.
,2010-08-01 00:00:00,100,.,.,.,.,0.010786711935624265,.,.,.,.,.,.,.,.,.,3199.5973750577527,.,.,.,.,.,.,.,.,.,.,.,.,.,.,.,.,.,.,.,.,.,.,.,.,.,.,.,.,.,.,.,.,.,.,.,.,.,.
,2010-09-01 00:00:00,102.14107583286666,.,.,.,.,0.021410758328666762,.,.,.,.,.,.,.,.,.,3268.10318120415,.,.,.,.,.,.,.,.,.,.,.,.,.,.,.,.,.,.,.,.,.,.,.,.,.,.,.,.,.,.,.,.,.,.,.,.,.,.
,2010-10-01 00:00:00,104.26782896904936,.,.,.,.,0.02082172249353151,.,.,.,.,.,.,.,.,.,3336.15071872341,.,.,.,.,.,.,.,.,.,.,.,.,.,.,.,.,.,.,.,.,.,.,.,.,.,.,.,.,.,.,.,.,.,.,.,.,.,.
,2010-11-01 00:00:00,105.73193067132499,.,.,.,.,0.014041739592662101,.,.,.,.,.,.,.,.,.,3382.996078357597,.,.,.,.,.,.,.,.,.,.,.,.,.,.,.,.,.,.,.,.,.,.,.,.,.,.,.,.,.,.,.,.,.,.,.,.,.,.
,2010-12-01 00:00:00,106.57871128854872,.,.,.,.,0.008008750165132215,.,.,.,.,.,.,.,.,.,3410.0896487587856,.,.,.,.,.,.,.,.,.,.,.,.,.,.,.,.,.,.,.,.,.,.,.,.,.,.,.,.,.,.,.,.,.,.,.,.,.,.
,2011-01-01 00:00:00,107.39550660307494,.,.,.,.,0.007663775482467956,.,.,.,.,.,.,.,.,.,3436.223810201961,.,.,.,.,.,.,.,.,.,.,.,.,.,.,.,.,.,.,.,.,.,.,.,.,.,.,.,.,.,.,.,.,.,.,.,.,.,.
,2011-02-01 00:00:00,108.88716532917988,.,.,.,.,0.013889396058421549,.,.,.,.,.,.,.,.,.,3483.950883647235,.,.,.,.,.,.,.,.,.,.,.,.,.,.,.,.,.,.,.,.,.,.,.,.,.,.,.,.,.,.,.,.,.,.,.,.,.,.
,2011-03-01 00:00:00,111.07231480162054,.,.,.,.,0.020068016885504022,.,.,.,.,.,.,.,.,.,3553.8668688085345,.,.,.,.,.,.,.,.,.,.,.,.,.,.,.,.,.,.,.,.,.,.,.,.,.,.,.,.,.,.,.,.,.,.,.,.,.,.
,2011-04-01 00:00:00,115.02769087971032,.,.,.,.,0.03561081881794066,.,.,.,.,.,.,.,.,.,3680.4229779767575,.,.,.,.,.,.,.,.,.,.,.,.,.,.,.,.,.,.,.,.,.,.,.,.,.,.,.,.,.,.,.,.,.,.,.,.,.,.
,2011-05-01 00:00:00,118.94578108212212,.,.,.,.,0.034062147752832124,.,.,.,.,.,.,.,.,.,3805.7860892455205,.,.,.,.,.,.,.,.,.,.,.,.,.,.,.,.,.,.,.,.,.,.,.,.,.,.,.,.,.,.,.,.,.,.,.,.,.,.
,2011-06-01 00:00:00,122.63404976343871,.,.,.,.,0.03100798235769409,.,.,.,.,0.23843582285110299,.,.,.,.,3923.7958371580035,.,.,.,.,.,.,.,.,.,.,.,.,.,.,.,.,.,.,.,.,.,.,.,.,.,.,.,.,.,.,.,.,.,.,.,.,.,.
,2011-07-01 00:00:00,126.31428722621818,.,.,.,.,0.030009915434405465,.,.,.,.,0.27676803055881094,.,.,.,.,4041.5486184129873,.,.,.,.,.,.,.,.,.,.,.,.,.,.,.,.,.,.,.,.,.,.,.,.,.,.,.,.,.,.,.,.,.,.,.,.,.,.
,2011-08-01 00:00:00,130.03969197848764,.,.,.,.,0.029493138377906163,.,.,.,.,0.30039691978487637,.,.,.,.,4160.746571076877,.,.,.,.,.,.,.,.,.,.,.,.,.,.,.,.,.,.,.,.,.,.,.,.,.,.,.,.,.,.,.,.,.,.,.,.,.,.
,2011-09-01 00:00:00,133.19509985527898,.,.,.,.,0.024264959634888426,.,.,.,.,0.30403071212237864,.,.,.,.,4261.706918675059,.,.,.,.,.,.,.,.,.,.,.,.,.,.,.,.,.,.,.,.,.,.,.,.,.,.,.,.,.,.,.,.,.,.,.,.,.,.
,2011-10-01 00:00:00,134.7686215454818,.,.,.,.,0.011813660501868942,.,.,.,.,0.29252352214493915,.,.,.,.,4312.053277370753,.,.,.,.,.,.,.,.,.,.,.,.,.,.,.,.,.,.,.,.,.,.,.,.,.,.,.,.,.,.,.,.,.,.,.,.,.,.
,2011-11-01 00:00:00,136.1302171542136,.,.,.,.,0.010103209434937067,.,.,.,.,0.28750337092948564,.,.,.,.,4355.6188547266365,.,.,.,.,.,.,.,.,.,.,.,.,.,.,.,.,.,.,.,.,.,.,.,.,.,.,.,.,.,.,.,.,.,.,.,.,.,.
,2011-12-01 00:00:00,139.32940933605613,.,.,.,.,0.023500970238065196,.,.,.,.,0.30729118087043616,.,.,.,.,4457.980123799924,.,.,.,.,.,.,.,.,.,.,.,.,.,.,.,.,.,.,.,.,.,.,.,.,.,.,.,.,.,.,.,.,.,.,.,.,.,.
,2012-01-01 00:00:00,144.09661471127532,.,.,.,.,0.03421535624055448,.,.,.,.,0.34173783679651226,.,.,.,.,4610.51150184905,.,.,.,.,.,.,.,.,.,.,.,.,.,.,.,.,.,.,.,.,.,.,.,.,.,.,.,.,.,.,.,.,.,.,.,.,.,.
,2012-02-01 00:00:00,148.71279181292135,.,.,.,.,0.03203529181372799,.,.,.,.,0.3657513386756235,.,.,.,.,4758.210583221333,.,.,.,.,.,.,.,.,.,.,.,.,.,.,.,.,.,.,.,.,.,.,.,.,.,.,.,.,.,.,.,.,.,.,.,.,.,.
,2012-03-01 00:00:00,151.87637206196487,.,.,.,.,0.021273087610534973,.,.,.,.,0.3673647869248242,.,.,.,.,4859.432413827574,.,.,.,.,.,.,.,.,.,.,.,.,.,.,.,.,.,.,.,.,.,.,.,.,.,.,.,.,.,.,.,.,.,.,.,.,.,.
,2012-04-01 00:00:00,153.9533550559461,.,.,.,.,0.013675484644404167,.,.,.,.,0.33840255227710436,.,.,.,.,4925.887507183394,.,.,.,.,.,.,.,.,.,.,.,.,.,.,.,.,.,.,.,.,.,.,.,.,.,.,.,.,.,.,.,.,.,.,.,.,.,.
,2012-05-01 00:00:00,156.80593312558935,.,.,.,.,0.018528846406800588,.,.,.,.,0.3182975612840606,.,.,.,.,5017.158520221172,.,.,.,.,.,.,.,.,.,.,.,.,.,.,.,.,.,.,.,.,.,.,.,.,.,.,.,.,.,.,.,.,.,.,.,.,.,.
,2012-06-01 00:00:00,157.99805215053544,.,.,.,.,0.007602512233968264,.,.,.,.,0.288370174966202,.,.,.,.,5055.301529250912,.,.,.,.,.,.,.,.,.,.,.,.,.,.,.,.,.,.,.,.,.,.,.,.,.,.,.,.,.,.,.,.,.,.,.,.,.,.
,2012-07-01 00:00:00,159.01847209851095,.,.,.,.,0.006458433721722623,.,.,.,.,0.2589112094162582,.,.,.,.,5087.950859120902,.,.,.,.,.,.,.,.,.,.,.,.,.,.,.,.,.,.,.,.,.,.,.,.,.,.,.,.,.,.,.,.,.,.,.,.,.,.
,2012-08-01 00:00:00,159.28277774168805,.,.,.,.,0.001662106544536258,.,.,.,.,0.2248781531106523,.,.,.,.,5096.407575542126,.,.,.,.,.,.,.,.,.,.,.,.,.,.,.,.,.,.,.,.,.,.,.,.,.,.,.,.,.,.,.,.,.,.,.,.,.,.
,2012-09-01 00:00:00,160.97777044743057,.,.,.,.,0.010641405993630669,.,.,.,.,0.2085862814948778,.,.,.,.,5150.640517662485,.,.,.,.,.,.,.,.,.,.,.,.,.,.,.,.,.,.,.,.,.,.,.,.,.,.,.,.,.,.,.,.,.,.,.,.,.,.
,2012-10-01 00:00:00,162.75599650108697,.,.,.,.,0.011046407517720527,.,.,.,.,0.20766981686579,.,.,.,.,5207.536591797868,.,.,.,.,.,.,.,.,.,.,.,.,.,.,.,.,.,.,.,.,.,.,.,.,.,.,.,.,.,.,.,.,.,.,.,.,.,.
,2012-11-01 00:00:00,163.44007212462648,.,.,.,.,0.004203074776018611,.,.,.,.,0.20061567182747697,.,.,.,.,5229.424257492048,.,.,.,.,.,.,.,.,.,.,.,.,.,.,.,.,.,.,.,.,.,.,.,.,.,.,.,.,.,.,.,.,.,.,.,.,.,.
,2012-12-01 00:00:00,164.15521619395943,.,.,.,.,0.00437557362791447,.,.,.,.,0.17818066534700217,.,.,.,.,5252.305988362306,.,.,.,.,.,.,.,.,.,.,.,.,.,.,.,.,.,.,.,.,.,.,.,.,.,.,.,.,.,.,.,.,.,.,.,.,.,.
,2013-01-01 00:00:00,163.907491336698,.,.,.,.,-0.001509089159669087,.,.,.,.,0.13748328970196488,.,.,.,.,5244.379790332004,.,.,.,.,.,.,.,.,.,.,.,.,.,.,.,.,.,.,.,.,.,.,.,.,.,.,.,.,.,.,.,.,.,.,.,.,.,.
,2013-02-01 00:00:00,162.279665307996,.,.,.,.,-0.009931370527526035,.,.,.,.,0.09122869209624951,.,.,.,.,5192.295911447148,.,.,.,.,.,.,.,.,.,.,.,.,.,.,.,.,.,.,.,.,.,.,.,.,.,.,.,.,.,.,.,.,.,.,.,.,.,.
,2013-03-01 00:00:00,163.26831086284423,.,.,.,.,0.006092233139449896,.,.,.,.,0.07500797290727679,.,.,.,.,5223.928588668697,.,.,.,.,.,.,.,.,.,.,.,.,.,.,.,.,.,.,.,.,.,.,.,.,.,.,.,.,.,.,.,.,.,.,.,.,.,.
,2013-04-01 00:00:00,165.7225772972565,.,.,.,.,0.015032105259384988,.,.,.,.,0.076446675923584,.,.,.,.,5302.455233081075,.,.,.,.,.,.,.,.,.,.,.,.,.,.,.,.,.,.,.,.,.,.,.,.,.,.,.,.,.,.,.,.,.,.,.,.,.,.
,2013-05-01 00:00:00,170.45533115286983,.,.,.,.,0.02855829261648647,.,.,.,.,0.08704643858308847,.,.,.,.,5453.884301213224,.,.,.,.,.,.,.,.,.,.,.,.,.,.,.,.,.,.,.,.,.,.,.,.,.,.,.,.,.,.,.,.,.,.,.,.,.,.
,2013-06-01 00:00:00,174.18038130738125,.,.,.,.,0.0218535268408278,.,.,.,.,0.10242106745358992,.,.,.,.,5573.070908176556,.,.,.,.,.,.,.,.,.,.,.,.,.,.,.,.,.,.,.,.,.,.,.,.,.,.,.,.,.,.,.,.,.,.,.,.,.,.
,2013-07-01 00:00:00,176.36280896695024,.,.,.,.,0.012529698483766618,.,.,.,.,0.10907120814048943,.,.,.,.,5642.8998062846595,.,.,.,.,.,.,.,.,.,.,.,.,.,.,.,.,.,.,.,.,.,.,.,.,.,.,.,.,.,.,.,.,.,.,.,.,.,.
,2013-08-01 00:00:00,177.93706851413788,.,.,.,.,0.008926255804207904,.,.,.,.,0.11711429846296273,.,.,.,.,5693.269773433071,.,.,.,.,.,.,.,.,.,.,.,.,.,.,.,.,.,.,.,.,.,.,.,.,.,.,.,.,.,.,.,.,.,.,.,.,.,.
,2013-09-01 00:00:00,180.2225401925343,.,.,.,.,0.012844269591947535,.,.,.,.,0.11954923770911807,.,.,.,.,5766.395665262732,.,.,.,.,.,.,.,.,.,.,.,.,.,.,.,.,.,.,.,.,.,.,.,.,.,.,.,.,.,.,.,.,.,.,.,.,.,.
,2013-10-01 00:00:00,182.66118162400116,.,.,.,.,0.013531278767137736,.,.,.,.,0.12230077877825685,.,.,.,.,5844.422372491017,.,.,.,.,.,.,.,.,.,.,.,.,.,.,.,.,.,.,.,.,.,.,.,.,.,.,.,.,.,.,.,.,.,.,.,.,.,.
,2013-11-01 00:00:00,184.35818029179018,.,.,.,.,0.009290417661275066,.,.,.,.,0.12798641052491222,.,.,.,.,5898.71949732036,.,.,.,.,.,.,.,.,.,.,.,.,.,.,.,.,.,.,.,.,.,.,.,.,.,.,.,.,.,.,.,.,.,.,.,.,.,.
,2013-12-01 00:00:00,186.20543500417733,.,.,.,.,0.010019922682375438,.,.,.,.,0.1343254227399282,.,.,.,.,5957.82421060853,.,.,.,.,.,.,.,.,.,.,.,.,.,.,.,.,.,.,.,.,.,.,.,.,.,.,.,.,.,.,.,.,.,.,.,.,.,.
,2014-01-01 00:00:00,188.0766826030421,.,.,.,.,0.010049371538606125,.,.,.,.,0.1474562942135198,.,.,.,.,6017.696599662638,.,.,.,.,.,.,.,.,.,.,.,.,.,.,.,.,.,.,.,.,.,.,.,.,.,.,.,.,.,.,.,.,.,.,.,.,.,.
,2014-02-01 00:00:00,189.74288838879332,.,.,.,.,0.008859183194271786,.,.,.,.,0.16923391497433737,.,.,.,.,6071.008476246594,.,.,.,.,.,.,.,.,.,.,.,.,.,.,.,.,.,.,.,.,.,.,.,.,.,.,.,.,.,.,.,.,.,.,.,.,.,.
,2014-03-01 00:00:00,191.0845899862736,.,.,.,.,0.007071156178096595,.,.,.,.,0.17037157410660564,.,.,.,.,6113.9375253406815,.,.,.,.,.,.,.,.,.,.,.,.,.,.,.,.,.,.,.,.,.,.,.,.,.,.,.,.,.,.,.,.,.,.,.,.,.,.
,2014-04-01 00:00:00,192.3564353947775,.,.,.,.,0.006655928709872642,.,.,.,.,0.16071351611764917,.,.,.,.,6154.6314576459645,.,.,.,.,.,.,.,.,.,.,.,.,.,.,.,.,.,.,.,.,.,.,.,.,.,.,.,.,.,.,.,.,.,.,.,.,.,.
,2014-05-01 00:00:00,192.94991841825868,.,.,.,.,0.003085329701931516,.,.,.,.,0.13196763699467384,.,.,.,.,6173.620524886683,.,.,.,.,.,.,.,.,.,.,.,.,.,.,.,.,.,.,.,.,.,.,.,.,.,.,.,.,.,.,.,.,.,.,.,.,.,.
,2014-06-01 00:00:00,193.38940689260733,.,.,.,.,0.0022777334033174243,.,.,.,.,0.1102823718781929,.,.,.,.,6187.682386575624,.,.,.,.,.,.,.,.,.,.,.,.,.,.,.,.,.,.,.,.,.,.,.,.,.,.,.,.,.,.,.,.,.,.,.,.,.,.
,2014-07-01 00:00:00,193.59156192723594,.,.,.,.,0.001045326307561753,.,.,.,.,0.09768926374672504,.,.,.,.,6194.150533757149,.,.,.,.,.,.,.,.,.,.,.,.,.,.,.,.,.,.,.,.,.,.,.,.,.,.,.,.,.,.,.,.,.,.,.,.,.,.
,2014-08-01 00:00:00,194.61812372366705,.,.,.,.,0.005302719737428221,.,.,.,.,0.09374693732353911,.,.,.,.,6226.996378049104,.,.,.,.,.,.,.,.,.,.,.,.,.,.,.,.,.,.,.,.,.,.,.,.,.,.,.,.,.,.,.,.,.,.,.,.,.,.
,2014-09-01 00:00:00,193.51745252856642,.,.,.,.,-0.005655543142854696,.,.,.,.,0.07376942041671919,.,.,.,.,6191.779331382648,.,.,.,.,.,.,.,.,.,.,.,.,.,.,.,.,.,.,.,.,.,.,.,.,.,.,.,.,.,.,.,.,.,.,.,.,.,.
,2014-10-01 00:00:00,194.68397056109242,.,.,.,.,0.006027973277261926,.,.,.,.,0.06582016403375501,.,.,.,.,6229.103211730925,.,.,.,.,.,.,.,.,.,.,.,.,.,.,.,.,.,.,.,.,.,.,.,.,.,.,.,.,.,.,.,.,.,.,.,.,.,.
,2014-11-01 00:00:00,196.2195983054767,.,.,.,.,0.00788779754161838,.,.,.,.,0.06433898400880844,.,.,.,.,6278.237116730903,.,.,.,.,.,.,.,.,.,.,.,.,.,.,.,.,.,.,.,.,.,.,.,.,.,.,.,.,.,.,.,.,.,.,.,.,.,.
,2014-12-01 00:00:00,199.17098136941453,.,.,.,.,0.015041224675952578,.,.,.,.,0.06963033256760909,.,.,.,.,6372.669491772556,.,.,.,.,.,.,.,.,.,.,.,.,.,.,.,.,.,.,.,.,.,.,.,.,.,.,.,.,.,.,.,.,.,.,.,.,.,.
,2015-01-01 00:00:00,200.34273803035464,.,.,.,.,0.005883169590688419,.,.,.,.,0.06521837400333941,.,.,.,.,6410.160987138061,.,.,.,.,.,.,.,.,.,.,.,.,.,.,.,.,.,.,.,.,.,.,.,.,.,.,.,.,.,.,.,.,.,.,.,.,.,.
,2015-02-01 00:00:00,200.2668423556735,.,.,.,.,-0.0003788291775748367,.,.,.,.,0.05546428673161152,.,.,.,.,6407.732631123181,.,.,.,.,.,.,.,.,.,.,.,.,.,.,.,.,.,.,.,.,.,.,.,.,.,.,.,.,.,.,.,.,.,.,.,.,.,.
,2015-03-01 00:00:00,198.94166908276395,.,.,.,.,-0.0066170378347308,.,.,.,.,0.04111832930669479,.,.,.,.,6365.3324218682,.,.,.,.,.,.,.,.,.,.,.,.,.,.,.,.,.,.,.,.,.,.,.,.,.,.,.,.,.,.,.,.,.,.,.,.,.,.
,2015-04-01 00:00:00,199.6262799159025,.,.,.,.,0.003441264146897834,.,.,.,.,0.03779361218773336,.,.,.,.,6387.237212114662,.,.,.,.,.,.,.,.,.,.,.,.,.,.,.,.,.,.,.,.,.,.,.,.,.,.,.,.,.,.,.,.,.,.,.,.,.,.
,2015-05-01 00:00:00,199.83336009770636,.,.,.,.,0.0010373392816370962,.,.,.,.,0.035674758174949917,.,.,.,.,6393.862944175923,.,.,.,.,.,.,.,.,.,.,.,.,.,.,.,.,.,.,.,.,.,.,.,.,.,.,.,.,.,.,.,.,.,.,.,.,.,.
,2015-06-01 00:00:00,199.75865557090717,.,.,.,.,-0.0003738341123957755,.,.,.,.,0.03293483743831316,.,.,.,.,6391.472700097407,.,.,.,.,.,.,.,.,.,.,.,.,.,.,.,.,.,.,.,.,.,.,.,.,.,.,.,.,.,.,.,.,.,.,.,.,.,.
,2015-07-01 00:00:00,199.92986127874664,.,.,.,.,0.0008570627758291109,.,.,.,.,0.03274057654379092,.,.,.,.,6396.9505934313875,.,.,.,.,.,.,.,.,.,.,.,.,.,.,.,.,.,.,.,.,.,.,.,.,.,.,.,.,.,.,.,.,.,.,.,.,.,.
,2015-08-01 00:00:00,200.0043886019273,.,.,.,.,0.0003727673430271349,.,.,.,.,0.027676070322762314,.,.,.,.,6399.335167707576,.,.,.,.,.,.,.,.,.,.,.,.,.,.,.,.,.,.,.,.,.,.,.,.,.,.,.,.,.,.,.,.,.,.,.,.,.,.
,2015-09-01 00:00:00,199.9294414925431,.,.,.,.,-0.00037472732427573473,.,.,.,.,0.033133905393004204,.,.,.,.,6396.937161963037,.,.,.,.,.,.,.,.,.,.,.,.,.,.,.,.,.,.,.,.,.,.,.,.,.,.,.,.,.,.,.,.,.,.,.,.,.,.
,2015-10-01 00:00:00,199.52809215927266,.,.,.,.,-0.0020074548814534117,.,.,.,.,0.024881974536574036,.,.,.,.,6384.095599230905,.,.,.,.,.,.,.,.,.,.,.,.,.,.,.,.,.,.,.,.,.,.,.,.,.,.,.,.,.,.,.,.,.,.,.,.,.,.
,2015-11-01 00:00:00,199.16915735761964,.,.,.,.,-0.0017989186272902831,.,.,.,.,0.015031928908299186,.,.,.,.,6372.611130739046,.,.,.,.,.,.,.,.,.,.,.,.,.,.,.,.,.,.,.,.,.,.,.,.,.,.,.,.,.,.,.,.,.,.,.,.,.,.
,2015-12-01 00:00:00,199.2513769014397,.,.,.,.,0.0004128126307851535,.,.,.,.,0.0004036508304192665,.,.,.,.,6375.241825104897,.,.,.,.,100,.,.,.,.,.,.,.,.,.,.,.,.,.,.,25.99497666692207,.,.,.,.,.,.,.,.,.,.,.,.,.,.,.,.,.,.
,2016-01-01 00:00:00,198.56587609424417,.,.,.,.,-0.003440381782328166,.,.,.,.,-0.008869110772766087,.,.,.,.,6353.308559271869,.,.,.,.,100.14406704299155,.,.,.,.,0.0014406704299154425,.,.,.,.,.,.,.,.,.,26.03242686113245,.,.,.,.,0.004258565045094226,.,.,.,.,.,.,.,.,.,.,.,.,.
,2016-02-01 00:00:00,198.1440391580204,.,.,.,.,-0.002124418074853748,.,.,.,.,-0.010599873512176394,.,.,.,.,6339.81147573343,.,.,.,.,100.81184163396094,.,.,.,.,0.006668139318555036,.,.,.,.,.,.,.,.,.,26.206014710242574,.,.,.,.,0.004296706155223382,.,.,.,.,.,.,.,.,.,.,.,.,.
,2016-03-01 00:00:00,197.3175972596732,.,.,.,.,-0.0041709147641233405,.,.,.,.,-0.008163557843757219,.,.,.,.,6313.368662447535,.,.,.,.,100.57847854223746,.,.,.,.,-0.0023148380977979235,.,.,.,.,.,.,.,.,.,26.14535202899985,.,.,.,.,0.0042946278640616144,.,.,.,.,.,.,.,.,.,.,.,.,.
,2016-04-01 00:00:00,197.2049621697673,.,.,.,.,-0.0005708314487412322,.,.,.,.,-0.012129253458789346,.,.,.,.,6309.764793067511,.,.,.,.,100.78266878070873,.,.,.,.,0.0020301583542598617,.,.,.,.,.,.,.,.,.,26.198431233846588,.,.,.,.,0.004308220916653396,.,.,.,.,.,.,.,.,.,.,.,.,.
,2016-05-01 00:00:00,197.0496594677253,.,.,.,.,-0.0007875192405569644,.,.,.,.,-0.013930109710510896,.,.,.,.,6304.795731889581,.,.,.,.,100.52633402805553,.,.,.,.,-0.0025434408093612713,.,.,.,.,.,.,.,.,.,26.131797074705176,.,.,.,.,0.004301651268568171,.,.,.,.,.,.,.,.,.,.,.,.,.
,2016-06-01 00:00:00,196.61122041862964,.,.,.,.,-0.0022250180501705275,.,.,.,.,-0.01575618910370713,.,.,.,.,6290.767447583488,.,.,.,.,100.06576152701426,.,.,.,.,-0.004581610435656895,.,.,.,.,.,.,.,.,.,26.01207136052524,.,.,.,.,0.004292020372678143,.,.,.,.,.,.,.,.,.,.,.,.,.
,2016-07-01 00:00:00,196.51370419354,.,.,.,.,-0.0004959850454211365,.,.,.,.,-0.017086777649706675,.,.,.,.,6287.647321005265,.,.,.,.,99.3494787181813,.,.,.,.,-0.0071581207987867854,.,.,.,.,.,.,.,.,.,25.82587381149994,.,.,.,.,0.00425882562933357,.,.,.,.,.,.,.,.,.,.,.,.,.
,2016-08-01 00:00:00,196.70463643680586,.,.,.,.,0.0009715975995129912,.,.,.,.,-0.01649839880108339,.,.,.,.,6293.756384048937,.,.,.,.,98.7805607000299,.,.,.,.,-0.005726431839317664,.,.,.,.,.,.,.,.,.,25.677983705427565,.,.,.,.,0.004226961797185853,.,.,.,.,.,.,.,.,.,.,.,.,.
,2016-09-01 00:00:00,197.72744022117536,.,.,.,.,0.005199693321403095,.,.,.,.,-0.011013891975734214,.,.,.,.,6326.481987085615,.,.,.,.,98.76982461024478,.,.,.,.,-0.00010868626082936774,.,.,.,.,.,.,.,.,.,25.675192861392983,.,.,.,.,0.004207701700238921,.,.,.,.,.,.,.,.,.,.,.,.,.
,2016-10-01 00:00:00,198.8657004697668,.,.,.,.,0.00575671362213657,.,.,.,.,-0.0033197916260188087,.,.,.,.,6362.901732120873,.,.,.,.,98.63170752905386,.,.,.,.,-0.00139837325555603,.,.,.,.,.,.,.,.,.,25.63928935836437,.,.,.,.,0.004056077528847166,.,.,.,.,.,.,.,.,.,.,.,.,.
,2016-11-01 00:00:00,200.0100613373769,.,.,.,.,0.00575444063459339,.,.,.,.,0.004222059233033537,.,.,.,.,6399.516672402114,.,.,.,.,98.54633351882418,.,.,.,.,-0.0008655838205428894,.,.,.,.,.,.,.,.,.,25.61709640432555,.,.,.,.,0.003895911348874723,.,.,.,.,.,.,.,.,.,.,.,.,.
,2016-12-01 00:00:00,200.82681926449436,.,.,.,.,0.004083584203995383,.,.,.,.,0.00790680791046161,.,.,.,.,6425.64963759874,.,.,.,.,98.71340185659734,.,.,.,.,0.001695327789554391,.,.,.,.,-0.012865981434026619,.,.,.,.,25.6605257797475,.,.,.,.,0.0039030077778786886,.,.,.,.,.,.,.,.,.,.,.,.,.
,2017-01-01 00:00:00,199.26606582081556,.,.,.,.,-0.0077716385161847,.,.,.,.,0.0035262339146282518,.,.,.,.,6375.71181138367,.,.,.,.,99.94458247172392,.,.,.,.,0.012472274199557256,.,.,.,.,-0.001991975931854184,.,.,.,.,25.98057089337732,.,.,.,.,0.003980377756133557,.,.,.,.,.,.,.,.,.,.,.,.,.
,2017-02-01 00:00:00,198.6266783016718,.,.,.,.,-0.003208712514647168,.,.,.,.,0.0024357994603434463,.,.,.,.,6355.253985104699,.,.,.,.,101.51110908709839,.,.,.,.,0.01567395227067641,.,.,.,.,0.006936362254708506,.,.,.,.,26.387789121525035,.,.,.,.,0.004052197086537287,.,.,.,.,.,.,.,.,.,.,.,.,.
,2017-03-01 00:00:00,197.3534010817158,.,.,.,.,-0.006410403833175821,.,.,.,.,0.00018145275707714958,.,.,.,.,6314.514240597778,.,.,.,.,102.23468322068734,.,.,.,.,0.007128029041315147,.,.,.,.,0.01646678993811146,.,.,.,.,26.575882048719368,.,.,.,.,0.004109327722993199,.,.,.,.,.,.,.,.,.,.,.,.,.
,2017-04-01 00:00:00,196.7763670446767,.,.,.,.,-0.0029238616303357526,.,.,.,.,-0.0021733485829916743,.,.,.,.,6296.051474695485,.,.,.,.,101.69419671860518,.,.,.,.,-0.00528672349789005,.,.,.,.,0.009044490971754637,.,.,.,.,26.435382708615247,.,.,.,.,0.004099885228495961,.,.,.,.,.,.,.,.,.,.,.,.,.
,2017-05-01 00:00:00,195.51702017309768,.,.,.,.,-0.006399888820455326,.,.,.,.,-0.00777793424646156,.,.,.,.,6255.75744524957,.,.,.,.,101.3020497317221,.,.,.,.,-0.003856139283622926,.,.,.,.,0.007716542249019742,.,.,.,.,26.33344419087495,.,.,.,.,0.004115883466037285,.,.,.,.,.,.,.,.,.,.,.,.,.
,2017-06-01 00:00:00,195.33017795720627,.,.,.,.,-0.0009556314622940789,.,.,.,.,-0.006515612174603946,.,.,.,.,6249.779246614409,.,.,.,.,100.52634962290028,.,.,.,.,-0.00765729924395512,.,.,.,.,0.004602854051749539,.,.,.,.,26.131801128581433,.,.,.,.,0.004089545957220293,.,.,.,.,.,.,.,.,.,.,.,.,.
,2017-07-01 00:00:00,196.05657693453404,.,.,.,.,0.003718826168718788,.,.,.,.,-0.0023261851425677715,.,.,.,.,6273.0210892254345,.,.,.,.,101.07678307756562,.,.,.,.,0.005475514198318677,.,.,.,.,0.0173861441617027,.,.,.,.,26.274886176688618,.,.,.,.,0.004099071879366364,.,.,.,.,.,.,.,.,.,.,.,.,.
,2017-08-01 00:00:00,196.9502158603232,.,.,.,.,0.00455806655283775,.,.,.,.,0.001248467895652361,.,.,.,.,6301.613936837479,.,.,.,.,100.9771351799533,.,.,.,.,-0.0009858633662278178,.,.,.,.,0.022236910424043854,.,.,.,.,26.248982728955216,.,.,.,.,0.004075093651680183,.,.,.,.,.,.,.,.,.,.,.,.,.
,2017-09-01 00:00:00,197.7398297372128,.,.,.,.,0.004009205440270295,.,.,.,.,6.265956826023711e-05,.,.,.,.,6326.87840171553,.,.,.,.,101.9608401182682,.,.,.,.,0.009741858258920008,.,.,.,.,0.03230759516497539,.,.,.,.,26.504696598141535,.,.,.,.,0.0041001311254123115,.,.,.,.,.,.,.,.,.,.,.,.,.
,2017-10-01 00:00:00,197.70385157436033,.,.,.,.,-0.00018194696991641378,.,.,.,.,-0.005842379518750218,.,.,.,.,6325.7272453613095,.,.,.,.,102.39767446543084,.,.,.,.,0.004284334521527572,.,.,.,.,0.038182112332057594,.,.,.,.,26.618251584759566,.,.,.,.,0.004118071089580703,.,.,.,.,.,.,.,.,.,.,.,.,.
,2017-11-01 00:00:00,198.481344286559,.,.,.,.,0.0039326128753046944,.,.,.,.,-0.007643200749982593,.,.,.,.,6350.603881772084,.,.,.,.,103.45403916781278,.,.,.,.,0.01031629583285665,.,.,.,.,0.04980099688895212,.,.,.,.,26.89285334266135,.,.,.,.,0.0041430457577990455,.,.,.,.,.,.,.,.,.,.,.,.,.
,2017-12-01 00:00:00,198.29668249972949,.,.,.,.,-0.0009303735194522653,.,.,.,.,-0.012598599997904802,.,.,.,.,6344.695448087952,.,.,.,.,103.62464264895803,.,.,.,.,0.0016490751112048189,.,.,.,.,0.049752522960310186,.,.,.,.,26.937201677778017,.,.,.,.,0.004151344096713323,.,.,.,.,.,.,.,.,.,.,.,.,.
,2018-01-01 00:00:00,199.3736796061342,.,.,.,.,0.005431241172712018,.,.,.,.,0.0005400507350579176,.,.,.,.,6379.1550192339255,.,.,.,.,104.64872449529776,.,.,.,.,0.00988260919566146,.,.,.,.,0.04706750388301151,.,.,.,.,27.203411514784214,.,.,.,.,0.004166829975222114,.,.,.,.,.,.,.,.,.,.,.,.,.
,2018-02-01 00:00:00,199.19130021617718,.,.,.,.,-0.0009147616190728969,.,.,.,.,0.0028426287915253035,.,.,.,.,6373.319613060215,.,.,.,.,105.56667638707177,.,.,.,.,0.008771744674396521,.,.,.,.,0.039951955371639425,.,.,.,.,27.442032894864436,.,.,.,.,0.004205864705103297,.,.,.,.,.,.,.,.,.,.,.,.,.
,2018-03-01 00:00:00,199.60446040564184,.,.,.,.,0.0020741879239519066,.,.,.,.,0.01140623526925677,.,.,.,.,6386.53907563711,.,.,.,.,106.60930432601187,.,.,.,.,0.00987648730284172,.,.,.,.,0.04278999031944286,.,.,.,.,27.713063784314727,.,.,.,.,0.004235863597618141,.,.,.,.,.,.,.,.,.,.,.,.,.
,2018-04-01 00:00:00,199.08970265694867,.,.,.,.,-0.0025788890070245125,.,.,.,.,0.011756165880157488,.,.,.,.,6370.068900222017,.,.,.,.,106.22571481016776,.,.,.,.,-0.0035980866610956746,.,.,.,.,0.0445602427452334,.,.,.,.,27.613349779174293,.,.,.,.,0.004224736495644877,.,.,.,.,.,.,.,.,.,.,.,.,.
,2018-05-01 00:00:00,199.1368796137822,.,.,.,.,0.00023696331956872172,.,.,.,.,0.01851429321846121,.,.,.,.,6371.578372894494,.,.,.,.,107.07953119851246,.,.,.,.,0.008037756110848709,.,.,.,.,0.05703222671299191,.,.,.,.,27.835299150102852,.,.,.,.,0.004259290406506366,.,.,.,.,.,.,.,.,.,.,.,.,.
,2018-06-01 00:00:00,199.45974300021302,.,.,.,.,0.0016213138774544696,.,.,.,.,0.021141459482576508,.,.,.,.,6381.908701331758,.,.,.,.,107.85141050782212,.,.,.,.,0.0072084673949375745,.,.,.,.,0.07286707328377084,.,.,.,.,28.0359489964547,.,.,.,.,0.004287486588941571,.,.,.,.,.,.,.,.,.,.,.,.,.
,2018-07-01 00:00:00,199.31593537418237,.,.,.,.,-0.0007209857180579149,.,.,.,.,0.016624580978666703,.,.,.,.,6377.307436304148,.,.,.,.,109.77811149578768,.,.,.,.,0.01786440231883506,.,.,.,.,0.08608632124297744,.,.,.,.,28.536794468717705,.,.,.,.,0.004369520361804435,.,.,.,.,.,.,.,.,.,.,.,.,.
,2018-08-01 00:00:00,199.61582197956875,.,.,.,.,0.0015045791738799157,.,.,.,.,0.013534415829917101,.,.,.,.,6386.90260025824,.,.,.,.,110.44924627016249,.,.,.,.,0.006113557295076514,.,.,.,.,0.0938045139954582,.,.,.,.,28.711255796720035,.,.,.,.,0.004383113800746129,.,.,.,.,.,.,.,.,.,.,.,.,.
,2018-09-01 00:00:00,199.2381228238508,.,.,.,.,-0.0018921303530568703,.,.,.,.,0.007577093034970117,.,.,.,.,6374.817747986274,.,.,.,.,111.47069298256228,.,.,.,.,0.009248109397698365,.,.,.,.,0.09326965973665247,.,.,.,.,28.976780631273403,.,.,.,.,0.004432172692384447,.,.,.,.,.,.,.,.,.,.,.,.,.
,2018-10-01 00:00:00,199.4111764122432,.,.,.,.,0.0008685766857250342,.,.,.,.,0.008635769229011325,.,.,.,.,6380.354766057921,.,.,.,.,111.1066291738121,.,.,.,.,-0.003266004713966727,.,.,.,.,0.08505031734213242,.,.,.,.,28.882142329136084,.,.,.,.,0.004412850329379789,.,.,.,.,.,.,.,.,.,.,.,.,.
,2018-11-01 00:00:00,198.73951244398253,.,.,.,.,-0.003368236326293646,.,.,.,.,0.0013007174974128954,.,.,.,.,6358.864223360243,.,.,.,.,110.55692370158947,.,.,.,.,-0.0049475488214359474,.,.,.,.,0.06865739212226507,.,.,.,.,28.73924651989502,.,.,.,.,0.004409371297903982,.,.,.,.,.,.,.,.,.,.,.,.,.
,2018-12-01 00:00:00,198.57781246547452,.,.,.,.,-0.0008136277306887746,.,.,.,.,0.0014177239992172463,.,.,.,.,6353.690475092431,.,.,.,.,111.09151167147351,.,.,.,.,0.004835409235218665,.,.,.,.,0.07205688561755008,.,.,.,.,28.878212537930548,.,.,.,.,0.004433193755341024,.,.,.,.,.,.,.,.,.,.,.,.,.
,2019-01-01 00:00:00,197.97526555298074,.,.,.,.,-0.003034311361439501,.,.,.,.,-0.00701403543294199,.,.,.,.,6334.411399896789,.,.,.,.,111.71193484914444,.,.,.,.,0.005584793728486526,.,.,.,.,0.06749447150848042,.,.,.,.,29.039491398202284,.,.,.,.,0.004623872047768809,.,.,.,.,.,.,.,.,.,.,.,.,.
,2019-02-01 00:00:00,197.7206893314137,.,.,.,.,-0.0012858991291461175,.,.,.,.,-0.007382907201105016,.,.,.,.,6326.265985794008,.,.,.,.,113.19370797111782,.,.,.,.,0.013264232903801743,.,.,.,.,0.0722484769349061,.,.,.,.,29.424677975515984,.,.,.,.,0.004692171429349059,.,.,.,.,.,.,.,.,.,.,.,.,.
,2019-03-01 00:00:00,196.87595642551486,.,.,.,.,-0.004272354647130161,.,.,.,.,-0.01366955415015303,.,.,.,.,6299.237933910619,.,.,.,.,113.55358450461495,.,.,.,.,0.0031792980365035195,.,.,.,.,0.06513765587820952,.,.,.,.,29.51822779642829,.,.,.,.,0.004728378370929201,.,.,.,.,.,.,.,.,.,.,.,.,.
,2019-04-01 00:00:00,196.59027633465388,.,.,.,.,-0.0014510664280585894,.,.,.,.,-0.012554272214678752,.,.,.,.,6290.097321222369,.,.,.,.,113.95360570812309,.,.,.,.,0.0035227527625241173,.,.,.,.,0.07274971895237958,.,.,.,.,29.622213214942974,.,.,.,.,0.004750193866278409,.,.,.,.,.,.,.,.,.,.,.,.,.
,2019-05-01 00:00:00,195.72927769396748,.,.,.,.,-0.004379660361333082,.,.,.,.,-0.017111857564624078,.,.,.,.,6262.548831315685,.,.,.,.,114.24700468261268,.,.,.,.,0.002574723043350602,.,.,.,.,0.06693598117097288,.,.,.,.,29.698482209902533,.,.,.,.,0.0047810806979690194,.,.,.,.,.,.,.,.,.,.,.,.,.
,2019-06-01 00:00:00,195.8150685095641,.,.,.,.,0.0004383136575549784,.,.,.,.,-0.018272732310925632,.,.,.,.,6265.293791999555,.,.,.,.,113.75734296993791,.,.,.,.,-0.0042859916899798955,.,.,.,.,0.05475990007277143,.,.,.,.,29.571194761945875,.,.,.,.,0.004762088992346995,.,.,.,.,.,.,.,.,.,.,.,.,.
,2019-07-01 00:00:00,195.54650092837292,.,.,.,.,-0.001371536844612442,.,.,.,.,-0.018911856890584167,.,.,.,.,6256.700710721505,.,.,.,.,113.20052258135642,.,.,.,.,-0.004894808317812416,.,.,.,.,0.031175714711580316,.,.,.,.,29.426449431857453,.,.,.,.,0.004758020542134576,.,.,.,.,.,.,.,.,.,.,.,.,.
,2019-08-01 00:00:00,195.37468257485145,.,.,.,.,-0.0008786572641583668,.,.,.,.,-0.021246509232877298,.,.,.,.,6251.203215192364,.,.,.,.,111.90326235674456,.,.,.,.,-0.011459843073423404,.,.,.,.,0.01316456323319315,.,.,.,.,29.089226939160337,.,.,.,.,0.004712903460166622,.,.,.,.,.,.,.,.,.,.,.,.,.
,2019-09-01 00:00:00,194.98504104336874,.,.,.,.,-0.001994329696906494,.,.,.,.,-0.021346726822166873,.,.,.,.,6238.736254978909,.,.,.,.,111.36202320032399,.,.,.,.,-0.004836670040012869,.,.,.,.,-0.0009748731198369054,.,.,.,.,28.948531946736566,.,.,.,.,0.004702299329378078,.,.,.,.,.,.,.,.,.,.,.,.,.
,2019-10-01 00:00:00,194.53343998487045,.,.,.,.,-0.002316080536649223,.,.,.,.,-0.02446069731462286,.,.,.,.,6224.286839365464,.,.,.,.,112.21112838929412,.,.,.,.,0.00762472847177631,.,.,.,.,0.00994089392950781,.,.,.,.,29.169256642486975,.,.,.,.,0.004789920601290714,.,.,.,.,.,.,.,.,.,.,.,.,.
,2019-11-01 00:00:00,194.73850974687622,.,.,.,.,0.0010541620094812743,.,.,.,.,-0.020131893491658115,.,.,.,.,6230.8482460876385,.,.,.,.,115.48824269911894,.,.,.,.,0.029204895778746076,.,.,.,.,0.04460434346780384,.,.,.,.,30.0211417426743,.,.,.,.,0.0049225139791694555,.,.,.,.,.,.,.,.,.,.,.,.,.
,2019-12-01 00:00:00,195.52490746817037,.,.,.,.,0.004038223987214096,.,.,.,.,-0.015373847457580081,.,.,.,.,6256.00980693568,.,.,.,.,119.06368955246968,.,.,.,.,0.03095940131902286,.,.,.,.,0.071762259429613,.,.,.,.,30.950578317941027,.,.,.,.,0.005055234386510507,.,.,.,.,.,.,.,.,.,.,.,.,.
,2020-01-01 00:00:00,195.53093201177197,.,.,.,.,3.0812154214077125e-05,.,.,.,.,-0.012346661257815805,.,.,.,.,6256.202568074616,.,.,.,.,120.2877345027004,.,.,.,.,0.010280589782087235,.,.,.,.,0.0767670854966096,.,.,.,.,31.26876851714614,.,.,.,.,0.004745629646904094,.,.,.,.,.,.,.,.,.,.,.,.,.
,2020-02-01 00:00:00,194.90118061323702,.,.,.,.,-0.003220725191945717,.,.,.,.,-0.014260059115263846,.,.,.,.,6236.053058857702,.,.,.,.,120.71713678926783,.,.,.,.,0.0035697927834676957,.,.,.,.,0.06646507966741111,.,.,.,.,31.38039154134657,.,.,.,.,0.00478442575168015,.,.,.,.,.,.,.,.,.,.,.,.,.
,2020-03-01 00:00:00,193.8302651118168,.,.,.,.,-0.005494658873028357,.,.,.,.,-0.015470102947031772,.,.,.,.,6201.7880745851735,.,.,.,.,121.73540343476482,.,.,.,.,0.008435145767866858,.,.,.,.,0.07205249368255173,.,.,.,.,31.645089718250563,.,.,.,.,0.004858694459111474,.,.,.,.,.,.,.,.,.,.,.,.,.
,2020-04-01 00:00:00,193.4256271226604,.,.,.,.,-0.0020875893087335395,.,.,.,.,-0.016097689422880368,.,.,.,.,6188.841288105638,.,.,.,.,122.59280747995548,.,.,.,.,0.0070431774241428435,.,.,.,.,0.07581332524010298,.,.,.,.,31.867971699739122,.,.,.,.,0.004909596448100004,.,.,.,.,.,.,.,.,.,.,.,.,.
,2020-05-01 00:00:00,190.57489185620662,.,.,.,.,-0.014738146691627207,.,.,.,.,-0.026334260763072992,.,.,.,.,6097.6292373503375,.,.,.,.,122.63107318228113,.,.,.,.,0.00031213660174889135,.,.,.,.,0.07338545568840127,.,.,.,.,31.87791886013011,.,.,.,.,0.004989938320421478,.,.,.,.,.,.,.,.,.,.,.,.,.
,2020-06-01 00:00:00,187.93993125608344,.,.,.,.,-0.0138263785667595,.,.,.,.,-0.040217217772982705,.,.,.,.,6013.32110715499,.,.,.,.,121.91194534337511,.,.,.,.,-0.005864156777272034,.,.,.,.,0.0716841846032934,.,.,.,.,31.690981746201146,.,.,.,.,0.0050369652298161574,.,.,.,.,.,.,.,.,.,.,.,.,.
,2020-07-01 00:00:00,184.70830971930516,.,.,.,.,-0.01719497030343664,.,.,.,.,-0.055425134981258006,.,.,.,.,5909.922229292431,.,.,.,.,121.40749028144116,.,.,.,.,-0.004137864099478583,.,.,.,.,0.0724993799757987,.,.,.,.,31.559848770556307,.,.,.,.,0.005113199049606863,.,.,.,.,.,.,.,.,.,.,.,.,.
,2020-08-01 00:00:00,185.94976887561367,.,.,.,.,0.006721187358571523,.,.,.,.,-0.04824019967698179,.,.,.,.,5949.643923870092,.,.,.,.,121.57294495685284,.,.,.,.,0.0013628045108924347,.,.,.,.,0.08641108754525484,.,.,.,.,31.602858674823906,.,.,.,.,0.005087831175329142,.,.,.,.,.,.,.,.,.,.,.,.,.
,2020-09-01 00:00:00,188.17575360476312,.,.,.,.,0.011970892691124835,.,.,.,.,-0.03492210172723509,.,.,.,.,6020.866472833144,.,.,.,.,121.94294556417408,.,.,.,.,0.003043445294942604,.,.,.,.,0.09501374040965982,.,.,.,.,31.699040246364536,.,.,.,.,0.005042913124492662,.,.,.,.,.,.,.,.,.,.,.,.,.
,2020-10-01 00:00:00,191.32946540607958,.,.,.,.,0.01675939509157165,.,.,.,.,-0.016470045350763685,.,.,.,.,6121.772552844953,.,.,.,.,122.62243205902048,.,.,.,.,0.005572167309086495,.,.,.,.,0.09278316526330999,.,.,.,.,31.875672602154744,.,.,.,.,0.004986698772265935,.,.,.,.,.,.,.,.,.,.,.,.,.
,2020-11-01 00:00:00,193.65508532183708,.,.,.,.,0.012155053644359315,.,.,.,.,-0.0055634831880319036,.,.,.,.,6196.183026623349,.,.,.,.,123.5642957147932,.,.,.,.,0.007681006158150483,.,.,.,.,0.06992965540842766,.,.,.,.,32.12050983970708,.,.,.,.,0.004964553712194405,.,.,.,.,.,.,.,.,.,.,.,.,.
,2020-12-01 00:00:00,194.79125055828132,.,.,.,.,0.005866952755493315,.,.,.,.,-0.003752242716230314,.,.,.,.,6232.535739704937,.,.,.,.,125.01407035835943,.,.,.,.,0.011732957608665107,.,.,.,.,0.049976452336188526,.,.,.,.,32.49737842002507,.,.,.,.,0.004993919638633528,.,.,.,.,.,.,.,.,.,.,.,.,.
,2021-01-01 00:00:00,194.9767277255762,.,.,.,.,0.0009521842832431737,.,.,.,.,-0.0028343560811258106,.,.,.,.,6238.470262281036,.,.,.,.,126.11022967456078,.,.,.,.,0.008768287546027098,.,.,.,.,0.04840472884398417,.,.,.,.,32.782324778503906,.,.,.,.,0.005066418497015323,.,.,.,.,.,.,.,.,.,.,.,.,.
,2021-02-01 00:00:00,194.85623974093446,.,.,.,.,-0.0006179608512629775,.,.,.,.,-0.00023058286338317746,.,.,.,.,6234.615131887179,.,.,.,.,127.57448358212639,.,.,.,.,0.011610905089493917,.,.,.,.,0.05680508149252428,.,.,.,.,33.162957240120086,.,.,.,.,0.00512741721127283,.,.,.,.,.,.,.,.,.,.,.,.,.
,2021-03-01 00:00:00,194.86640731981777,.,.,.,.,5.217989886707741e-05,.,.,.,.,0.005345616214285309,.,.,.,.,6234.940453474236,.,.,.,.,128.28151403803813,.,.,.,.,0.005542099298066816,.,.,.,.,0.05377326906203761,.,.,.,.,33.34674964216237,.,.,.,.,0.005151491020515399,.,.,.,.,.,.,.,.,.,.,.,.,.
,2021-04-01 00:00:00,195.43153167832864,.,.,.,.,0.0029000604377305006,.,.,.,.,0.010370417744057336,.,.,.,.,6253.022157614962,.,.,.,.,128.7815537273786,.,.,.,.,0.003897987119112045,.,.,.,.,0.05048213165715287,.,.,.,.,33.47673484273177,.,.,.,.,0.005155790107506556,.,.,.,.,.,.,.,.,.,.,.,.,.
,2021-05-01 00:00:00,196.5201259456333,.,.,.,.,0.005570207928863979,.,.,.,.,0.031196313593673697,.,.,.,.,6287.852791216672,.,.,.,.,129.0119531553343,.,.,.,.,0.0017890716588453426,.,.,.,.,0.05203314141733495,.,.,.,.,33.536627120269586,.,.,.,.,0.00513451674229786,.,.,.,.,.,.,.,.,.,.,.,.,.
,2021-06-01 00:00:00,197.57918387107253,.,.,.,.,0.005389055804555065,.,.,.,.,0.051289007879091075,.,.,.,.,6321.7383807993665,.,.,.,.,129.37002935757826,.,.,.,.,0.0027755273328264884,.,.,.,.,0.06117599053314127,.,.,.,.,33.6297089454927,.,.,.,.,0.005119663132007154,.,.,.,.,.,.,.,.,.,.,.,.,.
,2021-07-01 00:00:00,198.74696819857243,.,.,.,.,0.005910462350436241,.,.,.,.,0.0760044770081072,.,.,.,.,6359.10277748839,.,.,.,.,131.0129309037022,.,.,.,.,0.012699243822407835,.,.,.,.,0.07911736417575366,.,.,.,.,34.05678081906812,.,.,.,.,0.005149724131756301,.,.,.,.,.,.,.,.,.,.,.,.,.
,2021-08-01 00:00:00,199.49234820672535,.,.,.,.,0.003750396873517081,.,.,.,.,0.072829234545436,.,.,.,.,6382.951936663455,.,.,.,.,133.38425341583658,.,.,.,.,0.018099911938290747,.,.,.,.,0.09715408689964433,.,.,.,.,34.673205552794926,.,.,.,.,0.005223778469697973,.,.,.,.,.,.,.,.,.,.,.,.,.
,2021-09-01 00:00:00,200.1427898341415,.,.,.,.,0.00326048409005697,.,.,.,.,0.06359499563643811,.,.,.,.,6403.763449900545,.,.,.,.,135.39674569796804,.,.,.,.,0.015087930026173035,.,.,.,.,0.11032864649569851,.,.,.,.,35.1963524519586,.,.,.,.,0.005286575303395027,.,.,.,.,.,.,.,.,.,.,.,.,.
,2021-10-01 00:00:00,200.922788135118,.,.,.,.,0.003897209095680587,.,.,.,.,0.050140331018421413,.,.,.,.,6428.720255064084,.,.,.,.,136.94144016302246,.,.,.,.,0.0114086528231645,.,.,.,.,0.11677315368455554,.,.,.,.,35.597895417724736,.,.,.,.,0.005335044966378719,.,.,.,.,.,.,.,.,.,.,.,.,.
,2021-11-01 00:00:00,202.12078958522287,.,.,.,.,0.005962496644727144,.,.,.,.,0.04371537287191063,.,.,.,.,6467.051478014793,.,.,.,.,137.52893448371108,.,.,.,.,0.004290113496610237,.,.,.,.,0.11301516095839337,.,.,.,.,35.75061442930724,.,.,.,.,0.0053326377477016535,.,.,.,.,.,.,.,.,.,.,.,.,.
,2021-12-01 00:00:00,202.97883511665142,.,.,.,.,0.004245211653830294,.,.,.,.,0.04203260944680043,.,.,.,.,6494.5054803151825,.,.,.,.,139.00685122610693,.,.,.,.,0.010746224043282293,.,.,.,.,0.11192964781993298,.,.,.,.,36.13479854164957,.,.,.,.,0.005365867364843063,.,.,.,.,.,.,.,.,.,.,.,.,.
,2022-01-01 00:00:00,203.58129355978534,.,.,.,.,0.0029680850359974364,.,.,.,.,0.044131245480331316,.,.,.,.,6513.781724847509,.,.,.,.,140.81982204686892,.,.,.,.,0.01304231269732914,.,.,.,.,0.11664075476087565,.,.,.,.,36.60607988348476,.,.,.,.,0.0054409136387676285,.,.,.,.,.,.,.,.,.,.,.,.,.
,2022-02-01 00:00:00,204.25793318273375,.,.,.,.,0.003323682697544683,.,.,.,.,0.048249383516273614,.,.,.,.,6535.431468461968,.,.,.,.,143.57417561574115,.,.,.,.,0.019559416627834558,.,.,.,.,0.1254145153824191,.,.,.,.,37.32207345103763,.,.,.,.,0.005515674084892603,.,.,.,.,.,.,.,.,.,.,.,.,.
,2022-03-01 00:00:00,205.0665652329444,.,.,.,.,0.003958877080613821,.,.,.,.,0.05234436275302179,.,.,.,.,6561.304438314383,.,.,.,.,145.38383101891364,.,.,.,.,0.012604323830601727,.,.,.,.,0.13331863993906645,.,.,.,.,37.792492950844014,.,.,.,.,0.005567420984836618,.,.,.,.,.,.,.,.,.,.,.,.,.
,2022-04-01 00:00:00,207.6392507438603,.,.,.,.,0.0125456117529128,.,.,.,.,0.06246545253314095,.,.,.,.,6643.6200163901385,.,.,.,.,148.7947305537873,.,.,.,.,0.02346134030840008,.,.,.,.,0.15540406406941787,.,.,.,.,38.679155489066574,.,.,.,.,0.005643813292577429,.,.,.,.,.,.,.,.,.,.,.,.,.
,2022-05-01 00:00:00,210.2567136817433,.,.,.,.,0.012605819605426394,.,.,.,.,0.06989913969376427,.,.,.,.,6727.368291843753,.,.,.,.,151.60801758726708,.,.,.,.,0.01890716843942819,.,.,.,.,0.17514706102252742,.,.,.,.,39.410468796993186,.,.,.,.,0.005692776150755345,.,.,.,.,.,.,.,.,.,.,.,.,.
,2022-06-01 00:00:00,213.1371096744411,.,.,.,.,0.0136994245855937,.,.,.,.,0.07874273746125326,.,.,.,.,6819.5293664173805,.,.,.,.,154.77628812285846,.,.,.,.,0.02089777695145756,.,.,.,.,0.19638442451811922,.,.,.,.,40.23405998346513,.,.,.,.,0.005737228044856473,.,.,.,.,.,.,.,.,.,.,.,.,.
,2022-07-01 00:00:00,214.20341355276892,.,.,.,.,0.0050029010900849435,.,.,.,.,0.07776946483406788,.,.,.,.,6853.646797318496,.,.,.,.,156.2251020592622,.,.,.,.,0.009360697003236718,.,.,.,.,0.19244032616972429,.,.,.,.,40.610678828180404,.,.,.,.,0.005762228393051281,.,.,.,.,.,.,.,.,.,.,.,.,.
,2022-08-01 00:00:00,215.06145285980165,.,.,.,.,0.004005721910782523,.,.,.,.,0.07804361817899252,.,.,.,.,6881.10060046328,.,.,.,.,157.73949778892637,.,.,.,.,0.009693677326513717,.,.,.,.,0.18259459980752202,.,.,.,.,41.00434564475147,.,.,.,.,0.005793744167083425,.,.,.,.,.,.,.,.,.,.,.,.,.
,2022-09-01 00:00:00,216.8306499336332,.,.,.,.,0.008226472249236005,.,.,.,.,0.08337977157868615,.,.,.,.,6937.707783597192,.,.,.,.,159.5323377531154,.,.,.,.,0.011365827768692771,.,.,.,.,0.17825828775077834,.,.,.,.,41.47039397511766,.,.,.,.,0.005817741715582625,.,.,.,.,.,.,.,.,.,.,.,.,.
,2022-10-01 00:00:00,219.6856337498165,.,.,.,.,0.01316688308159919,.,.,.,.,0.09338336277754977,.,.,.,.,7029.0557708381175,.,.,.,.,160.5367171172589,.,.,.,.,0.0062957728714401195,.,.,.,.,0.17230194838134705,.,.,.,.,41.73148215647414,.,.,.,.,0.005776810980559838,.,.,.,.,.,.,.,.,.,.,.,.,.
,2022-11-01 00:00:00,223.53615360519285,.,.,.,.,0.017527408550353396,.,.,.,.,0.1059532968573742,.,.,.,.,7152.256903056817,.,.,.,.,161.5954537399721,.,.,.,.,0.006594981146524237,.,.,.,.,0.17499240684593143,.,.,.,.,42.00670049451259,.,.,.,.,0.005708829218975785,.,.,.,.,.,.,.,.,.,.,.,.,.
,2022-12-01 00:00:00,226.01049661891523,.,.,.,.,0.011069095418419606,.,.,.,.,0.11346829086405763,.,.,.,.,7231.425917173803,.,.,.,.,162.7291720689907,.,.,.,.,0.007015781092721163,.,.,.,.,0.1706557672060156,.,.,.,.,42.3014103096096,.,.,.,.,0.0056781579037461696,.,.,.,.,.,.,.,.,.,.,.,.,.
,2023-01-01 00:00:00,227.1657229572011,.,.,.,.,0.005111383566550609,.,.,.,.,0.11584772345740979,.,.,.,.,7268.3885087695735,.,.,.,.,164.12767571435373,.,.,.,.,0.00859405617064235,.,.,.,.,0.16551543190934637,.,.,.,.,42.664951005907774,.,.,.,.,0.005745552676339455,.,.,.,.,.,.,.,.,.,.,.,.,.
,2023-02-01 00:00:00,227.1119517410001,.,.,.,.,-0.00023670479639714692,.,.,.,.,0.11188803392924096,.,.,.,.,7266.6680463474695,.,.,.,.,166.69786402341649,.,.,.,.,0.01565968870195844,.,.,.,.,0.16105743465707278,.,.,.,.,43.3330708571446,.,.,.,.,0.005834150307602942,.,.,.,.,.,.,.,.,.,.,.,.,.
,2023-03-01 00:00:00,228.44575931356596,.,.,.,.,0.005872907886798284,.,.,.,.,0.11400782986765323,.,.,.,.,7309.344518427609,.,.,.,.,167.0032849424303,.,.,.,.,0.0018321825585654317,.,.,.,.,0.1487060409125145,.,.,.,.,43.412464953778134,.,.,.,.,0.005820482871809602,.,.,.,.,.,.,.,.,.,.,.,.,.
,2023-04-01 00:00:00,230.3983399699377,.,.,.,.,0.008547239669665307,.,.,.,.,0.10960880057380185,.,.,.,.,7371.819237854765,.,.,.,.,167.92837857685214,.,.,.,.,0.005539373879626108,.,.,.,.,0.12859089802342338,.,.,.,.,43.652942828193275,.,.,.,.,0.0058187144996624356,.,.,.,.,.,.,.,.,.,.,.,.,.
,2023-05-01 00:00:00,232.5457050058825,.,.,.,.,0.009320227898451883,.,.,.,.,0.10600846429035848,.,.,.,.,7440.526273177762,.,.,.,.,168.19254694123936,.,.,.,.,0.0015731013818269801,.,.,.,.,0.10939084632793938,.,.,.,.,43.72161333287712,.,.,.,.,0.005779045114289795,.,.,.,.,.,.,.,.,.,.,.,.,.
,2023-06-01 00:00:00,234.04056397334202,.,.,.,.,0.006428237268117698,.,.,.,.,0.0980751513935334,.,.,.,.,7488.355741461412,.,.,.,.,169.32126850950368,.,.,.,.,0.006710889327686154,.,.,.,.,0.09397421635476677,.,.,.,.,44.01502424118195,.,.,.,.,0.005778856241935639,.,.,.,.,.,.,.,.,.,.,.,.,.
,2023-07-01 00:00:00,234.70016018879528,.,.,.,.,0.0028182986925651132,.,.,.,.,0.09568823529031656,.,.,.,.,7509.460164657035,.,.,.,.,170.44582252654916,.,.,.,.,0.006641540232628085,.,.,.,.,0.09102711587215029,.,.,.,.,44.30735179551986,.,.,.,.,0.005800018636452015,.,.,.,.,.,.,.,.,.,.,.,.,.
,2023-08-01 00:00:00,235.07688892190686,.,.,.,.,0.001605149024221042,.,.,.,.,0.0930684499520853,.,.,.,.,7521.513967312761,.,.,.,.,173.45307148915282,.,.,.,.,0.01764343014118297,.,.,.,.,0.09961724184803122,.,.,.,.,45.089085461664936,.,.,.,.,0.005900177931401832,.,.,.,.,.,.,.,.,.,.,.,.,.
,2023-09-01 00:00:00,234.50800097093773,.,.,.,.,-0.0024200079964394883,.,.,.,.,0.08152607134976142,.,.,.,.,7503.311843366533,.,.,.,.,177.3309855010066,.,.,.,.,0.022357136593549987,.,.,.,.,0.11156764828103727,.,.,.,.,46.097148304209625,.,.,.,.,0.006044977951501841,.,.,.,.,.,.,.,.,.,.,.,.,.
,2023-10-01 00:00:00,234.87273772851168,.,.,.,.,0.001555327562658082,.,.,.,.,0.06913107479750202,.,.,.,.,7514.9819510877405,.,.,.,.,180.15076671604288,.,.,.,.,0.015901232416149158,.,.,.,.,0.12217796620605825,.,.,.,.,46.83014977311656,.,.,.,.,0.006129902925528502,.,.,.,.,.,.,.,.,.,.,.,.,.
,2023-11-01 00:00:00,235.78453027902245,.,.,.,.,0.003882070602696741,.,.,.,.,0.05479371670437949,.,.,.,.,7544.155641599856,.,.,.,.,181.23875367461537,.,.,.,.,0.006039313506155608,.,.,.,.,0.12155849363344018,.,.,.,.,47.11297172913663,.,.,.,.,0.006138836213185274,.,.,.,.,.,.,.,.,.,.,.,.,.
,2023-12-01 00:00:00,237.7763482469538,.,.,.,.,0.008447619381874993,.,.,.,.,0.05205887250395014,.,.,.,.,7607.885797017716,.,.,.,.,182.91070036126013,.,.,.,.,0.009225105849306692,.,.,.,.,0.12401911738181326,.,.,.,.,47.54759388021331,.,.,.,.,0.006150324210012828,.,.,.,.,.,.,.,.,.,.,.,.,.
,2024-01-01 00:00:00,239.06477390441384,.,.,.,.,0.005418645155244262,.,.,.,.,0.05238048589511268,.,.,.,.,7649.110230533378,.,.,.,.,185.7886202825561,.,.,.,.,0.015734016192666234,.,.,.,.,0.1319761854539443,.,.,.,.,48.29570849224691,.,.,.,.,0.006164267576540432,.,.,.,.,.,.,.,.,.,.,.,.,.
,2024-02-01 00:00:00,241.54586616716486,.,.,.,.,0.01037832643525749,.,.,.,.,0.06355418248805011,.,.,.,.,7728.495193445121,.,.,.,.,189.07337965351397,.,.,.,.,0.017680089157033674,.,.,.,.,0.13422796843368268,.,.,.,.,49.14958092429194,.,.,.,.,0.006213699982457192,.,.,.,.,.,.,.,.,.,.,.,.,.
,2024-03-01 00:00:00,244.7034081513484,.,.,.,.,0.013072225305641672,.,.,.,.,0.0711663411333765,.,.,.,.,7829.523823887404,.,.,.,.,191.00258447632703,.,.,.,.,0.01020347140537936,.,.,.,.,0.14370555370913696,.,.,.,.,49.65107726783933,.,.,.,.,0.006193602566052878,.,.,.,.,.,.,.,.,.,.,.,.,.
,2024-04-01 00:00:00,247.7344072984647,.,.,.,.,0.012386419829680584,.,.,.,.,0.0752438899116592,.,.,.,.,7926.503593036559,.,.,.,.,194.01773494974222,.,.,.,.,0.015785914529281575,.,.,.,.,0.155360020706389,.,.,.,.,50.4348649298762,.,.,.,.,0.006208966279690226,.,.,.,.,.,.,.,.,.,.,.,.,.
,2024-05-01 00:00:00,249.20939073306005,.,.,.,.,0.00595389009819014,.,.,.,.,0.07165768005371675,.,.,.,.,7973.697124292408,.,.,.,.,195.68981750898345,.,.,.,.,0.008618194412352898,.,.,.,.,0.16348685520144168,.,.,.,.,50.86952240100263,.,.,.,.,0.0062097292603954645,.,.,.,.,.,.,.,.,.,.,.,.,.
,2024-06-01 00:00:00,249.13648785255208,.,.,.,.,-0.00029253665077999536,.,.,.,.,0.0645013138873205,.,.,.,.,7971.364525641334,.,.,.,.,198.8502140110525,.,.,.,.,0.016150030401678617,.,.,.,.,0.17439596195732143,.,.,.,.,51.69106673429769,.,.,.,.,0.006297816152145899,.,.,.,.,.,.,.,.,.,.,.,.,.
,2024-07-01 00:00:00,250.04126762893304,.,.,.,.,0.003631663046147038,.,.,.,.,0.06536470800785654,.,.,.,.,8000.313835616472,.,.,.,.,201.61237064689604,.,.,.,.,0.013890639492547985,.,.,.,.,0.18285310639098995,.,.,.,.,52.409088707289065,.,.,.,.,0.006343018949769756,.,.,.,.,.,.,.,.,.,.,.,.,.
,2024-08-01 00:00:00,250.66258668989545,.,.,.,.,0.002484866065726621,.,.,.,.,0.06630042553084059,.,.,.,.,8020.193543981758,.,.,.,.,203.9419351320729,.,.,.,.,0.011554670369195108,.,.,.,.,0.17577586479825902,.,.,.,.,53.0146584516517,.,.,.,.,0.006398124895712278,.,.,.,.,.,.,.,.,.,.,.,.,.
,2024-09-01 00:00:00,252.07120016794735,.,.,.,.,0.005619560129228818,.,.,.,.,0.07489381651923344,.,.,.,.,8065.263503850217,.,.,.,.,205.4646371376953,.,.,.,.,0.007466350677884259,.,.,.,.,0.15865051196328572,.,.,.,.,53.41048448271999,.,.,.,.,0.006423958183979529,.,.,.,.,.,.,.,.,.,.,.,.,.
,2024-10-01 00:00:00,253.08355734845713,.,.,.,.,0.004016155672822874,.,.,.,.,0.07753483778519787,.,.,.,.,8097.654857624017,.,.,.,.,206.46447412443857,.,.,.,.,0.004866224186662382,.,.,.,.,0.14606492044450659,.,.,.,.,53.67039187413116,.,.,.,.,0.0064417866712229415,.,.,.,.,.,.,.,.,.,.,.,.,.
,2024-11-01 00:00:00,253.3374928214431,.,.,.,.,0.001003366143760731,.,.,.,.,0.07444492868827668,.,.,.,.,8105.779770352016,.,.,.,.,209.00444444856876,.,.,.,.,0.012302214872081718,.,.,.,.,0.15319952389322955,.,.,.,.,54.33065656723555,.,.,.,.,0.006516699430124835,.,.,.,.,.,.,.,.,.,.,.,.,.
,2024-12-01 00:00:00,253.56512637692163,.,.,.,.,0.0008985387553313018,.,.,.,.,0.0664018025609916,.,.,.,.,8113.063127617857,.,.,.,.,212.48340129300084,.,.,.,.,0.01664537255947285,.,.,.,.,0.1616783538269373,.,.,.,.,55.235010587197955,.,.,.,.,0.006609883795769975,.,.,.,.,.,.,.,.,.,.,.,.,.
,2025-01-01 00:00:00,253.10495008108745,.,.,.,.,-0.0018148248633770292,.,.,.,.,0.05872959009129186,.,.,.,.,8098.339338935709,.,.,.,.,214.85472932592484,.,.,.,.,0.011160062473087429,.,.,.,.,0.15644719789168793,.,.,.,.,55.851436756052735,.,.,.,.,0.006716012139728508,.,.,.,.,.,.,.,.,.,.,.,.,.
,2025-02-01 00:00:00,253.74314630098195,.,.,.,.,0.002521468741287114,.,.,.,.,0.05049674551406236,.,.,.,.,8118.759048435171,.,.,.,.,217.1603150599005,.,.,.,.,0.0107309052084128,.,.,.,.,0.1485504488144085,.,.,.,.,56.450773229635594,.,.,.,.,0.006765067978251315,.,.,.,.,.,.,.,.,.,.,.,.,.
,2025-03-01 00:00:00,254.13768923580784,.,.,.,.,0.001554891001303682,.,.,.,.,0.038553942324433654,.,.,.,.,8131.382833821337,.,.,.,.,219.05752149119758,.,.,.,.,0.00873643248663436,.,.,.,.,0.14688249947920307,.,.,.,.,56.94395159877461,.,.,.,.,0.006814967875963115,.,.,.,.,.,.,.,.,.,.,.,.,.
,2025-04-01 00:00:00,254.68384955203075,.,.,.,.,0.002149072488481396,.,.,.,.,0.02805198651793872,.,.,.,.,8148.857764962812,.,.,.,.,221.28480522386235,.,.,.,.,0.010167574788132905,.,.,.,.,0.14053906093266844,.,.,.,.,57.52293348538697,.,.,.,.,0.006879586087425438,.,.,.,.,.,.,.,.,.,.,.,.,.
,2025-05-01 00:00:00,256.0965482307589,.,.,.,.,0.0055468718617728285,.,.,.,.,0.02763602718757907,.,.,.,.,8194.058434804874,.,.,.,.,222.38253837577443,.,.,.,.,0.004960725390980025,.,.,.,.,0.13640321814682865,.,.,.,.,57.80828896209158,.,.,.,.,0.006883158226573683,.,.,.,.,.,.,.,.,.,.,.,.,.
,2025-06-01 00:00:00,258.03103765738433,.,.,.,.,0.007553750489765809,.,.,.,.,0.03570151398335675,.,.,.,.,8255.95430771995,.,.,.,.,225.2684360729392,.,.,.,.,0.01297717760685102,.,.,.,.,0.13285488372880683,.,.,.,.,58.55847739510081,.,.,.,.,0.006919367304794037,.,.,.,.,.,.,.,.,.,.,.,.,.
,2025-07-01 00:00:00,260.3668251225266,.,.,.,.,0.009052350780543561,.,.,.,.,0.04129541331920028,.,.,.,.,8330.69010214157,.,.,.,.,229.28101830667566,.,.,.,.,0.017812447689907307,.,.,.,.,0.13723685491620197,.,.,.,.,59.60154721050166,.,.,.,.,0.006967511954309464,.,.,.,.,.,.,.,.,.,.,.,.,.
,2025-08-01 00:00:00,262.1416396572468,.,.,.,.,0.006816592451380776,.,.,.,.,0.045794839664494935,.,.,.,.,8387.477021406621,.,.,.,.,232.43210573699307,.,.,.,.,0.013743341919838503,.,.,.,.,0.1396974613704136,.,.,.,.,60.420671652766984,.,.,.,.,0.007011899928785465,.,.,.,.,.,.,.,.,.,.,.,.,.
,2025-09-01 00:00:00,263.84056727291824,.,.,.,.,0.006480952884451385,.,.,.,.,0.04669064572679993,.,.,.,.,8441.835864801775,.,.,.,.,233.0418471030528,.,.,.,.,0.002623309564426801,.,.,.,.,0.1342187655721807,.,.,.,.,60.57917377860278,.,.,.,.,0.006989150533379283,.,.,.,.,.,.,.,.,.,.,.,.,.
,2025-10-01 00:00:00,265.1496877526776,.,.,.,.,0.004961786177503313,.,.,.,.,0.04767646911018897,.,.,.,.,8483.7224493085,.,.,.,.,234.15377689592674,.,.,.,.,0.004771373925740674,.,.,.,.,0.13411170560412966,.,.,.,.,60.86821966881292,.,.,.,.,0.006996077761613081,.,.,.,.,.,.,.,.,.,.,.,.,.
,2025-11-01 00:00:00,265.76707853360546,.,.,.,.,0.002328461278459981,.,.,.,.,0.049063348554266195,.,.,.,.,8503.476468528916,.,.,.,.,233.59246974570019,.,.,.,.,-0.0023971731640102245,.,.,.,.,0.11764355232733803,.,.,.,.,60.72230800608176,.,.,.,.,0.006962562644140905,.,.,.,.,.,.,.,.,.,.,.,.,.
,2025-12-01 00:00:00,265.1576055619115,.,.,.,.,-0.002293259853917151,.,.,.,.,0.045717955582573966,.,.,.,.,8483.975787324911,.,.,.,.,233.34719874364518,.,.,.,.,-0.001049995328710751,.,.,.,.,0.09819024603185134,.,.,.,.,60.65854986632684,.,.,.,.,0.006972492537701553,.,.,.,.,.,.,.,.,.,.,.,.,.
,2026-01-01 00:00:00,264.5468577032562,.,.,.,.,-0.002303339017415862,.,.,.,.,0.045206178774864325,.,.,.,.,8464.434314871154,.,.,.,.,,,,,,,,,,,,,,,,,,,,,,,,,,,,,,,,,,
,,,,,,,,,,,,,,,,,,,,,,,,,,,,,,,,,,,,,,,,,,,,,,,,,,,,,,,
,,,Nota: Os preços considerados para o cálculo são médias móveis trimestrais.,,,,,,,,,,,,,,,,,,,,,,,,,,,,,,,,,,,,,,,,,,,,,,,,,,,,
,,,Fonte: ZAP e IBGE.,,,,,,,,,,,,,,,,,,,,,,,,,,,,,,,,,,,,,,,,,,,,,,,,,,,,
,,,Note: Monthly prices are 3-months moving averages.,,,,,,,,,,,,,,,,,,,,,,,,,,,,,,,,,,,,,,,,,,,,,,,,,,,,
,,,Source: ZAP and IBGE.,,,,,,,,,,,,,,,,,,,,,,,,,,,,,,,,,,,,,,,,,,,,,,,,,,,,
