timestamp,entity_id,metric,value,humidity
2023-01-01T00:00:00,CityA,temperature,22.290091504164145,73.58831180572784
2023-01-02T00:00:00,CityA,temperature,24.36325852250565,83.16644165217508
2023-01-03T00:00:00,CityA,temperature,22.90298495625433,52.986284589098375
2023-01-04T00:00:00,CityA,temperature,25.254433719218525,85.43102249137715
2023-01-05T00:00:00,CityA,temperature,24.264483745395037,55.69283305884704
2023-01-06T00:00:00,CityA,temperature,23.92530772021601,79.38685101356856
2023-01-07T00:00:00,CityA,temperature,23.512910705833576,47.479780232410334
2023-01-08T00:00:00,CityA,temperature,24.61347396337908,71.0020117469436
2023-01-09T00:00:00,CityA,temperature,24.59388857262558,66.60289864169752
2023-01-10T00:00:00,CityA,temperature,24.073702801212015,49.92148071269092
2023-01-11T00:00:00,CityA,temperature,24.98712029922163,61.682063568407244
2023-01-12T00:00:00,CityA,temperature,23.07590421205553,56.37903304908489
2023-01-13T00:00:00,CityA,temperature,26.0955616722535,79.27329003282222
2023-01-14T00:00:00,CityA,temperature,26.014824250169646,45.287460077746
2023-01-15T00:00:00,CityA,temperature,25.934345056462522,61.004001455423435
2023-01-16T00:00:00,CityA,temperature,26.12038225702289,78.98659615601721
2023-01-17T00:00:00,CityA,temperature,25.592540616737523,78.42439135847933
2023-01-18T00:00:00,CityA,temperature,26.59582829718019,88.33324225384308
2023-01-19T00:00:00,CityA,temperature,27.348822078706455,66.88008684115655
2023-01-20T00:00:00,CityA,temperature,27.10928416742283,54.700011060971576
2023-01-21T00:00:00,CityA,temperature,26.714013199115733,81.52218786436576
2023-01-22T00:00:00,CityA,temperature,25.856102344968377,52.676561468048
2023-01-23T00:00:00,CityA,temperature,27.604082887335124,67.55561984719847
2023-01-24T00:00:00,CityA,temperature,27.842624675603687,78.50110576596097
2023-01-25T00:00:00,CityA,temperature,27.282098498675147,75.36537800565048
2023-01-26T00:00:00,CityA,temperature,27.356682250815684,87.62488006436567
2023-01-27T00:00:00,CityA,temperature,27.48028600767745,68.58710874878373
2023-01-28T00:00:00,CityA,temperature,28.22499966104841,79.86366940568031
2023-01-29T00:00:00,CityA,temperature,25.792174194779495,72.16237278928531
2023-01-30T00:00:00,CityA,temperature,27.870819674672813,60.65508352254335
2023-01-31T00:00:00,CityA,temperature,28.702874831692622,53.43454515451784
2023-02-01T00:00:00,CityA,temperature,26.803748922417267,45.32247561820286
2023-02-02T00:00:00,CityA,temperature,28.60867875492444,74.78018705550433
2023-02-03T00:00:00,CityA,temperature,27.48953104737408,62.89357509307004
2023-02-04T00:00:00,CityA,temperature,29.292511331306105,56.89989060977113
2023-02-05T00:00:00,CityA,temperature,26.800669231961173,68.41819966206387
2023-02-06T00:00:00,CityA,temperature,29.100508533064705,65.52161594443177
2023-02-07T00:00:00,CityA,temperature,29.891967496423376,85.30228859228706
2023-02-08T00:00:00,CityA,temperature,29.16133314945452,87.66749638264965
2023-02-09T00:00:00,CityA,temperature,25.288664355241107,63.88536975803156
2023-02-10T00:00:00,CityA,temperature,29.709112984257096,67.56606204728882
2023-02-11T00:00:00,CityA,temperature,27.663734822061663,70.3494505571114
2023-02-12T00:00:00,CityA,temperature,28.266238064446036,67.04073494024946
2023-02-13T00:00:00,CityA,temperature,27.573004677932907,83.6654936427957
2023-02-14T00:00:00,CityA,temperature,28.712636496150985,49.85207724382923
2023-02-15T00:00:00,CityA,temperature,28.271680751621798,77.88337035728466
2023-02-16T00:00:00,CityA,temperature,28.611357733018682,60.618309090479755
2023-02-17T00:00:00,CityA,temperature,28.317823341020212,83.07699653157995
2023-02-18T00:00:00,CityA,temperature,28.520015187176543,49.34829133774778
2023-02-19T00:00:00,CityA,temperature,27.719001410960647,77.66995238644975
2023-02-20T00:00:00,CityA,temperature,28.292831670994534,71.12169821339523
2023-02-21T00:00:00,CityA,temperature,27.23088372613552,82.37741558422013
2023-02-22T00:00:00,CityA,temperature,25.99526258348967,47.52690672122569
2023-02-23T00:00:00,CityA,temperature,29.382275214325578,70.29795569351023
2023-02-24T00:00:00,CityA,temperature,26.581331932604705,40.74994436608053
2023-02-25T00:00:00,CityA,temperature,28.505101829317763,45.90614102943336
2023-02-26T00:00:00,CityA,temperature,27.26698429629484,40.30048164511236
2023-02-27T00:00:00,CityA,temperature,28.979944710275205,57.49241754723784
2023-02-28T00:00:00,CityA,temperature,28.39420072891274,67.68651681334529
2023-03-01T00:00:00,CityA,temperature,26.973602526325077,40.74692528656004
2023-03-02T00:00:00,CityA,temperature,28.23749703440901,52.71063678639428
2023-03-03T00:00:00,CityA,temperature,28.062761044668807,59.15180660267862
2023-03-04T00:00:00,CityA,temperature,28.568110750586165,54.77494187010083
2023-03-05T00:00:00,CityA,temperature,27.557671312972033,63.23225237015045
2023-03-06T00:00:00,CityA,temperature,26.34346538830131,46.99624852883147
2023-03-07T00:00:00,CityA,temperature,25.829321464348943,44.43113989927929
2023-03-08T00:00:00,CityA,temperature,27.639664935928007,69.31870519018301
2023-03-09T00:00:00,CityA,temperature,26.934413261752084,40.77502197996103
2023-03-10T00:00:00,CityA,temperature,29.11339993570945,76.6385926736007
2023-03-11T00:00:00,CityA,temperature,28.18096908555535,59.17373163883252
2023-03-12T00:00:00,CityA,temperature,26.137360533146797,88.61276502482342
2023-03-13T00:00:00,CityA,temperature,25.23790709521438,81.08045749631904
2023-03-14T00:00:00,CityA,temperature,28.640828612667633,74.97468418901292
2023-03-15T00:00:00,CityA,temperature,27.305389971567926,55.99449036624055
2023-03-16T00:00:00,CityA,temperature,25.813494760319166,80.91865750392375
2023-03-17T00:00:00,CityA,temperature,26.2755010065079,65.73422190923898
2023-03-18T00:00:00,CityA,temperature,26.59288848096567,47.803933075558625
2023-03-19T00:00:00,CityA,temperature,25.164650674913908,81.98891942394025
2023-03-20T00:00:00,CityA,temperature,25.285433507887472,44.55703729631456
2023-03-21T00:00:00,CityA,temperature,25.722554775508943,81.25285437457863
2023-03-22T00:00:00,CityA,temperature,26.02452570253379,80.32670498380891
2023-03-23T00:00:00,CityA,temperature,24.162064925813738,83.96846343829935
2023-03-24T00:00:00,CityA,temperature,25.47224643396894,69.17659952481822
2023-03-25T00:00:00,CityA,temperature,24.91071140741553,63.14387048770309
2023-03-26T00:00:00,CityA,temperature,26.308056617515557,60.66572906519965
2023-03-27T00:00:00,CityA,temperature,23.978169223500895,49.22996739838569
2023-03-28T00:00:00,CityA,temperature,23.858682810310146,68.14802817189614
2023-03-29T00:00:00,CityA,temperature,22.559709557182696,57.31228359288576
2023-03-30T00:00:00,CityA,temperature,22.8582807942875,49.15109187942712
2023-03-31T00:00:00,CityA,temperature,23.09549231468681,72.51841148163487
2023-04-01T00:00:00,CityA,temperature,25.557518510598968,62.24318446356507
2023-04-02T00:00:00,CityA,temperature,21.49068951128383,77.51839542884497
2023-04-03T00:00:00,CityA,temperature,22.59320874157293,79.1631597072257
2023-04-04T00:00:00,CityA,temperature,22.825749027594465,54.8810680344706
2023-04-05T00:00:00,CityA,temperature,22.390471315489823,64.47204551763163
2023-04-06T00:00:00,CityA,temperature,24.042726905274453,51.18507132943569
2023-04-07T00:00:00,CityA,temperature,21.8658294742026,88.0587468992104
2023-04-08T00:00:00,CityA,temperature,23.42370990412297,66.55017948743844
2023-04-09T00:00:00,CityA,temperature,22.992944056075434,45.32972377665935
2023-04-10T00:00:00,CityA,temperature,21.805186899282038,65.27142759140932
2023-04-11T00:00:00,CityA,temperature,21.699509345341532,89.12758399643766
2023-04-12T00:00:00,CityA,temperature,21.5465533369867,72.67676082691123
2023-04-13T00:00:00,CityA,temperature,21.387994279767803,55.345258700855595
2023-04-14T00:00:00,CityA,temperature,21.38541247057281,88.03717175746337
2023-04-15T00:00:00,CityA,temperature,21.653722894853832,88.74547137620465
2023-04-16T00:00:00,CityA,temperature,20.764331358831345,78.8125100387746
2023-04-17T00:00:00,CityA,temperature,21.077408705718604,64.22367807255787
2023-04-18T00:00:00,CityA,temperature,20.422245225203383,79.70871264167869
2023-04-19T00:00:00,CityA,temperature,21.11019157063114,88.30991117349285
2023-04-20T00:00:00,CityA,temperature,19.68821051632792,68.43338198201683
2023-04-21T00:00:00,CityA,temperature,19.286915086854897,88.68353252865694
2023-04-22T00:00:00,CityA,temperature,20.69863172861938,56.89201755936103
2023-04-23T00:00:00,CityA,temperature,19.649826322361612,60.856049703675964
2023-04-24T00:00:00,CityA,temperature,20.8807778212224,51.601129269391194
2023-04-25T00:00:00,CityA,temperature,20.69254686837466,58.34665390564578
2023-04-26T00:00:00,CityA,temperature,18.162968477077328,76.24522899999262
2023-04-27T00:00:00,CityA,temperature,19.252183992814672,66.06343730858228
2023-04-28T00:00:00,CityA,temperature,20.33728982731226,60.55013904203298
2023-04-29T00:00:00,CityA,temperature,18.33299523076347,68.54215252498304
2023-04-30T00:00:00,CityA,temperature,20.28349078837433,48.646338027425315
2023-05-01T00:00:00,CityA,temperature,18.966613587404275,65.68358864465674
2023-05-02T00:00:00,CityA,temperature,18.98868650106886,89.08782429766714
2023-05-03T00:00:00,CityA,temperature,19.929193761549556,68.23919880698008
2023-05-04T00:00:00,CityA,temperature,18.9434255653321,59.44986882820018
2023-05-05T00:00:00,CityA,temperature,19.61780651235077,81.5692483170894
2023-05-06T00:00:00,CityA,temperature,18.860322467465082,43.88380757221149
2023-05-07T00:00:00,CityA,temperature,16.986967031972867,70.0374907835882
2023-05-08T00:00:00,CityA,temperature,18.409225418600705,76.90244270223707
2023-05-09T00:00:00,CityA,temperature,17.854198728853518,64.47534671007595
2023-05-10T00:00:00,CityA,temperature,19.13734089205525,47.21289553953061
2023-05-11T00:00:00,CityA,temperature,19.13073360805295,80.23792468825053
2023-05-12T00:00:00,CityA,temperature,19.401983356917746,47.551537292577855
2023-05-13T00:00:00,CityA,temperature,17.44543677398597,88.56796802132084
2023-05-14T00:00:00,CityA,temperature,18.84313730532049,84.76827411449568
2023-05-15T00:00:00,CityA,temperature,18.650174786909336,67.33598156793462
2023-05-16T00:00:00,CityA,temperature,16.16564744034754,79.5903364048329
2023-05-17T00:00:00,CityA,temperature,18.358295068140844,70.51928776226687
2023-05-18T00:00:00,CityA,temperature,19.664920262220793,62.5749092930957
2023-05-19T00:00:00,CityA,temperature,18.624314667163627,78.87077657922492
2023-05-20T00:00:00,CityA,temperature,17.952356073745065,45.52835104420272
2023-05-21T00:00:00,CityA,temperature,19.043257817723138,49.18483741406254
2023-05-22T00:00:00,CityA,temperature,18.327898476147976,59.85383476170129
2023-05-23T00:00:00,CityA,temperature,18.180293210817343,62.966374420366826
2023-05-24T00:00:00,CityA,temperature,16.7596017076676,64.74593025449086
2023-05-25T00:00:00,CityA,temperature,17.239424035664598,65.2792594867241
2023-05-26T00:00:00,CityA,temperature,18.075977066517325,61.17151654283343
2023-05-27T00:00:00,CityA,temperature,19.20127279287558,80.932908870228
2023-05-28T00:00:00,CityA,temperature,18.55355615478249,71.18798698125563
2023-05-29T00:00:00,CityA,temperature,19.57744416850609,57.75481828837145
2023-05-30T00:00:00,CityA,temperature,18.75699531571166,86.87535604758946
2023-05-31T00:00:00,CityA,temperature,17.98397558914524,40.95866234844079
2023-06-01T00:00:00,CityA,temperature,19.627015635967826,87.06279319953903
2023-06-02T00:00:00,CityA,temperature,18.877732143236127,74.15264405405291
2023-06-03T00:00:00,CityA,temperature,18.430695319627716,83.74190260194102
2023-06-04T00:00:00,CityA,temperature,20.326127119509977,73.1431195776185
2023-06-05T00:00:00,CityA,temperature,19.597292508881967,75.55114918819825
2023-06-06T00:00:00,CityA,temperature,18.956496901090997,79.27863780329106
2023-06-07T00:00:00,CityA,temperature,18.557564617437563,88.58562025309796
2023-06-08T00:00:00,CityA,temperature,20.845977931450115,45.61205983124621
2023-06-09T00:00:00,CityA,temperature,19.903842336673982,54.598124504212464
2023-06-10T00:00:00,CityA,temperature,18.508453189581722,73.6802376015502
2023-06-11T00:00:00,CityA,temperature,21.103770419076348,88.7357876094505
2023-06-12T00:00:00,CityA,temperature,21.015359051580276,85.6010049516772
2023-06-13T00:00:00,CityA,temperature,21.162701175581983,40.63178099715553
2023-06-14T00:00:00,CityA,temperature,18.792769614255068,89.62894932516801
2023-06-15T00:00:00,CityA,temperature,20.694268541151747,89.15578762482633
2023-06-16T00:00:00,CityA,temperature,19.69190732642504,57.900599439523155
2023-06-17T00:00:00,CityA,temperature,19.766760098565804,80.77385714586903
2023-06-18T00:00:00,CityA,temperature,20.537458336665747,66.39467882164693
2023-06-19T00:00:00,CityA,temperature,20.805852153906326,50.88084945231954
2023-06-20T00:00:00,CityA,temperature,20.85817754283035,41.55010329399822
2023-06-21T00:00:00,CityA,temperature,22.6445199226352,52.38251407091897
2023-06-22T00:00:00,CityA,temperature,20.916567943282914,76.44478214120673
2023-06-23T00:00:00,CityA,temperature,23.108360535260243,85.45782210754976
2023-06-24T00:00:00,CityA,temperature,22.74925186944125,47.030595873334676
2023-06-25T00:00:00,CityA,temperature,21.831532889588917,59.312479427628105
2023-06-26T00:00:00,CityA,temperature,21.047107142101794,73.99388638017244
2023-06-27T00:00:00,CityA,temperature,21.841568402299636,59.31542470413546
2023-06-28T00:00:00,CityA,temperature,22.383586250607575,49.56261662655522
2023-06-29T00:00:00,CityA,temperature,23.385416104328993,86.29150841156695
2023-06-30T00:00:00,CityA,temperature,22.669838334811846,51.435801894526136
2023-07-01T00:00:00,CityA,temperature,23.282617787657152,86.99764055027617
2023-07-02T00:00:00,CityA,temperature,24.622978174160092,77.68781518941879
2023-07-03T00:00:00,CityA,temperature,23.17984171727986,44.97802783540887
2023-07-04T00:00:00,CityA,temperature,26.689763665932123,73.64898416469512
2023-07-05T00:00:00,CityA,temperature,24.01833152198972,65.86970132787589
2023-07-06T00:00:00,CityA,temperature,23.68016328569905,46.4095633745508
2023-07-07T00:00:00,CityA,temperature,25.61124244018614,48.78395538433011
2023-07-08T00:00:00,CityA,temperature,25.594761810663385,60.83948671935515
2023-07-09T00:00:00,CityA,temperature,25.84671846537462,60.46262468201411
2023-07-10T00:00:00,CityA,temperature,25.753945289288083,73.7668318932356
2023-07-11T00:00:00,CityA,temperature,23.79311724178151,70.03915261668512
2023-07-12T00:00:00,CityA,temperature,25.42390658507948,70.8597032629183
2023-07-13T00:00:00,CityA,temperature,26.348885854658604,68.54458347709085
2023-07-14T00:00:00,CityA,temperature,24.94999476751008,48.0406495966377
2023-07-15T00:00:00,CityA,temperature,28.063337383598256,53.230884877573565
2023-07-16T00:00:00,CityA,temperature,25.729751990481226,75.56516282796733
2023-07-17T00:00:00,CityA,temperature,25.613419456516827,49.638416718836126
2023-07-18T00:00:00,CityA,temperature,27.599455913622585,45.49922331242227
2023-07-19T00:00:00,CityA,temperature,27.299119062226023,67.02931985129474
2023-07-20T00:00:00,CityA,temperature,26.383152933264522,73.10397680541872
2023-07-21T00:00:00,CityA,temperature,25.888610588265166,47.09809897633346
2023-07-22T00:00:00,CityA,temperature,27.109147550196056,82.56691620899707
2023-07-23T00:00:00,CityA,temperature,26.191575049979157,84.57082091673
2023-07-24T00:00:00,CityA,temperature,27.542819169986316,65.27507324189726
2023-07-25T00:00:00,CityA,temperature,27.81106706748246,46.905473243053116
2023-07-26T00:00:00,CityA,temperature,27.238600063372605,46.245863648535725
2023-07-27T00:00:00,CityA,temperature,27.949794587450477,50.65147165598793
2023-07-28T00:00:00,CityA,temperature,25.360418336702754,59.98652239624033
2023-07-29T00:00:00,CityA,temperature,27.243288686491987,48.730311004646694
2023-07-30T00:00:00,CityA,temperature,26.906375348309517,57.1612217123313
2023-07-31T00:00:00,CityA,temperature,27.9477271222526,45.191979218341416
2023-08-01T00:00:00,CityA,temperature,28.31734355605389,51.8520549332643
2023-08-02T00:00:00,CityA,temperature,27.785354992825106,73.49092735792041
2023-08-03T00:00:00,CityA,temperature,28.454374977161624,76.40285302837437
2023-08-04T00:00:00,CityA,temperature,28.33129837296884,58.58503168177572
2023-08-05T00:00:00,CityA,temperature,28.448548380501755,42.582303485099516
2023-08-06T00:00:00,CityA,temperature,28.221068872567592,65.50783768618115
2023-08-07T00:00:00,CityA,temperature,28.891329321479756,55.11778266444796
2023-08-08T00:00:00,CityA,temperature,28.283359056938565,71.74010202716852
2023-08-09T00:00:00,CityA,temperature,27.104420118652673,88.41043911337132
2023-08-10T00:00:00,CityA,temperature,29.277094052777095,69.64955819222499
2023-08-11T00:00:00,CityA,temperature,28.37315481911623,43.608274290621644
2023-08-12T00:00:00,CityA,temperature,27.136292412436724,44.282656776277804
2023-08-13T00:00:00,CityA,temperature,27.76560080367257,68.00403760271443
2023-08-14T00:00:00,CityA,temperature,28.92833697188081,84.07314444459405
2023-08-15T00:00:00,CityA,temperature,29.532934101447996,46.53480517440718
2023-08-16T00:00:00,CityA,temperature,30.02778591797691,53.813549750808534
2023-08-17T00:00:00,CityA,temperature,27.585612388433788,80.65935973691974
2023-08-18T00:00:00,CityA,temperature,28.177296070167483,76.70772776278429
2023-08-19T00:00:00,CityA,temperature,28.07449957895423,56.52993259112833
2023-08-20T00:00:00,CityA,temperature,28.74960531133055,76.09208356019144
2023-08-21T00:00:00,CityA,temperature,27.455284660883283,42.48276811161483
2023-08-22T00:00:00,CityA,temperature,28.647652413730587,81.87661621351587
2023-08-23T00:00:00,CityA,temperature,28.971179411967622,85.34387065228134
2023-08-24T00:00:00,CityA,temperature,28.34264564334362,75.24704805106374
2023-08-25T00:00:00,CityA,temperature,28.105485138561267,40.80861095217339
2023-08-26T00:00:00,CityA,temperature,27.250938270757043,45.347425176131665
2023-08-27T00:00:00,CityA,temperature,29.220159969099793,48.629065962502864
2023-08-28T00:00:00,CityA,temperature,27.873598463392682,69.55497919657257
2023-08-29T00:00:00,CityA,temperature,27.625132071817326,74.31446229088596
2023-08-30T00:00:00,CityA,temperature,27.562799249881436,78.52444492527762
2023-08-31T00:00:00,CityA,temperature,28.425935842560555,83.04761284438584
2023-09-01T00:00:00,CityA,temperature,27.95675154828645,84.61305367023294
2023-09-02T00:00:00,CityA,temperature,26.008015354539577,56.11636709131632
2023-09-03T00:00:00,CityA,temperature,26.057213657499815,56.2591910876605
2023-09-04T00:00:00,CityA,temperature,27.42200715596646,79.62904717794973
2023-09-05T00:00:00,CityA,temperature,28.03643669183759,63.15195126736728
2023-09-06T00:00:00,CityA,temperature,27.48765933009439,50.26763041236863
2023-09-07T00:00:00,CityA,temperature,29.367409038319003,74.61025353893206
2023-09-08T00:00:00,CityA,temperature,26.925554786847385,62.85079491474968
2023-09-09T00:00:00,CityA,temperature,27.652747215255353,64.86035561162619
2023-09-10T00:00:00,CityA,temperature,26.501953214652126,70.50339541993347
2023-09-11T00:00:00,CityA,temperature,26.023683419732237,72.86243699105128
2023-09-12T00:00:00,CityA,temperature,27.05020370119598,79.94405414360727
2023-09-13T00:00:00,CityA,temperature,23.662324871643257,76.52549284720612
2023-09-14T00:00:00,CityA,temperature,28.452193423623502,78.19431949491349
2023-09-15T00:00:00,CityA,temperature,26.137691693653274,78.13634857764856
2023-09-16T00:00:00,CityA,temperature,24.928338259160526,49.862289896579576
2023-09-17T00:00:00,CityA,temperature,25.947480692749615,43.571663679967514
2023-09-18T00:00:00,CityA,temperature,25.57431817170858,61.36054180068773
2023-09-19T00:00:00,CityA,temperature,25.462085760390814,56.83961288727306
2023-09-20T00:00:00,CityA,temperature,26.27458911599356,71.88578460954042
2023-09-21T00:00:00,CityA,temperature,23.847334774184272,77.05157718495113
2023-09-22T00:00:00,CityA,temperature,25.60041076197302,48.5719027285121
2023-09-23T00:00:00,CityA,temperature,25.367069555700397,64.1675206822662
2023-09-24T00:00:00,CityA,temperature,25.677704009928302,89.55406784927679
2023-09-25T00:00:00,CityA,temperature,23.78738527574871,66.22103316426488
2023-09-26T00:00:00,CityA,temperature,24.227412342462014,62.69550741632291
2023-09-27T00:00:00,CityA,temperature,23.82342599988261,42.510092112384186
2023-09-28T00:00:00,CityA,temperature,23.804501538834682,84.26149853602888
2023-09-29T00:00:00,CityA,temperature,22.905033470433136,87.45413259189363
2023-09-30T00:00:00,CityA,temperature,24.976530958428143,86.23001722206757
2023-10-01T00:00:00,CityA,temperature,25.198833858673314,62.71989860744471
2023-10-02T00:00:00,CityA,temperature,22.706288740163178,55.30831826398084
2023-10-03T00:00:00,CityA,temperature,22.80881576595748,46.83354330595911
2023-10-04T00:00:00,CityA,temperature,20.85724611821089,53.45567764158096
2023-10-05T00:00:00,CityA,temperature,23.500538014727113,68.27892135984278
2023-10-06T00:00:00,CityA,temperature,22.88997509733624,54.386185045174564
2023-10-07T00:00:00,CityA,temperature,22.781200478453986,49.699216809162344
2023-10-08T00:00:00,CityA,temperature,22.013410738015992,88.62266502991062
2023-10-09T00:00:00,CityA,temperature,20.351735363657234,64.98822510160079
2023-10-10T00:00:00,CityA,temperature,20.50498765320843,65.05670092813105
2023-10-11T00:00:00,CityA,temperature,22.533757399485083,68.7589869513175
2023-10-12T00:00:00,CityA,temperature,21.20081491735831,86.24462055367734
2023-10-13T00:00:00,CityA,temperature,22.244534879525766,87.40903699658409
2023-10-14T00:00:00,CityA,temperature,19.398524881743988,47.0274170234869
2023-10-15T00:00:00,CityA,temperature,20.48963403416464,81.19891878994989
2023-10-16T00:00:00,CityA,temperature,19.898332697965714,40.660204546145096
2023-10-17T00:00:00,CityA,temperature,18.491463558934957,74.7927710049201
2023-10-18T00:00:00,CityA,temperature,19.77404349825718,87.33190868321292
2023-10-19T00:00:00,CityA,temperature,20.355265639283505,69.90822784110284
2023-10-20T00:00:00,CityA,temperature,20.453557036135226,69.62118966461736
2023-10-21T00:00:00,CityA,temperature,20.023256104639234,40.007311114174456
2023-10-22T00:00:00,CityA,temperature,21.43290209972132,77.25335776915077
2023-10-23T00:00:00,CityA,temperature,19.917351826844488,81.56777743912431
2023-10-24T00:00:00,CityA,temperature,19.62422480432841,45.976922985917305
2023-10-25T00:00:00,CityA,temperature,19.999205873932098,42.06743819286579
2023-10-26T00:00:00,CityA,temperature,19.652255892660317,56.920391889018234
2023-10-27T00:00:00,CityA,temperature,20.331492831419958,42.407934698887914
2023-10-28T00:00:00,CityA,temperature,18.2443867383113,86.4329504118394
2023-10-29T00:00:00,CityA,temperature,18.98349035944189,79.01672153376244
2023-10-30T00:00:00,CityA,temperature,18.738166442879884,61.3537316338964
2023-10-31T00:00:00,CityA,temperature,17.374523790731935,78.45393157707127
2023-11-01T00:00:00,CityA,temperature,18.193936156197292,53.76254367546021
2023-11-02T00:00:00,CityA,temperature,18.28923036462775,59.38455836411144
2023-11-03T00:00:00,CityA,temperature,21.20481003089862,84.44225373363611
2023-11-04T00:00:00,CityA,temperature,19.206687474542615,62.81438616876035
2023-11-05T00:00:00,CityA,temperature,17.9372470575884,46.952169819406876
2023-11-06T00:00:00,CityA,temperature,18.489170033021534,53.12969495491457
2023-11-07T00:00:00,CityA,temperature,18.144215208857496,40.03779077255373
2023-11-08T00:00:00,CityA,temperature,18.812120553663018,40.60737533294081
2023-11-09T00:00:00,CityA,temperature,18.513105802011744,77.33885845569925
2023-11-10T00:00:00,CityA,temperature,18.362830245123874,58.385658159108246
2023-11-11T00:00:00,CityA,temperature,19.374498250455503,70.6141323347121
2023-11-12T00:00:00,CityA,temperature,18.661914179659668,61.76976924566808
2023-11-13T00:00:00,CityA,temperature,17.819476155467843,47.28755688314421
2023-11-14T00:00:00,CityA,temperature,17.39108163290928,47.51153339149667
2023-11-15T00:00:00,CityA,temperature,17.138170011732416,86.03590409202573
2023-11-16T00:00:00,CityA,temperature,19.62619610928437,70.26649682360298
2023-11-17T00:00:00,CityA,temperature,18.052588857926352,49.82684243791639
2023-11-18T00:00:00,CityA,temperature,18.887299760358207,45.781781311407805
2023-11-19T00:00:00,CityA,temperature,19.24346240431349,41.097580103832115
2023-11-20T00:00:00,CityA,temperature,18.714544512927397,59.52371809831043
2023-11-21T00:00:00,CityA,temperature,18.6164906672817,79.18273376532184
2023-11-22T00:00:00,CityA,temperature,18.902170443740076,88.79786524159127
2023-11-23T00:00:00,CityA,temperature,20.05986699873059,74.8180829043308
2023-11-24T00:00:00,CityA,temperature,19.266441925951224,47.42663581740069
2023-11-25T00:00:00,CityA,temperature,19.21529003581637,59.92418979001987
2023-11-26T00:00:00,CityA,temperature,18.089862913977306,71.41576672568513
2023-11-27T00:00:00,CityA,temperature,20.258466251368787,41.764855645450616
2023-11-28T00:00:00,CityA,temperature,18.81169514048148,48.41361969559911
2023-11-29T00:00:00,CityA,temperature,18.70585691476246,47.691619904547004
2023-11-30T00:00:00,CityA,temperature,18.61085696362234,42.282736516414026
2023-12-01T00:00:00,CityA,temperature,19.983026047437097,51.08473904249965
2023-12-02T00:00:00,CityA,temperature,20.0721680507431,89.14652597961104
2023-12-03T00:00:00,CityA,temperature,18.905837068406925,60.96956863856317
2023-12-04T00:00:00,CityA,temperature,19.00839397698931,60.64510026061776
2023-12-05T00:00:00,CityA,temperature,20.371610514138204,82.17475068881251
2023-12-06T00:00:00,CityA,temperature,19.58316951633458,82.03201718954834
2023-12-07T00:00:00,CityA,temperature,20.683067661090465,49.622945947122304
2023-12-08T00:00:00,CityA,temperature,19.649387861568425,88.08077978591007
2023-12-09T00:00:00,CityA,temperature,20.60163309516956,58.6835549371186
2023-12-10T00:00:00,CityA,temperature,22.296441563754783,77.87136867117205
2023-12-11T00:00:00,CityA,temperature,19.59417329983509,55.21152516657928
2023-12-12T00:00:00,CityA,temperature,20.464294368382077,81.53459858072154
2023-12-13T00:00:00,CityA,temperature,19.57296284965002,48.589638908466746
2023-12-14T00:00:00,CityA,temperature,20.61257149133743,51.78579559961744
2023-12-15T00:00:00,CityA,temperature,21.08585764837043,67.046628698362
2023-12-16T00:00:00,CityA,temperature,19.589550934580444,44.290290150178556
2023-12-17T00:00:00,CityA,temperature,21.197431467482655,86.74745494591897
2023-12-18T00:00:00,CityA,temperature,20.749298781646146,70.54286070150118
2023-12-19T00:00:00,CityA,temperature,20.063365177204613,77.60122763171731
2023-12-20T00:00:00,CityA,temperature,21.984954737992396,83.04912912926724
2023-12-21T00:00:00,CityA,temperature,22.655567043425457,80.31759589715288
2023-12-22T00:00:00,CityA,temperature,22.913150494556007,44.89982374971446
2023-12-23T00:00:00,CityA,temperature,21.660134863577667,75.38923542859848
2023-12-24T00:00:00,CityA,temperature,21.945985715359,89.84084848555582
2023-12-25T00:00:00,CityA,temperature,22.48738195540921,81.40346749581482
2023-12-26T00:00:00,CityA,temperature,22.06085372087356,58.31720607590651
2023-12-27T00:00:00,CityA,temperature,22.68814910841669,50.673990452256845
2023-12-28T00:00:00,CityA,temperature,22.6557846257266,58.60412058005642
2023-12-29T00:00:00,CityA,temperature,22.72257093254971,61.56143357238139
2023-12-30T00:00:00,CityA,temperature,22.495014096309855,81.5873652365138
2023-12-31T00:00:00,CityA,temperature,23.499683419760686,71.56571799783062
2023-01-01T00:00:00,CityB,temperature,23.17044116548015,77.10400869039361
2023-01-02T00:00:00,CityB,temperature,24.52468888799287,65.6658175948541
2023-01-03T00:00:00,CityB,temperature,23.435991699842333,88.12207274919935
2023-01-04T00:00:00,CityB,temperature,24.78314763669679,67.88025987694584
2023-01-05T00:00:00,CityB,temperature,24.075096634725224,41.39971993220327
2023-01-06T00:00:00,CityB,temperature,23.12229164893109,45.772165061178804
2023-01-07T00:00:00,CityB,temperature,24.33471481520861,53.2788473398561
2023-01-08T00:00:00,CityB,temperature,24.077067282462146,47.038348159867574
2023-01-09T00:00:00,CityB,temperature,25.654768381411774,78.05514186116156
2023-01-10T00:00:00,CityB,temperature,24.122303107800555,86.56857116153277
2023-01-11T00:00:00,CityB,temperature,26.208998735395934,70.20290750329461
2023-01-12T00:00:00,CityB,temperature,23.088637382587194,86.02868904580689
2023-01-13T00:00:00,CityB,temperature,25.951287749100683,75.70899196861592
2023-01-14T00:00:00,CityB,temperature,26.09506835793593,57.16622560056989
2023-01-15T00:00:00,CityB,temperature,26.36135255310018,68.2597858532468
2023-01-16T00:00:00,CityB,temperature,26.07635933436169,83.63165886937207
2023-01-17T00:00:00,CityB,temperature,26.15550111402854,54.82445794186613
2023-01-18T00:00:00,CityB,temperature,27.40785479895422,81.14889702676956
2023-01-19T00:00:00,CityB,temperature,27.0204083595256,54.97577520151947
2023-01-20T00:00:00,CityB,temperature,27.378563609535373,73.82696931900799
2023-01-21T00:00:00,CityB,temperature,26.997048933266214,40.63564452916371
2023-01-22T00:00:00,CityB,temperature,25.63564368364708,56.77143848480732
2023-01-23T00:00:00,CityB,temperature,27.427449500661837,41.93235768241059
2023-01-24T00:00:00,CityB,temperature,28.21332504918721,62.82746173284447
2023-01-25T00:00:00,CityB,temperature,28.113016100240966,64.45722681172492
2023-01-26T00:00:00,CityB,temperature,27.35505123964907,60.07623008511974
2023-01-27T00:00:00,CityB,temperature,28.528348098933467,78.43636945491582
2023-01-28T00:00:00,CityB,temperature,27.100738859373195,60.94351761468411
2023-01-29T00:00:00,CityB,temperature,27.209196727748907,44.7197993876886
2023-01-30T00:00:00,CityB,temperature,28.67420684804741,89.10583139928593
2023-01-31T00:00:00,CityB,temperature,28.64374417290803,77.97605866166407
2023-02-01T00:00:00,CityB,temperature,27.773556576987854,65.1656975677794
2023-02-02T00:00:00,CityB,temperature,29.038850885698377,63.18166267859749
2023-02-03T00:00:00,CityB,temperature,28.874877341199113,41.80139528781097
2023-02-04T00:00:00,CityB,temperature,29.846672827590847,52.30332516140753
2023-02-05T00:00:00,CityB,temperature,26.732778881844432,59.910590585844005
2023-02-06T00:00:00,CityB,temperature,29.272192633570555,65.82997310610207
2023-02-07T00:00:00,CityB,temperature,29.010219774373123,42.71553325553965
2023-02-08T00:00:00,CityB,temperature,29.98750633422079,63.5899114228191
2023-02-09T00:00:00,CityB,temperature,26.793790817086016,79.16115202308721
2023-02-10T00:00:00,CityB,temperature,29.893287098908043,78.87851083994465
2023-02-11T00:00:00,CityB,temperature,29.21529156105632,80.25059356831946
2023-02-12T00:00:00,CityB,temperature,27.643364171283196,59.07074339882382
2023-02-13T00:00:00,CityB,temperature,27.723572329333663,51.30049913258404
2023-02-14T00:00:00,CityB,temperature,28.06859851555518,75.78403979829999
2023-02-15T00:00:00,CityB,temperature,27.908737285343133,60.05510480423611
2023-02-16T00:00:00,CityB,temperature,28.649749773699753,61.31138208991362
2023-02-17T00:00:00,CityB,temperature,28.917258379387576,45.72084821634819
2023-02-18T00:00:00,CityB,temperature,28.84383474538316,86.40630872836223
2023-02-19T00:00:00,CityB,temperature,27.348544167257753,55.29981993819433
2023-02-20T00:00:00,CityB,temperature,28.439102836697142,55.25052416584675
2023-02-21T00:00:00,CityB,temperature,27.605388651077796,49.643631291663326
2023-02-22T00:00:00,CityB,temperature,25.57771334980511,46.63859375617855
2023-02-23T00:00:00,CityB,temperature,29.084388370643357,87.22385812972166
2023-02-24T00:00:00,CityB,temperature,27.59343759321104,59.12916409767474
2023-02-25T00:00:00,CityB,temperature,29.382754611317385,59.508223063233665
2023-02-26T00:00:00,CityB,temperature,27.799279583889728,57.82861956877118
2023-02-27T00:00:00,CityB,temperature,29.299730885294053,83.34734894745321
2023-02-28T00:00:00,CityB,temperature,28.276984877198164,89.4683514198939
2023-03-01T00:00:00,CityB,temperature,27.325286649679185,73.39509843873802
2023-03-02T00:00:00,CityB,temperature,28.536978848575885,72.68854638315135
2023-03-03T00:00:00,CityB,temperature,27.935510565875724,66.20618263955025
2023-03-04T00:00:00,CityB,temperature,28.510949597641915,77.91130484472299
2023-03-05T00:00:00,CityB,temperature,28.425324376418,54.306963927179396
2023-03-06T00:00:00,CityB,temperature,25.82749136087036,55.29444874758247
2023-03-07T00:00:00,CityB,temperature,25.05779667131542,42.240189824321334
2023-03-08T00:00:00,CityB,temperature,27.262040778353846,73.62815439332972
2023-03-09T00:00:00,CityB,temperature,26.323794428689283,85.22569909197315
2023-03-10T00:00:00,CityB,temperature,28.735203843593762,56.930405839041796
2023-03-11T00:00:00,CityB,temperature,27.787870592235443,76.36105735505836
2023-03-12T00:00:00,CityB,temperature,25.999281286739603,83.03291982961431
2023-03-13T00:00:00,CityB,temperature,26.769920176290736,74.11237943221417
2023-03-14T00:00:00,CityB,temperature,28.63811403297128,40.58597277639142
2023-03-15T00:00:00,CityB,temperature,27.10023536646174,49.12741688809565
2023-03-16T00:00:00,CityB,temperature,26.523425838224927,50.12657763884905
2023-03-17T00:00:00,CityB,temperature,27.04211908836594,53.73119784333857
2023-03-18T00:00:00,CityB,temperature,25.43931013592761,85.17408247404373
2023-03-19T00:00:00,CityB,temperature,24.472936490481864,56.710187494771354
2023-03-20T00:00:00,CityB,temperature,25.327207266090895,58.45493336927362
2023-03-21T00:00:00,CityB,temperature,25.177993571961647,63.00243939923497
2023-03-22T00:00:00,CityB,temperature,26.467204980242464,57.44000274281623
2023-03-23T00:00:00,CityB,temperature,25.172082977787003,77.35933941147525
2023-03-24T00:00:00,CityB,temperature,25.66034442235137,80.40247356311086
2023-03-25T00:00:00,CityB,temperature,25.35510790981059,43.59907705998452
2023-03-26T00:00:00,CityB,temperature,26.7991078112901,76.53189307808631
2023-03-27T00:00:00,CityB,temperature,23.30633931426263,66.47745924649274
2023-03-28T00:00:00,CityB,temperature,25.122239781646943,67.40184729979522
2023-03-29T00:00:00,CityB,temperature,23.599051257476805,70.48803695932455
2023-03-30T00:00:00,CityB,temperature,23.921869170937992,42.44299508554123
2023-03-31T00:00:00,CityB,temperature,23.098850441520955,74.59118542938086
2023-04-01T00:00:00,CityB,temperature,25.041985919629735,66.16989355976048
2023-04-02T00:00:00,CityB,temperature,21.67070068274073,74.095687392244
2023-04-03T00:00:00,CityB,temperature,22.40981273274807,48.9863645240586
2023-04-04T00:00:00,CityB,temperature,23.393533821869667,83.54735707471526
2023-04-05T00:00:00,CityB,temperature,23.733766427998532,63.748326024148795
2023-04-06T00:00:00,CityB,temperature,25.354030027977565,43.659114492396256
2023-04-07T00:00:00,CityB,temperature,21.47717883983126,70.34160155280033
2023-04-08T00:00:00,CityB,temperature,22.363257562593596,74.2082233753735
2023-04-09T00:00:00,CityB,temperature,22.40264920322144,68.8836415729837
2023-04-10T00:00:00,CityB,temperature,21.530151708507333,85.48572081842161
2023-04-11T00:00:00,CityB,temperature,21.578728497424123,83.33437174054998
2023-04-12T00:00:00,CityB,temperature,21.737184140903405,87.55773787460646
2023-04-13T00:00:00,CityB,temperature,21.745408831913657,71.6692559864589
2023-04-14T00:00:00,CityB,temperature,21.084831448191007,88.293673441554
2023-04-15T00:00:00,CityB,temperature,20.58590425575048,44.89231680750844
2023-04-16T00:00:00,CityB,temperature,22.369453777069598,82.78020694355435
2023-04-17T00:00:00,CityB,temperature,22.779569820426946,85.12723241162601
2023-04-18T00:00:00,CityB,temperature,21.763115088307547,69.2035611749777
2023-04-19T00:00:00,CityB,temperature,20.958894185829447,85.90590265508905
2023-04-20T00:00:00,CityB,temperature,20.200704741711135,47.32091146334827
2023-04-21T00:00:00,CityB,temperature,19.41607005682677,44.75734182281513
2023-04-22T00:00:00,CityB,temperature,20.98856832894151,82.2711041272639
2023-04-23T00:00:00,CityB,temperature,19.856520116275597,86.56993282712088
2023-04-24T00:00:00,CityB,temperature,21.126276545606192,48.2364150799703
2023-04-25T00:00:00,CityB,temperature,20.56990004038399,84.06130540130249
2023-04-26T00:00:00,CityB,temperature,20.557451308893487,81.00486733890318
2023-04-27T00:00:00,CityB,temperature,19.89818862082361,56.97373308008592
2023-04-28T00:00:00,CityB,temperature,20.385087967990135,82.79585543743977
2023-04-29T00:00:00,CityB,temperature,18.80249053119063,50.89932967486028
2023-04-30T00:00:00,CityB,temperature,20.883489973028333,44.0335112324747
2023-05-01T00:00:00,CityB,temperature,19.87878668129982,64.97249375809811
2023-05-02T00:00:00,CityB,temperature,18.06015198657661,65.18658471458018
2023-05-03T00:00:00,CityB,temperature,20.085672116957706,70.74538451223395
2023-05-04T00:00:00,CityB,temperature,19.398580202998716,52.2973844081439
2023-05-05T00:00:00,CityB,temperature,19.05964497876051,66.35915412903941
2023-05-06T00:00:00,CityB,temperature,18.848216271692007,81.3983762553736
2023-05-07T00:00:00,CityB,temperature,17.732266684910723,71.12718629968396
2023-05-08T00:00:00,CityB,temperature,18.134585974694044,42.77006132577736
2023-05-09T00:00:00,CityB,temperature,18.136387986609318,68.09032629560191
2023-05-10T00:00:00,CityB,temperature,17.63072684524153,64.10238931243454
2023-05-11T00:00:00,CityB,temperature,19.308870134107977,89.27040372821239
2023-05-12T00:00:00,CityB,temperature,20.13836645024055,70.09210958186712
2023-05-13T00:00:00,CityB,temperature,18.815616345394247,79.88517054264187
2023-05-14T00:00:00,CityB,temperature,18.101197137459668,43.13779886408205
2023-05-15T00:00:00,CityB,temperature,17.40593774389378,79.56566134864335
2023-05-16T00:00:00,CityB,temperature,17.554781574400682,88.17139784860862
2023-05-17T00:00:00,CityB,temperature,18.71987153995046,52.45566742699376
2023-05-18T00:00:00,CityB,temperature,19.98868425157225,79.6766801802666
2023-05-19T00:00:00,CityB,temperature,19.25398145794275,42.28053130008123
2023-05-20T00:00:00,CityB,temperature,18.020898689652945,85.72140866048184
2023-05-21T00:00:00,CityB,temperature,19.4294751961328,41.28947612376477
2023-05-22T00:00:00,CityB,temperature,18.17963750917798,53.29511637150095
2023-05-23T00:00:00,CityB,temperature,18.14503222541504,64.33152602586168
2023-05-24T00:00:00,CityB,temperature,16.89497626849142,74.99010018719022
2023-05-25T00:00:00,CityB,temperature,18.15316627573633,87.64760681334461
2023-05-26T00:00:00,CityB,temperature,17.969161352383512,72.5763680544161
2023-05-27T00:00:00,CityB,temperature,19.43117027206425,61.22675106722374
2023-05-28T00:00:00,CityB,temperature,18.337274835096313,75.86337219060866
2023-05-29T00:00:00,CityB,temperature,19.174107350403485,86.081588409933
2023-05-30T00:00:00,CityB,temperature,17.98186216570021,59.16427226750156
2023-05-31T00:00:00,CityB,temperature,17.880324747471256,46.292696648184695
2023-06-01T00:00:00,CityB,temperature,19.22459222684485,45.74837867057927
2023-06-02T00:00:00,CityB,temperature,20.312402059944063,59.72133224504716
2023-06-03T00:00:00,CityB,temperature,18.56135555263868,58.181753866243895
2023-06-04T00:00:00,CityB,temperature,21.385350900091282,53.92589815721422
2023-06-05T00:00:00,CityB,temperature,18.825151049055282,81.65355336753598
2023-06-06T00:00:00,CityB,temperature,18.75219399542622,71.8816640564178
2023-06-07T00:00:00,CityB,temperature,20.368691638712374,52.71474344905438
2023-06-08T00:00:00,CityB,temperature,21.982477909557836,59.171218863854975
2023-06-09T00:00:00,CityB,temperature,20.103573965232464,89.19336394076879
2023-06-10T00:00:00,CityB,temperature,18.839629206862504,46.19092773297646
2023-06-11T00:00:00,CityB,temperature,20.527459169194543,77.76855637241201
2023-06-12T00:00:00,CityB,temperature,20.954917625941018,81.05246878090043
2023-06-13T00:00:00,CityB,temperature,21.427786188893045,85.28830101360279
2023-06-14T00:00:00,CityB,temperature,19.192943051042707,58.48888334749246
2023-06-15T00:00:00,CityB,temperature,20.501227649455547,75.47515329718064
2023-06-16T00:00:00,CityB,temperature,19.442590428898175,84.66122859195757
2023-06-17T00:00:00,CityB,temperature,20.341370202035232,47.139137781005175
2023-06-18T00:00:00,CityB,temperature,21.514186393733123,62.673152453580485
2023-06-19T00:00:00,CityB,temperature,21.46771616033802,73.23537679410606
2023-06-20T00:00:00,CityB,temperature,21.263304459083454,83.45923837348292
2023-06-21T00:00:00,CityB,temperature,22.973112640093678,58.14626306058123
2023-06-22T00:00:00,CityB,temperature,21.833877959288394,40.86622419673738
2023-06-23T00:00:00,CityB,temperature,22.731364042845314,85.14906832809147
2023-06-24T00:00:00,CityB,temperature,22.72853444166075,51.05368099589313
2023-06-25T00:00:00,CityB,temperature,20.996931685674692,55.65491784155474
2023-06-26T00:00:00,CityB,temperature,20.655049376309936,54.886768385022506
2023-06-27T00:00:00,CityB,temperature,22.746782905338296,73.97484487289954
2023-06-28T00:00:00,CityB,temperature,22.20934926457298,60.806396337056086
2023-06-29T00:00:00,CityB,temperature,23.162076454163458,40.1332699128051
2023-06-30T00:00:00,CityB,temperature,23.078955718426567,80.37880841143442
2023-07-01T00:00:00,CityB,temperature,23.801414718695383,42.91875035628081
2023-07-02T00:00:00,CityB,temperature,24.739988695927273,74.64290103808108
2023-07-03T00:00:00,CityB,temperature,23.007668448939828,60.70306020685066
2023-07-04T00:00:00,CityB,temperature,26.352860467593903,82.14142996023448
2023-07-05T00:00:00,CityB,temperature,24.679928363690482,69.2180607099906
2023-07-06T00:00:00,CityB,temperature,23.07031463478005,71.10751624750073
2023-07-07T00:00:00,CityB,temperature,25.773758758743856,48.25806771071237
2023-07-08T00:00:00,CityB,temperature,25.54935819518889,56.37269228320646
2023-07-09T00:00:00,CityB,temperature,25.636099504812822,75.73355409950709
2023-07-10T00:00:00,CityB,temperature,25.482831691688205,44.471963095646956
2023-07-11T00:00:00,CityB,temperature,24.786351813819135,48.37382956070232
2023-07-12T00:00:00,CityB,temperature,25.817998552930003,87.99824789270731
2023-07-13T00:00:00,CityB,temperature,26.41798716009869,66.49212224963213
2023-07-14T00:00:00,CityB,temperature,25.3095092345356,68.6679198278898
2023-07-15T00:00:00,CityB,temperature,25.885491132433152,60.24723035441459
2023-07-16T00:00:00,CityB,temperature,25.74978577312726,40.59137102302299
2023-07-17T00:00:00,CityB,temperature,26.343249482561436,52.828393902783716
2023-07-18T00:00:00,CityB,temperature,26.985994082483025,78.829727757326
2023-07-19T00:00:00,CityB,temperature,26.737500837859073,63.27962235946789
2023-07-20T00:00:00,CityB,temperature,26.413818662154657,47.469648473344364
2023-07-21T00:00:00,CityB,temperature,25.820246073316554,62.64022352619411
2023-07-22T00:00:00,CityB,temperature,28.179918417143604,77.52276305553221
2023-07-23T00:00:00,CityB,temperature,26.39933028505791,82.98093972919014
2023-07-24T00:00:00,CityB,temperature,26.979333100476044,74.37027609643485
2023-07-25T00:00:00,CityB,temperature,27.075000183696567,55.84606723201213
2023-07-26T00:00:00,CityB,temperature,27.03565485749661,84.79372983616634
2023-07-27T00:00:00,CityB,temperature,26.86095755634851,58.69310917957331
2023-07-28T00:00:00,CityB,temperature,25.86590097801081,47.39366192457465
2023-07-29T00:00:00,CityB,temperature,28.114529814189822,66.08070082255216
2023-07-30T00:00:00,CityB,temperature,27.93270896865252,69.38932069840672
2023-07-31T00:00:00,CityB,temperature,27.973076911670827,81.74130987408462
2023-08-01T00:00:00,CityB,temperature,27.528597676674213,70.85881578138854
2023-08-02T00:00:00,CityB,temperature,27.19790862076571,67.19498867533612
2023-08-03T00:00:00,CityB,temperature,27.74591731781517,59.1471746188883
2023-08-04T00:00:00,CityB,temperature,28.780315490342975,75.78524632931135
2023-08-05T00:00:00,CityB,temperature,27.26842464890589,72.05459324637808
2023-08-06T00:00:00,CityB,temperature,28.45301657840459,74.17945783115144
2023-08-07T00:00:00,CityB,temperature,28.714174293452746,73.47916457410852
2023-08-08T00:00:00,CityB,temperature,27.61395433655576,43.19737949704042
2023-08-09T00:00:00,CityB,temperature,25.98683171384127,64.33613219873818
2023-08-10T00:00:00,CityB,temperature,29.56159171828877,40.370903722973445
2023-08-11T00:00:00,CityB,temperature,28.708142240050968,43.36501315753523
2023-08-12T00:00:00,CityB,temperature,28.176167762927797,81.28357244712973
2023-08-13T00:00:00,CityB,temperature,28.070660091465104,66.35624611065138
2023-08-14T00:00:00,CityB,temperature,29.217280672592366,76.40114999755531
2023-08-15T00:00:00,CityB,temperature,29.626104113168484,84.34715412843681
2023-08-16T00:00:00,CityB,temperature,28.769574934749528,50.309710322423015
2023-08-17T00:00:00,CityB,temperature,29.098277551140473,54.24022323691847
2023-08-18T00:00:00,CityB,temperature,28.57279891612628,59.677304616328726
2023-08-19T00:00:00,CityB,temperature,28.85069867567965,53.71647236585396
2023-08-20T00:00:00,CityB,temperature,28.509238735966694,66.45479869883884
2023-08-21T00:00:00,CityB,temperature,28.017594100470976,46.29627043935652
2023-08-22T00:00:00,CityB,temperature,28.36698569602083,89.1163669459277
2023-08-23T00:00:00,CityB,temperature,29.332532330856075,55.78840698499702
2023-08-24T00:00:00,CityB,temperature,28.69395352250554,87.14781830963135
2023-08-25T00:00:00,CityB,temperature,28.50798188988485,64.29615720160268
2023-08-26T00:00:00,CityB,temperature,27.433627210422603,80.1469655832143
2023-08-27T00:00:00,CityB,temperature,30.27155543698087,81.07827885036984
2023-08-28T00:00:00,CityB,temperature,28.47991823285556,81.77386384526815
2023-08-29T00:00:00,CityB,temperature,28.92690614417425,53.74221664363435
2023-08-30T00:00:00,CityB,temperature,27.80975364284835,64.362103879017
2023-08-31T00:00:00,CityB,temperature,27.221182266690633,67.25015809768638
2023-09-01T00:00:00,CityB,temperature,28.921710067657404,70.08109713041165
2023-09-02T00:00:00,CityB,temperature,25.53278865005284,48.25135123622067
2023-09-03T00:00:00,CityB,temperature,27.173685159674243,46.02553860770118
2023-09-04T00:00:00,CityB,temperature,26.73598201609095,55.52498470996466
2023-09-05T00:00:00,CityB,temperature,28.556806725197756,81.44979108259828
2023-09-06T00:00:00,CityB,temperature,27.566470895502746,71.61038267511853
2023-09-07T00:00:00,CityB,temperature,28.474637714948056,43.979335982763374
2023-09-08T00:00:00,CityB,temperature,26.559536953131452,40.21148109156291
2023-09-09T00:00:00,CityB,temperature,27.249327579988794,66.3777500747012
2023-09-10T00:00:00,CityB,temperature,26.22682518641719,86.76373343549231
2023-09-11T00:00:00,CityB,temperature,26.678972287872927,78.32441654202493
2023-09-12T00:00:00,CityB,temperature,27.427232239178164,58.63568297438155
2023-09-13T00:00:00,CityB,temperature,25.275041042424704,89.83922634375034
2023-09-14T00:00:00,CityB,temperature,27.96997096869852,83.21745991828872
2023-09-15T00:00:00,CityB,temperature,25.493138192507573,49.132826723735874
2023-09-16T00:00:00,CityB,temperature,25.94759744541634,60.109611290988205
2023-09-17T00:00:00,CityB,temperature,28.084043274111355,44.848342293736124
2023-09-18T00:00:00,CityB,temperature,25.212593282926584,59.52085627528885
2023-09-19T00:00:00,CityB,temperature,26.05459372285518,59.993659777595866
2023-09-20T00:00:00,CityB,temperature,26.984606636840944,73.12644670668459
2023-09-21T00:00:00,CityB,temperature,24.166371731327374,41.396902457736374
2023-09-22T00:00:00,CityB,temperature,25.346189970640232,57.24562345496792
2023-09-23T00:00:00,CityB,temperature,24.79165346404677,72.12893992077122
2023-09-24T00:00:00,CityB,temperature,25.574705886995865,74.69576848859191
2023-09-25T00:00:00,CityB,temperature,24.19970422650861,67.5627715177366
2023-09-26T00:00:00,CityB,temperature,24.274288254282155,60.85450684003109
2023-09-27T00:00:00,CityB,temperature,24.964480791722636,88.12123614506922
2023-09-28T00:00:00,CityB,temperature,24.467462279058303,40.953494280867254
2023-09-29T00:00:00,CityB,temperature,22.36337136772137,41.143123507893264
2023-09-30T00:00:00,CityB,temperature,25.792805844922427,85.47305624897464
2023-10-01T00:00:00,CityB,temperature,25.19872368954857,75.99861775338503
2023-10-02T00:00:00,CityB,temperature,23.599026560673085,54.12922589289844
2023-10-03T00:00:00,CityB,temperature,22.3370074019758,71.84072175050332
2023-10-04T00:00:00,CityB,temperature,22.093099937226334,67.339975956232
2023-10-05T00:00:00,CityB,temperature,23.114853325432357,43.56185843158731
2023-10-06T00:00:00,CityB,temperature,22.870187489601566,51.31443607720054
2023-10-07T00:00:00,CityB,temperature,23.433261341916214,71.68567987782114
2023-10-08T00:00:00,CityB,temperature,22.004579741974183,73.03195343460928
2023-10-09T00:00:00,CityB,temperature,21.38405655196561,49.57705348637146
2023-10-10T00:00:00,CityB,temperature,20.542932695745773,75.24389572772697
2023-10-11T00:00:00,CityB,temperature,22.830683581841736,81.70333848668666
2023-10-12T00:00:00,CityB,temperature,21.99048524497172,66.22606242158531
2023-10-13T00:00:00,CityB,temperature,22.94457645567008,73.08457638574464
2023-10-14T00:00:00,CityB,temperature,19.59470638034419,66.79755343311024
2023-10-15T00:00:00,CityB,temperature,20.509961859347865,56.51863972746064
2023-10-16T00:00:00,CityB,temperature,20.654182300795537,68.59682222956926
2023-10-17T00:00:00,CityB,temperature,19.646664929717453,41.93807607144792
2023-10-18T00:00:00,CityB,temperature,20.157298343637482,66.36065165537985
2023-10-19T00:00:00,CityB,temperature,20.12315673187439,57.73649421474151
2023-10-20T00:00:00,CityB,temperature,21.181799848589144,73.29668404227426
2023-10-21T00:00:00,CityB,temperature,20.999431862791674,85.36318194017952
2023-10-22T00:00:00,CityB,temperature,20.879212884579626,63.27670545680348
2023-10-23T00:00:00,CityB,temperature,21.129151825516555,40.540889953087714
2023-10-24T00:00:00,CityB,temperature,20.65422950765962,57.552179357120366
2023-10-25T00:00:00,CityB,temperature,19.758266085435775,49.45682376339143
2023-10-26T00:00:00,CityB,temperature,19.7610666553108,74.52573589758481
2023-10-27T00:00:00,CityB,temperature,21.499684917766153,71.06207435655513
2023-10-28T00:00:00,CityB,temperature,19.08191624111129,43.17741557471455
2023-10-29T00:00:00,CityB,temperature,20.4060992435233,40.838439317257134
2023-10-30T00:00:00,CityB,temperature,17.069289708982243,61.13627852584345
2023-10-31T00:00:00,CityB,temperature,17.936497037248945,64.67950149606241
2023-11-01T00:00:00,CityB,temperature,19.05270409210791,44.42809374435429
2023-11-02T00:00:00,CityB,temperature,18.673300890790337,50.878271622987704
2023-11-03T00:00:00,CityB,temperature,20.183594419688244,40.11828724297121
2023-11-04T00:00:00,CityB,temperature,19.561533820619804,41.43520900942512
2023-11-05T00:00:00,CityB,temperature,17.790953722531672,51.360853043628495
2023-11-06T00:00:00,CityB,temperature,19.519809104540393,48.795443150473055
2023-11-07T00:00:00,CityB,temperature,18.04632351487445,78.97829061720111
2023-11-08T00:00:00,CityB,temperature,19.312738002114266,58.84544133908646
2023-11-09T00:00:00,CityB,temperature,18.26727208639557,63.72759679612945
2023-11-10T00:00:00,CityB,temperature,18.61635712239581,48.96141657213185
2023-11-11T00:00:00,CityB,temperature,19.671242165501816,66.37674886709762
2023-11-12T00:00:00,CityB,temperature,19.82013017206836,79.79491155697605
2023-11-13T00:00:00,CityB,temperature,17.817359457587422,42.95355639336854
2023-11-14T00:00:00,CityB,temperature,17.432636980173964,50.14717208775484
2023-11-15T00:00:00,CityB,temperature,17.193346088942626,72.0371878225303
2023-11-16T00:00:00,CityB,temperature,19.193380822637184,83.78665632907524
2023-11-17T00:00:00,CityB,temperature,18.141379713830386,83.61217165208964
2023-11-18T00:00:00,CityB,temperature,19.01485716506696,50.32926457024202
2023-11-19T00:00:00,CityB,temperature,19.83212905440096,76.87661567834456
2023-11-20T00:00:00,CityB,temperature,18.917667777351305,43.79631852079491
2023-11-21T00:00:00,CityB,temperature,18.851848164222933,70.64127397470206
2023-11-22T00:00:00,CityB,temperature,18.465664073218026,84.02239005792089
2023-11-23T00:00:00,CityB,temperature,19.574446311583387,59.30906873428319
2023-11-24T00:00:00,CityB,temperature,19.058686500639656,86.30862001840225
2023-11-25T00:00:00,CityB,temperature,18.477024905829996,72.46480436657706
2023-11-26T00:00:00,CityB,temperature,18.014352627916733,60.24311119288044
2023-11-27T00:00:00,CityB,temperature,18.65997872025818,76.39216738965445
2023-11-28T00:00:00,CityB,temperature,18.770311799155017,88.04613616846305
2023-11-29T00:00:00,CityB,temperature,19.68683262816019,53.44642576909696
2023-11-30T00:00:00,CityB,temperature,18.841604572581055,50.39599041022689
2023-12-01T00:00:00,CityB,temperature,19.389688987389412,78.55385260843477
2023-12-02T00:00:00,CityB,temperature,20.08130811506538,57.613708806301325
2023-12-03T00:00:00,CityB,temperature,18.827335076381928,50.732548513489846
2023-12-04T00:00:00,CityB,temperature,20.343718161687953,69.45503755920565
2023-12-05T00:00:00,CityB,temperature,19.819256105823033,85.77791481165222
2023-12-06T00:00:00,CityB,temperature,20.728074736933042,73.43108772518693
2023-12-07T00:00:00,CityB,temperature,20.376567003995646,40.35994566943528
2023-12-08T00:00:00,CityB,temperature,18.99638286069505,60.119954420266794
2023-12-09T00:00:00,CityB,temperature,20.597217177251494,89.89781662477074
2023-12-10T00:00:00,CityB,temperature,22.482853148152635,88.5186253316568
2023-12-11T00:00:00,CityB,temperature,19.585151348706063,76.9532773120003
2023-12-12T00:00:00,CityB,temperature,20.089419813723485,67.33558492437788
2023-12-13T00:00:00,CityB,temperature,19.77647232754204,81.10606630805678
2023-12-14T00:00:00,CityB,temperature,20.758802962919464,77.05604450195358
2023-12-15T00:00:00,CityB,temperature,20.872169936872254,41.65309221504332
2023-12-16T00:00:00,CityB,temperature,19.776135483871037,82.9240649207455
2023-12-17T00:00:00,CityB,temperature,21.029686005174554,44.42882945396869
2023-12-18T00:00:00,CityB,temperature,21.25430670121824,69.6431533155702
2023-12-19T00:00:00,CityB,temperature,20.851964214439047,84.05406168643273
2023-12-20T00:00:00,CityB,temperature,23.210208674388102,72.33118768494832
2023-12-21T00:00:00,CityB,temperature,23.368352012797875,67.40288158344264
2023-12-22T00:00:00,CityB,temperature,22.156882591558716,80.35028009647087
2023-12-23T00:00:00,CityB,temperature,22.806565274715087,59.90646653744676
2023-12-24T00:00:00,CityB,temperature,21.837646287707162,63.946463513098806
2023-12-25T00:00:00,CityB,temperature,23.096067176932788,60.32176099078487
2023-12-26T00:00:00,CityB,temperature,22.756698602407983,47.09544000685624
2023-12-27T00:00:00,CityB,temperature,23.38181788097638,56.92787914030991
2023-12-28T00:00:00,CityB,temperature,22.738358165523614,48.364335877994236
2023-12-29T00:00:00,CityB,temperature,22.874694323106183,57.81576996773068
2023-12-30T00:00:00,CityB,temperature,22.293472952614078,69.77575793046154
2023-12-31T00:00:00,CityB,temperature,22.854904183639242,69.62531044205409
2023-01-01T00:00:00,CityC,temperature,22.59323227770389,81.39101183351123
2023-01-02T00:00:00,CityC,temperature,23.8431959237989,71.6111309494205
2023-01-03T00:00:00,CityC,temperature,24.115343793490627,78.70894509588172
2023-01-04T00:00:00,CityC,temperature,26.114166437534163,75.5574547249594
2023-01-05T00:00:00,CityC,temperature,24.66633328087525,88.33516598207223
2023-01-06T00:00:00,CityC,temperature,23.6973664858079,82.2659126993617
2023-01-07T00:00:00,CityC,temperature,23.531009869664075,78.94055315284581
2023-01-08T00:00:00,CityC,temperature,23.475697566435088,62.106172446978476
2023-01-09T00:00:00,CityC,temperature,25.544048135081873,44.07397243909752
2023-01-10T00:00:00,CityC,temperature,24.372030250221464,56.53472237140824
2023-01-11T00:00:00,CityC,temperature,24.38240574662584,58.912672268386444
2023-01-12T00:00:00,CityC,temperature,23.657351282670184,69.49885067872185
2023-01-13T00:00:00,CityC,temperature,25.623908154643235,85.68151884754633
2023-01-14T00:00:00,CityC,temperature,25.841380616206067,73.50543476376785
2023-01-15T00:00:00,CityC,temperature,26.848669173682353,44.00212913057938
2023-01-16T00:00:00,CityC,temperature,25.749001996209937,85.43036927545376
2023-01-17T00:00:00,CityC,temperature,25.736814712295757,44.79832939067418
2023-01-18T00:00:00,CityC,temperature,26.94041914366952,83.00117224361503
2023-01-19T00:00:00,CityC,temperature,26.161289062393497,80.04350113444576
2023-01-20T00:00:00,CityC,temperature,27.1255540012795,61.76224357981274
2023-01-21T00:00:00,CityC,temperature,25.765380842781607,43.82156816399351
2023-01-22T00:00:00,CityC,temperature,25.673952681042724,71.61540382104388
2023-01-23T00:00:00,CityC,temperature,27.642842333630455,80.84454735102197
2023-01-24T00:00:00,CityC,temperature,27.513009465535358,68.91692897503401
2023-01-25T00:00:00,CityC,temperature,28.737571022069368,48.35632910854849
2023-01-26T00:00:00,CityC,temperature,28.22059387740937,54.6099527340091
2023-01-27T00:00:00,CityC,temperature,28.3585590131112,76.49538421170868
2023-01-28T00:00:00,CityC,temperature,27.5830147772761,52.405247469774125
2023-01-29T00:00:00,CityC,temperature,27.245029621449365,84.93153074588733
2023-01-30T00:00:00,CityC,temperature,28.31056282379699,59.268847439712246
2023-01-31T00:00:00,CityC,temperature,28.49862786604947,72.14723269757815
2023-02-01T00:00:00,CityC,temperature,27.217733504030253,75.84397889021952
2023-02-02T00:00:00,CityC,temperature,28.87527182324407,77.46333272022727
2023-02-03T00:00:00,CityC,temperature,29.360458239583625,61.912175745814395
2023-02-04T00:00:00,CityC,temperature,28.78777845215547,86.54719172552966
2023-02-05T00:00:00,CityC,temperature,26.504153945249296,79.24204240011942
2023-02-06T00:00:00,CityC,temperature,29.343879254641184,51.78736442728086
2023-02-07T00:00:00,CityC,temperature,29.768996780765402,66.87189101213443
2023-02-08T00:00:00,CityC,temperature,29.528310071448498,59.402758582615235
2023-02-09T00:00:00,CityC,temperature,26.42332446915097,62.896304929685456
2023-02-10T00:00:00,CityC,temperature,29.665130944986554,50.07546812410992
2023-02-11T00:00:00,CityC,temperature,27.74811514915314,51.39949449744607
2023-02-12T00:00:00,CityC,temperature,28.06960361585414,53.90914735460475
2023-02-13T00:00:00,CityC,temperature,27.931845316654602,80.95312902253696
2023-02-14T00:00:00,CityC,temperature,28.146511451243487,53.93940046673505
2023-02-15T00:00:00,CityC,temperature,28.364494479203096,79.49848032536237
2023-02-16T00:00:00,CityC,temperature,28.04246014616482,65.75854383485267
2023-02-17T00:00:00,CityC,temperature,28.688516881876073,42.270033716881045
2023-02-18T00:00:00,CityC,temperature,28.53331601858347,52.278616490965
2023-02-19T00:00:00,CityC,temperature,28.227403201539698,61.2329675226999
2023-02-20T00:00:00,CityC,temperature,29.162272013627383,59.82764352001418
2023-02-21T00:00:00,CityC,temperature,28.15638015436681,57.27935902697287
2023-02-22T00:00:00,CityC,temperature,26.16939139485498,61.4816472357102
2023-02-23T00:00:00,CityC,temperature,28.695678999608607,56.56683380719308
2023-02-24T00:00:00,CityC,temperature,27.00396869098629,89.5570131533373
2023-02-25T00:00:00,CityC,temperature,28.60661867045967,40.23455213318712
2023-02-26T00:00:00,CityC,temperature,27.04317076845925,68.84099965806104
2023-02-27T00:00:00,CityC,temperature,27.460439810015863,64.72767057381526
2023-02-28T00:00:00,CityC,temperature,28.686887032056614,65.20053229723976
2023-03-01T00:00:00,CityC,temperature,27.233764591710955,53.939281595427445
2023-03-02T00:00:00,CityC,temperature,28.39638148033138,73.45428045068806
2023-03-03T00:00:00,CityC,temperature,27.478539461439635,78.13861533964393
2023-03-04T00:00:00,CityC,temperature,28.83356698927662,79.15849253781906
2023-03-05T00:00:00,CityC,temperature,27.828629853075476,40.29351174746503
2023-03-06T00:00:00,CityC,temperature,25.911405264250156,79.61623226312022
2023-03-07T00:00:00,CityC,temperature,26.15640595424463,50.78993774874103
2023-03-08T00:00:00,CityC,temperature,26.812252787451328,61.61241619186565
2023-03-09T00:00:00,CityC,temperature,27.088217515464965,51.28451556113721
2023-03-10T00:00:00,CityC,temperature,27.875928276383874,61.14955380180026
2023-03-11T00:00:00,CityC,temperature,28.667867123690023,61.911268541105876
2023-03-12T00:00:00,CityC,temperature,26.409514426407572,63.26007648405455
2023-03-13T00:00:00,CityC,temperature,25.684550717567245,79.14538357772122
2023-03-14T00:00:00,CityC,temperature,28.026208225973104,48.27202805395122
2023-03-15T00:00:00,CityC,temperature,27.568931977811438,81.08832708478899
2023-03-16T00:00:00,CityC,temperature,25.940498592236374,47.07958283336213
2023-03-17T00:00:00,CityC,temperature,26.231586834998453,61.753621424730035
2023-03-18T00:00:00,CityC,temperature,25.1037524899591,49.68514179358171
2023-03-19T00:00:00,CityC,temperature,24.04306997350394,84.36291464650645
2023-03-20T00:00:00,CityC,temperature,25.29767267644727,50.309316556816206
2023-03-21T00:00:00,CityC,temperature,25.761569909574295,85.41071887261612
2023-03-22T00:00:00,CityC,temperature,25.44288827453011,88.07150673468652
2023-03-23T00:00:00,CityC,temperature,24.72151651190962,58.22337921053552
2023-03-24T00:00:00,CityC,temperature,25.970351251792756,64.26857464967273
2023-03-25T00:00:00,CityC,temperature,24.805442895914837,57.75923412685444
2023-03-26T00:00:00,CityC,temperature,26.343921958682103,62.14670237776096
2023-03-27T00:00:00,CityC,temperature,23.370788557648304,61.73529725659399
2023-03-28T00:00:00,CityC,temperature,24.430132256639872,53.57447600159287
2023-03-29T00:00:00,CityC,temperature,23.24137066557063,87.16270844250117
2023-03-30T00:00:00,CityC,temperature,24.04001890582681,84.254032359822
2023-03-31T00:00:00,CityC,temperature,22.175284651148477,55.37716503525451
2023-04-01T00:00:00,CityC,temperature,25.27520766805948,78.94784925693833
2023-04-02T00:00:00,CityC,temperature,22.797378028585516,65.22735265478997
2023-04-03T00:00:00,CityC,temperature,23.290027284253245,70.45614674786214
2023-04-04T00:00:00,CityC,temperature,24.023345350675395,76.3528365494609
2023-04-05T00:00:00,CityC,temperature,23.262745852438556,78.74794775670007
2023-04-06T00:00:00,CityC,temperature,24.00640843003034,66.02587840472746
2023-04-07T00:00:00,CityC,temperature,23.12546891607692,77.75044896260874
2023-04-08T00:00:00,CityC,temperature,23.58185021286339,45.812218339739225
2023-04-09T00:00:00,CityC,temperature,22.536846814604502,83.51357352764865
2023-04-10T00:00:00,CityC,temperature,21.674329933378914,76.0713159635527
2023-04-11T00:00:00,CityC,temperature,21.027421501657276,58.0314446236528
2023-04-12T00:00:00,CityC,temperature,21.591546385690858,81.59491733462289
2023-04-13T00:00:00,CityC,temperature,20.984886291411872,54.49881586947816
2023-04-14T00:00:00,CityC,temperature,21.70023438895982,60.13393360494226
2023-04-15T00:00:00,CityC,temperature,21.59428959779105,89.64658314014494
2023-04-16T00:00:00,CityC,temperature,21.919404179369383,86.06761264329376
2023-04-17T00:00:00,CityC,temperature,20.660775488509607,77.23466183081132
2023-04-18T00:00:00,CityC,temperature,20.0294576023081,72.61004252988093
2023-04-19T00:00:00,CityC,temperature,21.359241708455205,64.15661443717974
2023-04-20T00:00:00,CityC,temperature,20.013816407683194,61.34576607575494
2023-04-21T00:00:00,CityC,temperature,19.471964318975303,58.33133448654213
2023-04-22T00:00:00,CityC,temperature,19.95742078885476,50.83923228339657
2023-04-23T00:00:00,CityC,temperature,20.465565729146878,51.07943286011503
2023-04-24T00:00:00,CityC,temperature,20.933534286254528,60.21801167244624
2023-04-25T00:00:00,CityC,temperature,20.83307945404259,78.75301826165635
2023-04-26T00:00:00,CityC,temperature,19.578452282137466,56.44568132532481
2023-04-27T00:00:00,CityC,temperature,19.488292192863458,61.65173901258275
2023-04-28T00:00:00,CityC,temperature,20.7881860792738,44.121044668804366
2023-04-29T00:00:00,CityC,temperature,18.816052497007725,41.37524032898856
2023-04-30T00:00:00,CityC,temperature,20.13703282133928,82.68908302673432
2023-05-01T00:00:00,CityC,temperature,18.53357899664791,76.12547921351859
2023-05-02T00:00:00,CityC,temperature,17.978779815340612,51.98051131062954
2023-05-03T00:00:00,CityC,temperature,18.414472078916113,43.28976444117413
2023-05-04T00:00:00,CityC,temperature,19.178414159040127,81.28800994585546
2023-05-05T00:00:00,CityC,temperature,18.8117623971793,66.09862437997383
2023-05-06T00:00:00,CityC,temperature,20.221938518301197,51.094928256825504
2023-05-07T00:00:00,CityC,temperature,16.713266776419555,77.82155895008296
2023-05-08T00:00:00,CityC,temperature,17.804559068023774,85.2373146662326
2023-05-09T00:00:00,CityC,temperature,17.612178732611543,49.55958893421405
2023-05-10T00:00:00,CityC,temperature,18.722838760733403,89.02324229403317
2023-05-11T00:00:00,CityC,temperature,19.35711871814409,75.34940446470449
2023-05-12T00:00:00,CityC,temperature,19.346687705920708,69.38397167462668
2023-05-13T00:00:00,CityC,temperature,17.738561844683446,67.55065255315745
2023-05-14T00:00:00,CityC,temperature,18.0400408560526,70.68492087595635
2023-05-15T00:00:00,CityC,temperature,19.219223090243293,50.381870594459635
2023-05-16T00:00:00,CityC,temperature,16.858180052198513,47.356435641407586
2023-05-17T00:00:00,CityC,temperature,18.395876265050145,45.80067040460876
2023-05-18T00:00:00,CityC,temperature,19.658050754864885,41.02663463108604
2023-05-19T00:00:00,CityC,temperature,18.222205112640008,64.05563443613688
2023-05-20T00:00:00,CityC,temperature,18.631769497779228,58.232769155043954
2023-05-21T00:00:00,CityC,temperature,18.86605788705606,41.81165733855557
2023-05-22T00:00:00,CityC,temperature,19.265091991610365,56.12527110894051
2023-05-23T00:00:00,CityC,temperature,18.43851651708383,42.099936948413486
2023-05-24T00:00:00,CityC,temperature,17.40012176192073,40.83817401668594
2023-05-25T00:00:00,CityC,temperature,16.864263309126187,80.36657894138281
2023-05-26T00:00:00,CityC,temperature,18.86652822605116,72.10728358625366
2023-05-27T00:00:00,CityC,temperature,20.38056448629549,47.884749843647576
2023-05-28T00:00:00,CityC,temperature,18.575245608415273,80.37522948686338
2023-05-29T00:00:00,CityC,temperature,20.55382905954375,43.18769048861014
2023-05-30T00:00:00,CityC,temperature,19.127371344188617,45.878539431253884
2023-05-31T00:00:00,CityC,temperature,18.526304861590436,53.60157676183618
2023-06-01T00:00:00,CityC,temperature,19.39800799086,60.74765573780724
2023-06-02T00:00:00,CityC,temperature,19.142635420050052,65.85026349176353
2023-06-03T00:00:00,CityC,temperature,18.87356465601799,48.14288091134879
2023-06-04T00:00:00,CityC,temperature,20.147599480804818,55.8032325929537
2023-06-05T00:00:00,CityC,temperature,19.794667430998793,75.3385090374662
2023-06-06T00:00:00,CityC,temperature,19.599552705934965,57.01921262422988
2023-06-07T00:00:00,CityC,temperature,19.498930198133408,64.7136844191108
2023-06-08T00:00:00,CityC,temperature,21.304369591170925,88.33753096827836
2023-06-09T00:00:00,CityC,temperature,20.050812245805574,72.31602504309882
2023-06-10T00:00:00,CityC,temperature,19.034426673194027,55.69284772217556
2023-06-11T00:00:00,CityC,temperature,20.537634683429175,60.88519593988729
2023-06-12T00:00:00,CityC,temperature,22.297102122847484,77.89830556730037
2023-06-13T00:00:00,CityC,temperature,21.67553663673724,42.38945815837449
2023-06-14T00:00:00,CityC,temperature,19.192382563235935,85.40190763414762
2023-06-15T00:00:00,CityC,temperature,21.613488310685483,44.458074661116726
2023-06-16T00:00:00,CityC,temperature,18.966526272008018,56.37049791439625
2023-06-17T00:00:00,CityC,temperature,20.879630312513715,52.18219429167352
2023-06-18T00:00:00,CityC,temperature,20.771496416285466,54.723192825548644
2023-06-19T00:00:00,CityC,temperature,21.966151026201768,52.524863394222194
2023-06-20T00:00:00,CityC,temperature,20.358009342530227,83.8854775979832
2023-06-21T00:00:00,CityC,temperature,21.422691782760623,67.07305736906108
2023-06-22T00:00:00,CityC,temperature,21.12736445633272,86.4649409097938
2023-06-23T00:00:00,CityC,temperature,22.117861353045633,80.96832364570383
2023-06-24T00:00:00,CityC,temperature,23.32631336311188,89.30338802590953
2023-06-25T00:00:00,CityC,temperature,21.711173196264177,47.48321584294882
2023-06-26T00:00:00,CityC,temperature,21.89357740561211,77.27160735380491
2023-06-27T00:00:00,CityC,temperature,22.38181618679971,86.89236041059138
2023-06-28T00:00:00,CityC,temperature,21.647272092124748,62.18881374064715
2023-06-29T00:00:00,CityC,temperature,23.058731485817162,48.56569766836189
2023-06-30T00:00:00,CityC,temperature,22.968380521184212,46.85421651828247
2023-07-01T00:00:00,CityC,temperature,23.64829398809096,69.94615451213701
2023-07-02T00:00:00,CityC,temperature,24.734978413572794,53.588550787416494
2023-07-03T00:00:00,CityC,temperature,23.047079194164798,43.02344770720196
2023-07-04T00:00:00,CityC,temperature,25.230568232177788,44.64343119455768
2023-07-05T00:00:00,CityC,temperature,24.16505583577617,78.19749548942002
2023-07-06T00:00:00,CityC,temperature,24.492093601192828,56.1522117116583
2023-07-07T00:00:00,CityC,temperature,24.625426305710857,78.9319223931027
2023-07-08T00:00:00,CityC,temperature,25.021979988636204,73.04452105618577
2023-07-09T00:00:00,CityC,temperature,24.944065275191463,68.53916533028931
2023-07-10T00:00:00,CityC,temperature,25.766018141989534,64.42691973586841
2023-07-11T00:00:00,CityC,temperature,24.6362728243387,66.03809891686984
2023-07-12T00:00:00,CityC,temperature,25.621126523909503,54.507404990106465
2023-07-13T00:00:00,CityC,temperature,26.64791162834136,51.08589543577741
2023-07-14T00:00:00,CityC,temperature,25.349237447008004,81.1037597566017
2023-07-15T00:00:00,CityC,temperature,28.02057824558255,46.90283110639336
2023-07-16T00:00:00,CityC,temperature,25.307058429616845,72.1215553082869
2023-07-17T00:00:00,CityC,temperature,26.06867783053413,63.86096972426817
2023-07-18T00:00:00,CityC,temperature,26.983188936675806,70.77412661646294
2023-07-19T00:00:00,CityC,temperature,27.71330670714271,52.39447898243403
2023-07-20T00:00:00,CityC,temperature,27.24887023428714,49.6983596199827
2023-07-21T00:00:00,CityC,temperature,26.597604784443607,55.32336929329663
2023-07-22T00:00:00,CityC,temperature,28.024249896516533,55.03483649237285
2023-07-23T00:00:00,CityC,temperature,26.18990791536696,71.98763966478444
2023-07-24T00:00:00,CityC,temperature,26.77284899866266,66.86424264341655
2023-07-25T00:00:00,CityC,temperature,26.98234042685584,52.5384840505865
2023-07-26T00:00:00,CityC,temperature,26.437362178914086,80.71171350994841
2023-07-27T00:00:00,CityC,temperature,27.658712657415474,79.8990580783852
2023-07-28T00:00:00,CityC,temperature,25.992399086765076,86.05648727484974
2023-07-29T00:00:00,CityC,temperature,27.515612629587586,44.78481894960716
2023-07-30T00:00:00,CityC,temperature,28.45573797335722,78.98473212092449
2023-07-31T00:00:00,CityC,temperature,26.804122517713598,68.02598157958306
2023-08-01T00:00:00,CityC,temperature,27.787214839152966,66.67583875338276
2023-08-02T00:00:00,CityC,temperature,28.157160910164066,51.64894081766368
2023-08-03T00:00:00,CityC,temperature,28.04956067247997,43.59355381688399
2023-08-04T00:00:00,CityC,temperature,27.796630868092656,71.79696731730724
2023-08-05T00:00:00,CityC,temperature,27.678626195062385,69.50751855227307
2023-08-06T00:00:00,CityC,temperature,28.032213755734784,76.74665048723206
2023-08-07T00:00:00,CityC,temperature,28.585065230605082,56.25110278242968
2023-08-08T00:00:00,CityC,temperature,28.329820842179,55.074490879557935
2023-08-09T00:00:00,CityC,temperature,27.11796608212392,64.1072621599228
2023-08-10T00:00:00,CityC,temperature,29.427659397859664,43.44343931814488
2023-08-11T00:00:00,CityC,temperature,28.145539375251612,61.37721378959348
2023-08-12T00:00:00,CityC,temperature,28.628266402627254,51.661105056587985
2023-08-13T00:00:00,CityC,temperature,28.25047433797374,88.21367372515599
2023-08-14T00:00:00,CityC,temperature,28.751129235125095,43.303489214125705
2023-08-15T00:00:00,CityC,temperature,28.014240887047535,73.52440601984497
2023-08-16T00:00:00,CityC,temperature,29.222587227497524,83.85357039106164
2023-08-17T00:00:00,CityC,temperature,28.385534464535887,80.79371841511724
2023-08-18T00:00:00,CityC,temperature,27.528145542211657,45.665279938990885
2023-08-19T00:00:00,CityC,temperature,28.699352200201115,61.74475282409878
2023-08-20T00:00:00,CityC,temperature,28.205486972352354,81.09290459979253
2023-08-21T00:00:00,CityC,temperature,27.319457937500324,50.01520745308241
2023-08-22T00:00:00,CityC,temperature,28.43783320189964,57.24456595406086
2023-08-23T00:00:00,CityC,temperature,28.169314884818036,67.15173555498357
2023-08-24T00:00:00,CityC,temperature,29.254519081797866,81.65167803962333
2023-08-25T00:00:00,CityC,temperature,29.355182675789237,47.80314398482531
2023-08-26T00:00:00,CityC,temperature,26.66398980777187,89.36960187169298
2023-08-27T00:00:00,CityC,temperature,29.4280937784823,50.85771003976079
2023-08-28T00:00:00,CityC,temperature,28.789865103785804,62.05045939150112
2023-08-29T00:00:00,CityC,temperature,28.484546216390523,43.148882167316685
2023-08-30T00:00:00,CityC,temperature,28.379337984729325,74.33355922908866
2023-08-31T00:00:00,CityC,temperature,27.933800382656585,67.7611362796265
2023-09-01T00:00:00,CityC,temperature,28.356625769933164,63.237015894362514
2023-09-02T00:00:00,CityC,temperature,26.101796383553733,65.28665556614843
2023-09-03T00:00:00,CityC,temperature,26.24172518482313,69.65235446128312
2023-09-04T00:00:00,CityC,temperature,26.267008069085414,62.975584896349176
2023-09-05T00:00:00,CityC,temperature,26.976988859003303,84.67879934062239
2023-09-06T00:00:00,CityC,temperature,26.88464580612798,51.126562547575716
2023-09-07T00:00:00,CityC,temperature,28.156825666891272,48.66723480403485
2023-09-08T00:00:00,CityC,temperature,26.488688655305552,87.21675099467527
2023-09-09T00:00:00,CityC,temperature,28.060871919338794,83.26577827748176
2023-09-10T00:00:00,CityC,temperature,27.24788807791892,64.46025188831308
2023-09-11T00:00:00,CityC,temperature,27.073794826603567,79.0799210434659
2023-09-12T00:00:00,CityC,temperature,27.33504381405564,55.36984902308371
2023-09-13T00:00:00,CityC,temperature,24.223957861844095,76.08158758638614
2023-09-14T00:00:00,CityC,temperature,26.472107701725413,85.55705192718611
2023-09-15T00:00:00,CityC,temperature,26.008628873007996,46.339955781524296
2023-09-16T00:00:00,CityC,temperature,25.192793168078655,84.66794602453407
2023-09-17T00:00:00,CityC,temperature,27.10276300468802,66.41687544203839
2023-09-18T00:00:00,CityC,temperature,25.947414783535706,49.156690390354775
2023-09-19T00:00:00,CityC,temperature,24.970749357337844,41.06142520280528
2023-09-20T00:00:00,CityC,temperature,26.871685183094712,65.24684444457971
2023-09-21T00:00:00,CityC,temperature,24.058659813377666,70.4673455471405
2023-09-22T00:00:00,CityC,temperature,26.173427076385686,65.71473936760555
2023-09-23T00:00:00,CityC,temperature,25.35331745019882,51.85827029131855
2023-09-24T00:00:00,CityC,temperature,25.572849935276935,51.07379220413308
2023-09-25T00:00:00,CityC,temperature,23.604758571404542,66.11560444578296
2023-09-26T00:00:00,CityC,temperature,23.75413271993848,85.74834875157835
2023-09-27T00:00:00,CityC,temperature,23.79006091022237,66.95525170783749
2023-09-28T00:00:00,CityC,temperature,23.796823887045544,65.59907324363972
2023-09-29T00:00:00,CityC,temperature,21.961106507836703,77.68396167916985
2023-09-30T00:00:00,CityC,temperature,25.169180842169634,63.00470297119883
2023-10-01T00:00:00,CityC,temperature,25.295934293117117,75.64852457223822
2023-10-02T00:00:00,CityC,temperature,24.080119506216185,43.38413600644486
2023-10-03T00:00:00,CityC,temperature,22.481403058344245,79.81663231727795
2023-10-04T00:00:00,CityC,temperature,22.858410030593525,46.10476512553722
2023-10-05T00:00:00,CityC,temperature,23.763597385540148,79.1561143103256
2023-10-06T00:00:00,CityC,temperature,22.67167868127096,45.488132069481004
2023-10-07T00:00:00,CityC,temperature,22.50576293808752,53.35453829909802
2023-10-08T00:00:00,CityC,temperature,22.087121553606124,86.90630835124534
2023-10-09T00:00:00,CityC,temperature,20.727917063606938,53.03714309552593
2023-10-10T00:00:00,CityC,temperature,20.481839770304372,63.057504026952735
2023-10-11T00:00:00,CityC,temperature,22.125951399275532,41.920302080716624
2023-10-12T00:00:00,CityC,temperature,22.101821878100186,52.18210958854492
2023-10-13T00:00:00,CityC,temperature,22.676294210943514,50.45164541734121
2023-10-14T00:00:00,CityC,temperature,20.82039389921754,83.37047407048492
2023-10-15T00:00:00,CityC,temperature,20.326157809620543,47.19041615842989
2023-10-16T00:00:00,CityC,temperature,20.245633615331148,55.92877431658228
2023-10-17T00:00:00,CityC,temperature,20.001044970647097,69.50152947969487
2023-10-18T00:00:00,CityC,temperature,19.751853787552808,58.644923343336046
2023-10-19T00:00:00,CityC,temperature,19.452193966541998,66.64722962518965
2023-10-20T00:00:00,CityC,temperature,20.630244993711052,81.75847044305903
2023-10-21T00:00:00,CityC,temperature,20.136813448705034,64.00956917600777
2023-10-22T00:00:00,CityC,temperature,20.791888485369377,48.67388349086997
2023-10-23T00:00:00,CityC,temperature,20.7360592408067,40.45983805891677
2023-10-24T00:00:00,CityC,temperature,19.95344932302749,57.531315244580284
2023-10-25T00:00:00,CityC,temperature,19.87731687372925,65.59811434403665
2023-10-26T00:00:00,CityC,temperature,20.636405060178078,53.19246615041905
2023-10-27T00:00:00,CityC,temperature,19.878220975252876,75.8841814037757
2023-10-28T00:00:00,CityC,temperature,18.583737372302558,78.47645581778966
2023-10-29T00:00:00,CityC,temperature,19.004045649026796,60.136827020719466
2023-10-30T00:00:00,CityC,temperature,18.33322333729911,59.146622349131434
2023-10-31T00:00:00,CityC,temperature,17.830712167786178,77.32710482298187
2023-11-01T00:00:00,CityC,temperature,18.8278236462506,54.86468474301945
2023-11-02T00:00:00,CityC,temperature,19.28069750586943,49.40835938166232
2023-11-03T00:00:00,CityC,temperature,20.953809124075715,80.28359920866662
2023-11-04T00:00:00,CityC,temperature,18.783529378903197,48.60337151288241
2023-11-05T00:00:00,CityC,temperature,18.13985291295848,60.08393856910729
2023-11-06T00:00:00,CityC,temperature,18.57402058305981,64.6240783019847
2023-11-07T00:00:00,CityC,temperature,18.44666075939436,63.148651571442784
2023-11-08T00:00:00,CityC,temperature,19.10878408926788,74.23763613606894
2023-11-09T00:00:00,CityC,temperature,19.459693390388903,81.6533396495694
2023-11-10T00:00:00,CityC,temperature,17.666228563188923,76.78804421483505
2023-11-11T00:00:00,CityC,temperature,19.462556672392484,72.50911515503083
2023-11-12T00:00:00,CityC,temperature,19.739679031920012,70.0587274352892
2023-11-13T00:00:00,CityC,temperature,16.42513565328415,41.855989133732955
2023-11-14T00:00:00,CityC,temperature,17.812699651633825,60.925156273122724
2023-11-15T00:00:00,CityC,temperature,17.611629065688323,77.25110064896685
2023-11-16T00:00:00,CityC,temperature,18.906229911200327,75.23963483273783
2023-11-17T00:00:00,CityC,temperature,17.596184156341913,41.18386581605179
2023-11-18T00:00:00,CityC,temperature,18.118244651927593,70.41377049705744
2023-11-19T00:00:00,CityC,temperature,18.818881404874578,73.48420082078917
2023-11-20T00:00:00,CityC,temperature,19.11958248589276,49.174719606532754
2023-11-21T00:00:00,CityC,temperature,18.3829145478346,76.63506776551876
2023-11-22T00:00:00,CityC,temperature,18.97333796453653,41.930863423220096
2023-11-23T00:00:00,CityC,temperature,19.9407693255915,84.45016009264296
2023-11-24T00:00:00,CityC,temperature,17.964328465416905,69.71641963594969
2023-11-25T00:00:00,CityC,temperature,18.79541513526125,85.30052192325735
2023-11-26T00:00:00,CityC,temperature,17.563483417915528,65.53649659447058
2023-11-27T00:00:00,CityC,temperature,18.88738829850114,65.97468801461277
2023-11-28T00:00:00,CityC,temperature,19.604241630521255,75.22562964840091
2023-11-29T00:00:00,CityC,temperature,18.91067410704729,55.673317589912514
2023-11-30T00:00:00,CityC,temperature,18.35608348038296,46.075084211923695
2023-12-01T00:00:00,CityC,temperature,20.57637596032896,46.01260046723459
2023-12-02T00:00:00,CityC,temperature,19.993774789995715,44.67588713251499
2023-12-03T00:00:00,CityC,temperature,19.147557440205784,70.28458656911374
2023-12-04T00:00:00,CityC,temperature,19.949113237379592,80.9857304539585
2023-12-05T00:00:00,CityC,temperature,19.653529084849612,76.04369328670744
2023-12-06T00:00:00,CityC,temperature,18.979985102942674,64.72425649370747
2023-12-07T00:00:00,CityC,temperature,20.395015883753853,60.63210021825536
2023-12-08T00:00:00,CityC,temperature,19.599194935255788,55.797098363027814
2023-12-09T00:00:00,CityC,temperature,20.707949810413936,42.19742791423975
2023-12-10T00:00:00,CityC,temperature,22.55673899225544,63.90973236909929
2023-12-11T00:00:00,CityC,temperature,18.75797669981523,52.16435921388172
2023-12-12T00:00:00,CityC,temperature,19.95205796270927,55.57923350371696
2023-12-13T00:00:00,CityC,temperature,20.17751140564476,66.52525082043215
2023-12-14T00:00:00,CityC,temperature,20.646600964864597,77.80512859812998
2023-12-15T00:00:00,CityC,temperature,19.840429344227264,82.99962991956693
2023-12-16T00:00:00,CityC,temperature,19.116518915162178,89.84523441686319
2023-12-17T00:00:00,CityC,temperature,20.194880601509222,79.81274691380573
2023-12-18T00:00:00,CityC,temperature,21.87517055628626,82.82378450727995
2023-12-19T00:00:00,CityC,temperature,20.381421430726984,73.84370063133301
2023-12-20T00:00:00,CityC,temperature,22.570729620576383,45.486295279916014
2023-12-21T00:00:00,CityC,temperature,22.950578280958158,52.50398830050118
2023-12-22T00:00:00,CityC,temperature,22.97775165871307,71.16952575538329
2023-12-23T00:00:00,CityC,temperature,22.64254008129423,53.96471765941486
2023-12-24T00:00:00,CityC,temperature,22.088610035993614,64.58126752266652
2023-12-25T00:00:00,CityC,temperature,22.46306331358122,55.70863051747833
2023-12-26T00:00:00,CityC,temperature,22.468860067627652,48.64615621331962
2023-12-27T00:00:00,CityC,temperature,24.26008533041824,64.81837985529059
2023-12-28T00:00:00,CityC,temperature,22.454515341679933,69.05138839077591
2023-12-29T00:00:00,CityC,temperature,22.41050012097048,61.09966104069531
2023-12-30T00:00:00,CityC,temperature,23.373148230746974,61.08004058192964
2023-12-31T00:00:00,CityC,temperature,23.191115382536303,51.40640965360386
