time,system_id,displacement,force
1420070400.0,duffing_osc,50.18283024785266,-0.8043311755395095
1420156800.0,duffing_osc,49.37849907231315,0.13650199704481736
1420243200.0,duffing_osc,50.45583424194229,0.5980191925113658
1420329600.0,duffing_osc,50.57453745733588,-0.8045006065363367
1420416000.0,duffing_osc,48.84683302886962,-0.6621996600801943
1420502400.0,duffing_osc,49.25013813717549,0.6396156087825133
1420588800.0,duffing_osc,50.126064246434645,0.3164980501694643
1420675200.0,duffing_osc,49.88313423751442,-0.017032856336125946
1420761600.0,duffing_osc,50.09199853376239,-0.13001774920838116
1420848000.0,duffing_osc,49.62309873909766,0.30390741222520035
1420934400.0,duffing_osc,50.69981335821279,0.5285753042185952
1421020800.0,duffing_osc,50.68024934753485,-0.2015675615398962
1421107200.0,duffing_osc,50.296678235133,0.14910019557150989
1421193600.0,duffing_osc,50.97844973867787,0.16554705075185794
1421280000.0,duffing_osc,50.62777233663672,-0.5518696637287022
1421366400.0,duffing_osc,49.87471041122046,0.012280365712605601
1421452800.0,duffing_osc,50.65233306806193,0.009538872534022858
1421539200.0,duffing_osc,49.89378815628851,0.1896006467564817
1421625600.0,duffing_osc,51.03153436157489,0.307185676488249
1421712000.0,duffing_osc,50.508159509265006,-0.28605006346420225
1421798400.0,duffing_osc,50.45943423464649,-0.15677870595809296
1421884800.0,duffing_osc,50.19460209734882,0.45567624123352246
1421971200.0,duffing_osc,51.37078671711353,0.1925094520357682
1422057600.0,duffing_osc,50.57962100142036,-0.4599901139756106
1422144000.0,duffing_osc,50.45080648916231,-0.02322199569094252
1422230400.0,duffing_osc,50.53317701003847,0.32472564674237603
1422316800.0,duffing_osc,51.10025778264706,0.25107559142152525
1422403200.0,duffing_osc,51.03532819288152,-0.0011701232084107005
1422489600.0,duffing_osc,51.09791753623024,0.05372407498246545
1422576000.0,duffing_osc,51.14277634284645,0.5526666185397389
1422662400.0,duffing_osc,52.20325077330972,-0.21759783246262643
1422748800.0,duffing_osc,50.7075806779212,-0.7619355704046313
1422835200.0,duffing_osc,50.679379632500456,-0.08608603120766745
1422921600.0,duffing_osc,50.535408615505865,0.37597209490158434
1423008000.0,duffing_osc,51.431323822303625,0.6219693135668258
1423094400.0,duffing_osc,51.77934724263952,-0.17801334500887833
1423180800.0,duffing_osc,51.07529713228587,-0.5491503148624375
1423267200.0,duffing_osc,50.68104661291464,-0.17279055003776023
1423353600.0,duffing_osc,50.72971603221035,0.4852392561740757
1423440000.0,duffing_osc,51.65152512526279,0.5055145783404171
1423526400.0,duffing_osc,51.74074518889118,0.0007949654104280057
1423612800.0,duffing_osc,51.65311505608365,-0.39082873142385566
1423699200.0,duffing_osc,50.95908772604347,-0.061846200910341764
1423785600.0,duffing_osc,51.529422654262966,0.26716761858873994
1423872000.0,duffing_osc,51.49342296322095,0.02916500190036686
1423958400.0,duffing_osc,51.5877526580637,0.258736999502883
1424044800.0,duffing_osc,52.01089696222672,0.031845756196670294
1424131200.0,duffing_osc,51.65144417045704,-0.029039455708407047
1424217600.0,duffing_osc,51.9528180508099,-0.01882661779388428
1424304000.0,duffing_osc,51.61379093486927,-0.08950656242696198
1424390400.0,duffing_osc,51.77380492595598,0.19639248562446454
1424476800.0,duffing_osc,52.0065759061182,-0.4961762235300107
1424563200.0,duffing_osc,50.78145247889596,-0.25796222382711065
1424649600.0,duffing_osc,51.49065145846398,0.3222843861990228
1424736000.0,duffing_osc,51.426021251294,-0.0690067742884537
1424822400.0,duffing_osc,51.35263790988707,0.0875747817489696
1424908800.0,duffing_osc,51.60117081479194,0.6715166235820824
1424995200.0,duffing_osc,52.69567115705124,-0.14346511620434654
1425081600.0,duffing_osc,51.31424058238325,-0.12178305063979877
1425168000.0,duffing_osc,52.45210505577164,-0.206519277868761
1425254400.0,duffing_osc,50.90120202664573,-0.35063159173185454
1425340800.0,duffing_osc,51.75084187230793,0.5954479926983716
1425427200.0,duffing_osc,52.09209801204247,0.3195732834897136
1425513600.0,duffing_osc,52.38998843928736,0.20821624508153036
1425600000.0,duffing_osc,52.50853050220553,0.10553163378877173
1425686400.0,duffing_osc,52.6010517068649,-0.27389118668990875
1425772800.0,duffing_osc,51.96074812882571,-0.33080133986747384
1425859200.0,duffing_osc,51.93944902712995,0.41097849445407775
1425945600.0,duffing_osc,52.78270511773387,0.1353039216178331
1426032000.0,duffing_osc,52.21005687036562,-0.5809221657770287
1426118400.0,duffing_osc,51.62086078617981,-0.21933830398133836
1426204800.0,duffing_osc,51.77138026240294,0.17464825917250693
1426291200.0,duffing_osc,51.970157304524825,0.5618502097178322
1426377600.0,duffing_osc,52.89508068183861,0.3964252867310485
1426464000.0,duffing_osc,52.76300787798692,0.14074100083282204
1426550400.0,duffing_osc,53.17656268350425,-0.08391614814967951
1426636800.0,duffing_osc,52.59517558168756,-0.06872982576719977
1426723200.0,duffing_osc,53.03910303196985,0.40982752716179505
1426809600.0,duffing_osc,53.41483063601115,-0.04403308141282025
1426896000.0,duffing_osc,52.95103686914421,0.04772317346793997
1426982400.0,duffing_osc,53.51027698294703,-0.005493284567133827
1427068800.0,duffing_osc,52.94005030000994,-0.14407653108125373
1427155200.0,duffing_osc,53.222123920784526,0.18858973895409292
1427241600.0,duffing_osc,53.31722977791813,-0.14204866011738204
1427328000.0,duffing_osc,52.93802660054976,0.3719115038675369
1427414400.0,duffing_osc,54.0610527856532,0.3331263438391474
1427500800.0,duffing_osc,53.60427928822806,-0.02321739475750917
1427587200.0,duffing_osc,54.014617996138185,0.4076604579913159
1427673600.0,duffing_osc,54.41960020421069,0.2555485204727397
1427760000.0,duffing_osc,54.525715037083664,0.18387655830144922
1427846400.0,duffing_osc,54.78735332081359,-0.031199847766327338
1427932800.0,duffing_osc,54.46331534155101,-0.19050920966634521
1428019200.0,duffing_osc,54.406334901480896,0.1446058434336308
1428105600.0,duffing_osc,54.75252702841827,-0.2382517937395896
1428192000.0,duffing_osc,53.92983131400172,-0.26817014998935207
1428278400.0,duffing_osc,54.21618672843957,0.2506922728746268
1428364800.0,duffing_osc,54.43121585975097,0.2737532647358414
1428451200.0,duffing_osc,54.76369325791125,0.6524923633012314
1428537600.0,duffing_osc,55.73620058635343,0.1601607047321032
1428624000.0,duffing_osc,55.084014667375456,-0.10439590661096787
1428710400.0,duffing_osc,55.5274087731315,0.786048958389916
1428796800.0,duffing_osc,56.65611258415529,0.125694113172802
1428883200.0,duffing_osc,55.7787969994771,-0.05639552104834422
1428969600.0,duffing_osc,56.5433215420586,-0.06961674498008819
1429056000.0,duffing_osc,55.639563509516925,-0.18897254332199864
1429142400.0,duffing_osc,56.1653764554146,0.07953442841290226
1429228800.0,duffing_osc,55.79863236634273,0.03629973088269978
1429315200.0,duffing_osc,56.23797591718,0.6061575589225114
1429401600.0,duffing_osc,57.01094748418775,-0.35458005026329786
1429488000.0,duffing_osc,55.528815816653406,-0.06701507895850867
1429574400.0,duffing_osc,56.876917326270735,0.6354681242748619
1429660800.0,duffing_osc,56.79975206520313,-0.2739715609019875
1429747200.0,duffing_osc,56.32897420446676,-0.48320398694445643
1429833600.0,duffing_osc,55.83334409131422,0.21003253501519836
1429920000.0,duffing_osc,56.74903927449716,0.274321400922922
1430006400.0,duffing_osc,56.38198689316006,0.03781413309719994
1430092800.0,duffing_osc,56.82466754069156,0.14658868064967123
1430179200.0,duffing_osc,56.6751642544594,0.38303452901834234
1430265600.0,duffing_osc,57.59073659872824,-0.11592274281157344
1430352000.0,duffing_osc,56.44331876883626,-0.8347999137071653
1430438400.0,duffing_osc,55.92113677131391,0.06991458271363271
1430524800.0,duffing_osc,56.58314793426352,0.3092647719306356
1430611200.0,duffing_osc,56.53966631517518,0.2835313074900405
1430697600.0,duffing_osc,57.1502105492436,0.10807738379208942
1430784000.0,duffing_osc,56.75582108275936,-0.38386518971063666
1430870400.0,duffing_osc,56.38248016982233,0.09988863614912802
1430956800.0,duffing_osc,56.95559835505762,-0.5562953939284299
1431043200.0,duffing_osc,55.26988938196547,-0.7278903779992874
1431129600.0,duffing_osc,55.49981759905904,-0.02222318936375345
1431216000.0,duffing_osc,55.22544300323796,-0.028909369401020513
1431302400.0,duffing_osc,55.441998860257,-0.2436913003807213
1431388800.0,duffing_osc,54.73806040247652,0.1933962499777877
1431475200.0,duffing_osc,55.82879136021258,0.22777090025336122
1431561600.0,duffing_osc,55.19360220298324,-0.7542412810734902
1431648000.0,duffing_osc,54.3203087980656,-0.36374436456348036
1431734400.0,duffing_osc,54.46611347385628,0.4082079011250279
1431820800.0,duffing_osc,55.13672460031565,0.4293294749787755
1431907200.0,duffing_osc,55.32477242381383,0.3789018538883333
1431993600.0,duffing_osc,55.89452830809232,0.4983339087014329
1432080000.0,duffing_osc,56.3214402412167,-0.597033668388395
1432166400.0,duffing_osc,54.70046097131553,-1.2918167229528272
1432252800.0,duffing_osc,53.737806795311045,-0.8825376255617243
1432339200.0,duffing_osc,52.93538572019208,0.26139677540771444
1432425600.0,duffing_osc,54.26060034612647,0.2819987229777752
1432512000.0,duffing_osc,53.49938316614763,-0.3160231672358158
1432598400.0,duffing_osc,53.62855401165484,-0.04707941757301981
1432684800.0,duffing_osc,53.40522433100159,-0.02211243004543917
1432771200.0,duffing_osc,53.58432915156396,0.4007225516171715
1432857600.0,duffing_osc,54.206669434235934,-0.011204573208420499
1432944000.0,duffing_osc,53.56192000514712,-0.46558201725642334
1433030400.0,duffing_osc,53.27550539972309,-0.4538873240761916
1433116800.0,duffing_osc,52.65414535699474,-0.5482459794782422
1433203200.0,duffing_osc,52.1790134407666,0.0751107967984943
1433289600.0,duffing_osc,52.80436695059173,0.40045135186536385
1433376000.0,duffing_osc,52.97991614449733,0.5941305207833345
1433462400.0,duffing_osc,53.9926279921584,-0.023783280718319588
1433548800.0,duffing_osc,52.93234958306069,-0.3111911641621177
1433635200.0,duffing_osc,53.37024566383416,-0.25985714772112445
1433721600.0,duffing_osc,52.41263528761844,-0.7168452252661481
1433808000.0,duffing_osc,51.936555213301865,-0.20243393721021974
1433894400.0,duffing_osc,52.007767413198,0.07907802948643194
1433980800.0,duffing_osc,52.09471127227473,0.8723700152384382
1434067200.0,duffing_osc,53.75250744367488,-0.08165679466423725
1434153600.0,duffing_osc,51.931397682946255,-0.4364061450865684
1434240000.0,duffing_osc,52.87969515350174,-0.0701649059797056
1434326400.0,duffing_osc,51.79106787098684,-0.0132424298394902
1434412800.0,duffing_osc,52.85321029382276,0.35042221794636674
1434499200.0,duffing_osc,52.49191230687958,-0.35680796408448145
1434585600.0,duffing_osc,52.1395943656538,-0.15181393249706332
1434672000.0,duffing_osc,52.18828444188545,-0.16787322177513175
1434758400.0,duffing_osc,51.803847922103536,0.13179970068445002
1434844800.0,duffing_osc,52.45188384325435,0.048439394801711444
1434931200.0,duffing_osc,51.90072671170696,-0.5119974918825143
1435017600.0,duffing_osc,51.42788885948932,-0.2569769432049185
1435104000.0,duffing_osc,51.38677282529712,0.41068074002626176
1435190400.0,duffing_osc,52.249250339541845,0.8511173406019701
1435276800.0,duffing_osc,53.08900750650106,-0.005618977205678277
1435363200.0,duffing_osc,52.23801238513049,-0.5057401655409492
1435449600.0,duffing_osc,52.07752717541916,0.047295459905583925
1435536000.0,duffing_osc,52.33260330494166,0.4439120969890311
1435622400.0,duffing_osc,52.965351369397226,0.0047729302813728225
1435708800.0,duffing_osc,52.3421491655044,-0.4826341362186284
1435795200.0,duffing_osc,52.00008309695997,0.3046594377195895
1435881600.0,duffing_osc,52.95146804094358,0.2958708306520954
1435968000.0,duffing_osc,52.59182475826416,0.1772212009135572
1436054400.0,duffing_osc,53.305910442770696,-0.022141378066567796
1436140800.0,duffing_osc,52.547542002131024,-0.7725506180114863
1436227200.0,duffing_osc,51.76080920674772,-0.40458811018098473
1436313600.0,duffing_osc,51.738365781769055,0.928727674266483
1436400000.0,duffing_osc,53.61826455528069,0.9977509722402864
1436486400.0,duffing_osc,53.73386772624963,-0.47593044413620333
1436572800.0,duffing_osc,52.66640366700828,-0.5561079460586633
1436659200.0,duffing_osc,52.6216518341323,0.5714398433574104
1436745600.0,duffing_osc,53.8092833537231,-0.134755085066125
1436832000.0,duffing_osc,52.35214166400005,-0.6204646201569162
1436918400.0,duffing_osc,52.56835411340927,0.6168052999894584
1437004800.0,duffing_osc,53.58575226397897,0.24661043565554408
1437091200.0,duffing_osc,53.06157498472036,-0.09397348988503751
1437177600.0,duffing_osc,53.39780528420889,0.17450702783584404
1437264000.0,duffing_osc,53.41058904039205,0.21250845217107184
1437350400.0,duffing_osc,53.82282218855104,0.5847613765812021
1437436800.0,duffing_osc,54.58011179355445,0.04376389827424987
1437523200.0,duffing_osc,53.910349985099536,-0.10580474057820055
1437609600.0,duffing_osc,54.36850231239805,-0.5128374185032598
1437696000.0,duffing_osc,52.88467514809302,-0.07219144607210026
1437782400.0,duffing_osc,54.22411942025385,0.5027757803344421
1437868800.0,duffing_osc,53.8902267087619,-0.20633936644387418
1437955200.0,duffing_osc,53.8114406873661,0.13741832084968308
1438041600.0,duffing_osc,54.16506335046127,0.4154026450837236
1438128000.0,duffing_osc,54.64224597753355,0.6920394767720879
1438214400.0,duffing_osc,55.54914230400544,-0.13739268950788386
1438300800.0,duffing_osc,54.36746059851778,-0.0986374115418478
1438387200.0,duffing_osc,55.35186748092175,0.42579450007051634
1438473600.0,duffing_osc,55.21904959865881,0.07097493240254593
1438560000.0,duffing_osc,55.49381734572684,0.626602661428528
1438646400.0,duffing_osc,56.47225492151587,0.4389705925307297
1438732800.0,duffing_osc,56.3717585307883,0.2760425232025341
1438819200.0,duffing_osc,57.02433996792094,-0.03876666770264947
1438905600.0,duffing_osc,56.294225195383,-0.4502991788021653
1438992000.0,duffing_osc,56.12374161031661,0.1276964061896706
1439078400.0,duffing_osc,56.54961800776234,0.41832926997415143
1439164800.0,duffing_osc,56.96040015026491,0.2440127458897443
1439251200.0,duffing_osc,57.03764349954183,-0.28854306986546163
1439337600.0,duffing_osc,56.38331401053399,0.06799272607195306
1439424000.0,duffing_osc,57.173628951685735,0.469969920308106
1439510400.0,duffing_osc,57.3232538511502,0.7848729931000555
1439596800.0,duffing_osc,58.74337493788585,0.5316626858852622
1439683200.0,duffing_osc,58.38657922292072,-0.9941579901881248
1439769600.0,duffing_osc,56.7550589575096,-0.6528134467229485
1439856000.0,duffing_osc,57.080952329474826,-0.20605978632766764
1439942400.0,duffing_osc,56.34293938485426,-0.13342529560290828
1440028800.0,duffing_osc,56.81410173826901,0.4716292981890362
1440115200.0,duffing_osc,57.286197981232334,0.45870970635969144
1440201600.0,duffing_osc,57.73152115098839,-0.41020929729632627
1440288000.0,duffing_osc,56.46577938663968,-0.6693946073185799
1440374400.0,duffing_osc,56.39273193635123,-0.5487362542358625
1440460800.0,duffing_osc,55.36830687816796,0.01320324997825395
1440547200.0,duffing_osc,56.41913843630774,0.18060288462764262
1440633600.0,duffing_osc,55.72951264742324,-0.2640156497973756
1440720000.0,duffing_osc,55.89110713671299,-0.10667401091819428
1440806400.0,duffing_osc,55.51616462558685,-0.04010634261390322
1440892800.0,duffing_osc,55.81089445148518,-0.4416252608424216
1440979200.0,duffing_osc,54.63291410390201,-0.5934835741105466
1441065600.0,duffing_osc,54.62392730326409,0.9822916490043774
1441152000.0,duffing_osc,56.597497401910765,-0.13123310660612475
1441238400.0,duffing_osc,54.36146109005184,-1.1540552824174242
1441324800.0,duffing_osc,54.28938683707592,0.7508706350795684
1441411200.0,duffing_osc,55.86320236021098,1.0139641896020173
1441497600.0,duffing_osc,56.31731521627995,-1.0887403936331168
1441584000.0,duffing_osc,53.68572157294474,-1.1659547189316406
1441670400.0,duffing_osc,53.98540577841667,0.27303168017195745
1441756800.0,duffing_osc,54.23178493328866,0.4518497311890499
1441843200.0,duffing_osc,54.88910524079477,-0.5697089617037854
1441929600.0,duffing_osc,53.09236700988109,-0.7561149135622358
1442016000.0,duffing_osc,53.3768754136703,0.3713820423797678
1442102400.0,duffing_osc,53.83513109464062,0.051675716649587145
1442188800.0,duffing_osc,53.48022684696947,-0.4922613955753903
1442275200.0,duffing_osc,52.85060830348984,-0.3119323100479825
1442361600.0,duffing_osc,52.85636222687351,-0.4378766525977653
1442448000.0,duffing_osc,51.97485499829431,-0.1656638282353704
1442534400.0,duffing_osc,52.52503457040277,0.20292753786302953
1442620800.0,duffing_osc,52.38071007402037,0.015211517635229654
1442707200.0,duffing_osc,52.555457605673226,-0.21089142044300146
1442793600.0,duffing_osc,51.95892723313437,-0.05283279358427606
1442880000.0,duffing_osc,52.449792018504674,0.34397944151725923
1442966400.0,duffing_osc,52.646886116168886,-0.2238396598328336
1443052800.0,duffing_osc,52.00211269883901,-0.32929860982639525
1443139200.0,duffing_osc,51.988288896516096,-0.16207996906833344
1443225600.0,duffing_osc,51.67795276070234,-0.23624948806767776
1443312000.0,duffing_osc,51.51578992038074,-0.36220744190547904
1443398400.0,duffing_osc,50.95353787689138,-0.032568225588821775
1443484800.0,duffing_osc,51.4506534692031,0.06169914364494389
1443571200.0,duffing_osc,51.07693616418127,0.40889052980344687
1443657600.0,duffing_osc,52.26843452880999,0.3798764062464066
1443744000.0,duffing_osc,51.83668897667408,-0.6312542599389275
1443830400.0,duffing_osc,51.005926008932136,-0.8189660899582201
1443916800.0,duffing_osc,50.19875679675764,-0.5663596280295877
1444003200.0,duffing_osc,49.87320675287296,0.47029270548064517
1444089600.0,duffing_osc,51.13934220771893,0.29646847147667543
1444176000.0,duffing_osc,50.46614369582631,-0.3293276829525702
1444262400.0,duffing_osc,50.48068684181379,-0.7182154476321472
1444348800.0,duffing_osc,49.02971280056202,0.018084227904417105
1444435200.0,duffing_osc,50.51685529762263,0.5446773465153534
1444521600.0,duffing_osc,50.11906749359272,-0.7250270403751315
1444608000.0,duffing_osc,49.06680121687236,-0.38964231156640494
1444694400.0,duffing_osc,49.33978287045991,0.3022677772044595
1444780800.0,duffing_osc,49.67133677128128,0.047520222654366506
1444867200.0,duffing_osc,49.43482331576865,-0.27717167408125576
1444953600.0,duffing_osc,49.11699342311877,-0.15776656504015918
1445040000.0,duffing_osc,49.11929018568833,-0.10022006952158691
1445126400.0,duffing_osc,48.9165532840756,-0.037361616246027296
1445212800.0,duffing_osc,49.044566953196274,0.4015802727627502
1445299200.0,duffing_osc,49.7197138296011,-0.9333581140369596
1445385600.0,duffing_osc,47.177850725122354,-0.6326065929651818
1445472000.0,duffing_osc,48.454500643670734,0.7010403795106441
1445558400.0,duffing_osc,48.57993148414364,0.03631253849699689
1445644800.0,duffing_osc,48.52712572066473,-0.289309669276971
1445731200.0,duffing_osc,48.0013121455897,-0.7407522370059993
1445817600.0,duffing_osc,47.04562124665273,0.0852507654789143
1445904000.0,duffing_osc,48.17181367654753,0.9207830796622822
1445990400.0,duffing_osc,48.88718740597729,-0.6826802569560044
1446076800.0,duffing_osc,46.80645316263552,-0.3836849631422652
1446163200.0,duffing_osc,48.11981747969276,0.23595815710203638
1446249600.0,duffing_osc,47.27836947683959,-0.40406293709045116
1446336000.0,duffing_osc,47.31169160551186,-0.34509412042348586
1446422400.0,duffing_osc,46.58818123599262,-0.21078136219478694
1446508800.0,duffing_osc,46.89012888112229,0.5774477578818491
1446595200.0,duffing_osc,47.74307675175632,0.1474344447039968
1446681600.0,duffing_osc,47.18499777053028,0.0021144414943243817
1446768000.0,duffing_osc,47.74730563474497,0.05099882121140453
1446854400.0,duffing_osc,47.28699541295309,-0.515366710516215
1446940800.0,duffing_osc,46.71657221371254,0.04250489247921507
1447027200.0,duffing_osc,47.37200519791152,-0.1267121396208708
1447113600.0,duffing_osc,46.4631479344708,-0.3996409756765118
1447200000.0,duffing_osc,46.572723246558496,-0.3425827535748702
1447286400.0,duffing_osc,45.77798242732106,-0.3462918220997935
1447372800.0,duffing_osc,45.88013960235891,-0.23390727651709753
1447459200.0,duffing_osc,45.31016787428686,0.1669457595202637
1447545600.0,duffing_osc,46.21403112139944,-0.25108423460391904
1447632000.0,duffing_osc,44.80799940507902,-0.16651757601876938
1447718400.0,duffing_osc,45.8809959693619,0.19405061333096896
1447804800.0,duffing_osc,45.19610063174096,0.016846506380179704
1447891200.0,duffing_osc,45.91468898212226,0.18509123775350034
1447977600.0,duffing_osc,45.56628310724796,0.10088362773508308
1448064000.0,duffing_osc,46.11645623759242,-0.0957560994726343
1448150400.0,duffing_osc,45.37477090830269,-1.104096971462969
1448236800.0,duffing_osc,43.908262294666486,-0.3222181914489397
1448323200.0,duffing_osc,44.730334525404814,0.04191352346607857
1448409600.0,duffing_osc,43.99208934159864,-0.20832232451455113
1448496000.0,duffing_osc,44.31368987637571,0.7375763639943571
1448582400.0,duffing_osc,45.46724206958736,0.28654427417366435
1448668800.0,duffing_osc,44.88677842472304,-0.7162876653225076
1448755200.0,duffing_osc,44.03466673894234,-0.5428857208426869
1448841600.0,duffing_osc,43.80100698303767,0.1768583027066306
1448928000.0,duffing_osc,44.3883833443556,-0.09901825750849724
1449014400.0,duffing_osc,43.60297046802067,-0.2446597289624428
1449100800.0,duffing_osc,43.89906388643072,0.42979072860627454
1449187200.0,duffing_osc,44.46255192523322,0.5237139880522541
1449273600.0,duffing_osc,44.946491862535225,0.06969547855224079
1449360000.0,duffing_osc,44.6019428823377,-1.048696230862511
1449446400.0,duffing_osc,42.8490994008102,-0.10261152754602065
1449532800.0,duffing_osc,44.39671982724566,0.7012248171360902
1449619200.0,duffing_osc,44.251549035082384,0.029297547894270082
1449705600.0,duffing_osc,44.4553149230342,0.4635645663577286
1449792000.0,duffing_osc,45.17867816779784,-0.7395588652451366
1449878400.0,duffing_osc,42.97619719254393,-0.6549798812099752
1449964800.0,duffing_osc,43.86871840537789,0.8065367089386761
1450051200.0,duffing_osc,44.58927061042128,-0.2856982553000371
1450137600.0,duffing_osc,43.29732189477782,0.2769477261094586
1450224000.0,duffing_osc,45.1431660626402,0.5962066322130362
1450310400.0,duffing_osc,44.48973515920389,-0.17784834944526295
1450396800.0,duffing_osc,44.78746936374967,-0.26979563364831805
1450483200.0,duffing_osc,43.95014389190725,0.005553089954165813
1450569600.0,duffing_osc,44.798575543658,0.5117750578162479
1450656000.0,duffing_osc,44.97369400753975,-0.1496901363625902
1450742400.0,duffing_osc,44.49919527093282,-0.2219089541695034
1450828800.0,duffing_osc,44.52987609920074,0.04154672086828981
1450915200.0,duffing_osc,44.5822887126694,-0.2986673924874168
1451001600.0,duffing_osc,43.93254131422591,-0.09498917293211662
1451088000.0,duffing_osc,44.39231036680517,0.24288963930190732
1451174400.0,duffing_osc,44.41832059282972,0.18828411251903177
1451260800.0,duffing_osc,44.76887859184323,0.375363834016067
1451347200.0,duffing_osc,45.16904826086186,-0.4016557142731223
1451433600.0,duffing_osc,43.96556716329699,-0.3053909494720095
1451520000.0,duffing_osc,44.55826636191784,0.795739348690212
1451606400.0,duffing_osc,45.55704586067741,-0.15010543593047743
1451692800.0,duffing_osc,44.25805549005688,-0.655284829388453
1451779200.0,duffing_osc,44.24647620190051,0.31913090145614476
1451865600.0,duffing_osc,44.89631729296917,0.5345921748115501
1451952000.0,duffing_osc,45.31566055152361,-0.024492350996357715
1452038400.0,duffing_osc,44.84733259097646,0.17564367525729097
1452124800.0,duffing_osc,45.66694790203819,0.28161108136244195
1452211200.0,duffing_osc,45.41055475370134,-0.11965360260903068
1452297600.0,duffing_osc,45.42764069682013,-0.06476304327270554
1452384000.0,duffing_osc,45.28102866715593,0.47315213648533927
1452470400.0,duffing_osc,46.373944969790806,-0.19804971584907705
1452556800.0,duffing_osc,44.884929235457776,-1.2676046485186276
1452643200.0,duffing_osc,43.83873567275355,0.5760353991660203
1452729600.0,duffing_osc,46.037000033789816,0.4983053805246733
1452816000.0,duffing_osc,44.8353464338029,-0.41396186225886566
1452902400.0,duffing_osc,45.209076309272085,0.5639279098508965
1452988800.0,duffing_osc,45.96320225350469,-0.48129944627982724
1453075200.0,duffing_osc,44.24647741671243,-0.7405311868113174
1453161600.0,duffing_osc,44.482139879882055,0.021726818249945268
1453248000.0,duffing_osc,44.28993105321232,0.15104640566597993
1453334400.0,duffing_osc,44.784232691214015,0.6190894542162049
1453420800.0,duffing_osc,45.52810996164473,0.3964699489516157
1453507200.0,duffing_osc,45.57717258911725,-0.051219824149072224
1453593600.0,duffing_osc,45.425670313346586,-0.5835642123216189
1453680000.0,duffing_osc,44.41004416447401,-0.7776752879056517
1453766400.0,duffing_osc,43.87031973753528,0.4388004079657044
1453852800.0,duffing_osc,45.28764498040542,0.5502871455839866
1453939200.0,duffing_osc,44.970894028703256,0.11905114995486699
1454025600.0,duffing_osc,45.52574728031515,0.3474268723370386
1454112000.0,duffing_osc,45.66574777337733,-0.10175847944397987
1454198400.0,duffing_osc,45.32223032142719,0.012588075538836563
1454284800.0,duffing_osc,45.69092392445501,0.022251016351905406
1454371200.0,duffing_osc,45.366732354131,-0.07382875932453459
1454457600.0,duffing_osc,45.54326640580594,-0.28421292430383716
1454544000.0,duffing_osc,44.79830650552333,-0.216888916457048
1454630400.0,duffing_osc,45.10948857289184,0.2663270036743768
1454716800.0,duffing_osc,45.33096051287208,0.29617865712013014
1454803200.0,duffing_osc,45.7018458871321,-0.18050607365737292
1454889600.0,duffing_osc,44.969948365557336,-0.0928431645232024
1454976000.0,duffing_osc,45.5161595580857,0.035211862771390656
1455062400.0,duffing_osc,45.04037209110012,-0.19439067040334734
1455148800.0,duffing_osc,45.127378217279,0.3273086584524947
1455235200.0,duffing_osc,45.69498940800511,-0.5625875790271735
1455321600.0,duffing_osc,44.002203059224655,-0.636221164505514
1455408000.0,duffing_osc,44.42254707899408,0.15702468187027208
1455494400.0,duffing_osc,44.3162524229652,-0.3045389283277764
1455580800.0,duffing_osc,43.813469222338526,0.2507354687933834
1455667200.0,duffing_osc,44.817723360551966,0.9367740434477732
1455753600.0,duffing_osc,45.68701730923407,0.13210736672817802
1455840000.0,duffing_osc,45.08193809400832,-0.14865006495974953
1455926400.0,duffing_osc,45.38971717931457,0.4309986684233351
1456012800.0,duffing_osc,45.94393543085499,0.3602517734868016
1456099200.0,duffing_osc,46.110220726288176,-0.32159532655702705
1456185600.0,duffing_osc,45.30074477774094,0.0389814318062065
1456272000.0,duffing_osc,46.18818358990059,0.0845635677141523
1456358400.0,duffing_osc,45.46987191316924,-0.615041553123671
1456444800.0,duffing_osc,44.95810048365325,-0.15634999370649894
1456531200.0,duffing_osc,45.157171925756245,-0.13633156627677678
1456617600.0,duffing_osc,44.685437351099694,-0.02509714512740402
1456704000.0,duffing_osc,45.10697763550144,0.4060511324893099
1456790400.0,duffing_osc,45.49753961607831,0.5826760255458439
1456876800.0,duffing_osc,46.272329686593125,0.7025883561268245
1456963200.0,duffing_osc,46.90271632833196,-0.5742362989465164
1457049600.0,duffing_osc,45.12385708870009,-0.3141890395255409
1457136000.0,duffing_osc,46.27433824928088,0.18786732574016085
1457222400.0,duffing_osc,45.49959174018041,0.10829691668693897
1457308800.0,duffing_osc,46.49093208265476,0.3528093540813195
1457395200.0,duffing_osc,46.20521044834305,-0.616768666724429
1457481600.0,duffing_osc,45.2573947492059,0.3867596696971276
1457568000.0,duffing_osc,46.97872978773731,0.43196732521824543
1457654400.0,duffing_osc,46.12132939964239,-0.37720014165991245
1457740800.0,duffing_osc,46.22432950441748,-0.07850568690016502
1457827200.0,duffing_osc,45.96431802584206,0.02525653271887407
1457913600.0,duffing_osc,46.27484256985523,0.5090504967843579
1458000000.0,duffing_osc,46.98241901941078,0.19538699421782724
1458086400.0,duffing_osc,46.665616558290886,0.021345773828851833
1458172800.0,duffing_osc,47.02511056706848,0.2107838292059121
1458259200.0,duffing_osc,47.08718421670271,0.33594728596957424
1458345600.0,duffing_osc,47.69700513900763,-0.17990338107264847
1458432000.0,duffing_osc,46.72737745455741,-0.814618587741105
1458518400.0,duffing_osc,46.06776796352542,0.44007204022894797
1458604800.0,duffing_osc,47.60752153501531,0.3532494119762113
1458691200.0,duffing_osc,46.77426678747784,0.016977149569381567
1458777600.0,duffing_osc,47.64147583415407,0.21049682446182416
1458864000.0,duffing_osc,47.19526043640149,-0.38470647451397255
1458950400.0,duffing_osc,46.87206288512613,-0.02883464442440342
1459036800.0,duffing_osc,47.13759114755268,0.5984641538132998
1459123200.0,duffing_osc,48.068991192752726,0.4846478860719792
1459209600.0,duffing_osc,48.10688691969664,-0.6056179570353599
1459296000.0,duffing_osc,46.857755278682006,-0.6228665851360944
1459382400.0,duffing_osc,46.86115374942445,0.24727528794107556
1459468800.0,duffing_osc,47.35230585456416,-0.36451771320961157
1459555200.0,duffing_osc,46.13211832300523,-0.29434752069741066
1459641600.0,duffing_osc,46.763610813169336,0.16528923741456936
1459728000.0,duffing_osc,46.46269679783437,-0.09654249483266852
1459814400.0,duffing_osc,46.570525823504,-0.34212365806132894
1459900800.0,duffing_osc,45.77844948171171,-0.6784889482955556
1459987200.0,duffing_osc,45.21354792691289,-0.4865798494336424
1460073600.0,duffing_osc,44.805289782844426,0.020398824882285282
1460160000.0,duffing_osc,45.25434557667746,0.35759213320173444
1460246400.0,duffing_osc,45.520474049247895,0.11480702304820056
1460332800.0,duffing_osc,45.48395962277386,0.5800871036094826
1460419200.0,duffing_osc,46.68064825646686,0.2762600127572341
1460505600.0,duffing_osc,46.03647964828833,-1.0172716726925763
1460592000.0,duffing_osc,44.64610491108171,-0.37898931207092446
1460678400.0,duffing_osc,45.27850102414648,0.011363659485287059
1460764800.0,duffing_osc,44.66883223005228,-0.3491337559524581
1460851200.0,duffing_osc,44.58023351224156,0.012114814406455565
1460937600.0,duffing_osc,44.69306185886519,0.10019597763155019
1461024000.0,duffing_osc,44.78062546750466,-0.3302850421073913
1461110400.0,duffing_osc,44.03249177465041,-0.0391827650921428
1461196800.0,duffing_osc,44.70225993732038,-0.4102848888587012
1461283200.0,duffing_osc,43.21192199693301,-0.4798840310034329
1461369600.0,duffing_osc,43.74249187531351,0.9692841011815645
1461456000.0,duffing_osc,45.15049019929614,-0.07555826348820105
1461542400.0,duffing_osc,43.59137534833711,-0.47674757601025775
1461628800.0,duffing_osc,44.19699504727562,-0.15312013375345046
1461715200.0,duffing_osc,43.28513508083021,-0.35613614481464495
1461801600.0,duffing_osc,43.48472275764633,-0.13290729950490032
1461888000.0,duffing_osc,43.01932048182041,-0.303092231654837
1461974400.0,duffing_osc,42.87853829433666,-0.284456422827688
1462060800.0,duffing_osc,42.45040763616503,0.12307762108656561
1462147200.0,duffing_osc,43.12469353650979,-0.06701496285018038
1462233600.0,duffing_osc,42.31637771046467,0.03859791425449188
1462320000.0,duffing_osc,43.20188936501877,0.5645313521405662
1462406400.0,duffing_osc,43.4454404147458,-0.08894333708369118
1462492800.0,duffing_osc,43.02400269085139,-0.39156973712109533
1462579200.0,duffing_osc,42.66230094050361,0.06668558236984623
1462665600.0,duffing_osc,43.15737385559108,0.05313487172059794
1462752000.0,duffing_osc,42.76857068394481,0.22210984906314835
1462838400.0,duffing_osc,43.60159355371738,-0.3616766533262279
1462924800.0,duffing_osc,42.04521737729235,-0.27071392645434855
1463011200.0,duffing_osc,43.06016570080868,0.07575806037354482
1463097600.0,duffing_osc,42.19673349803944,-0.21266361722344485
1463184000.0,duffing_osc,42.63483846636179,1.1504463083548444
1463270400.0,duffing_osc,44.49762611474913,0.8674769020485691
1463356800.0,duffing_osc,44.36979227045893,-0.46778345422296397
1463443200.0,duffing_osc,43.5620592063032,-0.5555913212904642
1463529600.0,duffing_osc,43.258609627878,-0.504338986202086
1463616000.0,duffing_osc,42.55338123389903,0.4623335399382462
1463702400.0,duffing_osc,44.183276707754494,1.7941931017404258
1463788800.0,duffing_osc,46.14176743737988,0.47338898210576374
1463875200.0,duffing_osc,45.13005467196602,-0.7147792793168861
1463961600.0,duffing_osc,44.71220887874611,0.18690176657538515
1464048000.0,duffing_osc,45.50385820511679,-0.1249191661857445
1464134400.0,duffing_osc,44.46237054637462,-0.05580508226531933
1464220800.0,duffing_osc,45.39224804058615,0.6686813343725859
1464307200.0,duffing_osc,45.799733215119794,0.23177708914754902
1464393600.0,duffing_osc,45.85580221888125,0.3732126776797138
1464480000.0,duffing_osc,46.54615857047922,0.29186942647210046
1464566400.0,duffing_osc,46.43954107182545,0.12294603714594388
1464652800.0,duffing_osc,46.79205064477111,-0.15275947409396196
1464739200.0,duffing_osc,46.13402212363753,0.22329017466280376
1464825600.0,duffing_osc,47.23863099409672,0.847045999469227
1464912000.0,duffing_osc,47.82811412257598,-0.409946628860002
1464998400.0,duffing_osc,46.41873773637671,-0.606475480561393
1465084800.0,duffing_osc,46.6151631614532,0.837235755871923
1465171200.0,duffing_osc,48.09320924812056,0.3515755943442258
1465257600.0,duffing_osc,47.31831435014165,0.1607986834260977
1465344000.0,duffing_osc,48.414806614972754,0.06234515483303227
1465430400.0,duffing_osc,47.44300465980771,0.14969450634246684
1465516800.0,duffing_osc,48.71419562765769,0.30215338600926245
1465603200.0,duffing_osc,48.04731143182624,-0.23404838627585534
1465689600.0,duffing_osc,48.24609885510598,0.5503798353983278
1465776000.0,duffing_osc,49.14807110262289,-0.0702459077182418
1465862400.0,duffing_osc,48.10560703966949,-0.6393530631980724
1465948800.0,duffing_osc,47.86936497622675,0.08434088278987417
1466035200.0,duffing_osc,48.27428880524924,0.5264318477205165
1466121600.0,duffing_osc,48.92222867166778,-0.22943817028503233
1466208000.0,duffing_osc,47.81541246467918,0.15807586556964992
1466294400.0,duffing_osc,49.23838040280708,0.40736756099281735
1466380800.0,duffing_osc,48.63014758666481,0.24929423878363366
1466467200.0,duffing_osc,49.73696888037435,-0.4632292002010381
1466553600.0,duffing_osc,47.703689186262736,-0.4886730061920801
1466640000.0,duffing_osc,48.75962286799019,0.3033741767229188
1466726400.0,duffing_osc,48.31043753970857,0.07897182244374434
1466812800.0,duffing_osc,48.91756651287768,0.6712003374074875
1466899200.0,duffing_osc,49.65283821452355,0.2854592237552467
1466985600.0,duffing_osc,49.48848496038817,-0.057903322924378386
1467072000.0,duffing_osc,49.53703156867479,0.09871254155605769
1467158400.0,duffing_osc,49.685910043500286,0.22822820938558763
1467244800.0,duffing_osc,49.99348798744597,-0.16509009435151967
1467331200.0,duffing_osc,49.35572985479725,0.23973051525736722
1467417600.0,duffing_osc,50.4729490179607,0.5880900551502606
1467504000.0,duffing_osc,50.53190996509777,-0.011414655531734041
1467590400.0,duffing_osc,50.45011970689723,0.05301724508256456
1467676800.0,duffing_osc,50.6379444552629,0.05801172033430646
1467763200.0,duffing_osc,50.566143147565846,0.528154428219267
1467849600.0,duffing_osc,51.69425331170143,-0.029907670378580775
1467936000.0,duffing_osc,50.506327806808684,-0.6166077915058139
1468022400.0,duffing_osc,50.4610377286898,-0.1128497581911958
1468108800.0,duffing_osc,50.28062829042629,-0.12991935472784988
1468195200.0,duffing_osc,50.2011990192341,-0.06012464126264305
1468281600.0,duffing_osc,50.16037900790101,0.12893964852290196
1468368000.0,duffing_osc,50.45907831627991,0.43642471190735677
1468454400.0,duffing_osc,51.03322843171572,0.44953216956660924
1468540800.0,duffing_osc,51.358142655413126,0.11905997947949487
1468627200.0,duffing_osc,51.27134839067471,-0.24564613984369998
1468713600.0,duffing_osc,50.866850375725726,0.3410341728435924
1468800000.0,duffing_osc,51.953416736361895,0.5402189010701086
1468886400.0,duffing_osc,51.94728817786594,-0.22639050645076253
1468972800.0,duffing_osc,51.50063572346037,-0.3257642428367902
1469059200.0,duffing_osc,51.29575969219236,0.30172252009378653
1469145600.0,duffing_osc,52.10408076364794,0.3372379371635503
1469232000.0,duffing_osc,51.97023556651946,-0.5198381031304429
1469318400.0,duffing_osc,51.06440455738706,-0.004014744381979796
1469404800.0,duffing_osc,51.9622060777555,0.5815867279011506
1469491200.0,duffing_osc,52.22757801318936,-0.18265046650689598
1469577600.0,duffing_osc,51.59690514474171,0.045042323541395035
1469664000.0,duffing_osc,52.31766266027215,-0.09857434589917347
1469750400.0,duffing_osc,51.399756452943365,0.41261517041735374
1469836800.0,duffing_osc,53.142893001106856,0.8784825136129761
1469923200.0,duffing_osc,53.15672148016932,-0.4104673761984827
1470009600.0,duffing_osc,52.32195824870989,-0.20105356098290272
1470096000.0,duffing_osc,52.75461435820351,-0.5851684970898745
1470182400.0,duffing_osc,51.15162125453014,-0.39460621738600565
1470268800.0,duffing_osc,51.9654019234315,0.696494462821363
1470355200.0,duffing_osc,52.54461018017287,0.08692494173341103
1470441600.0,duffing_osc,52.13925180689832,0.366026885131582
1470528000.0,duffing_osc,53.27666395043603,0.9877998092932678
1470614400.0,duffing_osc,54.11485142548486,-0.49737920287985915
1470700800.0,duffing_osc,52.28190554467631,-0.7775242162322584
1470787200.0,duffing_osc,52.55980299302034,0.4988374102007036
1470873600.0,duffing_osc,53.27958036507772,0.8107547996512992
1470960000.0,duffing_osc,54.18131259232294,-0.36131703211384547
1471046400.0,duffing_osc,52.55694630085003,-0.3332141711856593
1471132800.0,duffing_osc,53.51488424995162,0.9879388794462507
1471219200.0,duffing_osc,54.53282405974253,-0.4951747722547495
1471305600.0,duffing_osc,52.52453470544212,-0.8548682393747136
1471392000.0,duffing_osc,52.8230875809931,0.4458915624998596
1471478400.0,duffing_osc,53.41631783044184,0.3079620494206985
1471564800.0,duffing_osc,53.4390116798345,0.452960887331713
1471651200.0,duffing_osc,54.32223960510527,0.3125142497295883
1471737600.0,duffing_osc,54.06404017929368,-0.691726628870942
1471824000.0,duffing_osc,52.93878634736338,0.16672886803242548
1471910400.0,duffing_osc,54.39749791535853,0.4442671152186577
1471996800.0,duffing_osc,53.8273205778007,0.31354758855935927
1472083200.0,duffing_osc,55.02459309247725,0.07224721581160765
1472169600.0,duffing_osc,53.97181500942391,-0.48280479380897745
1472256000.0,duffing_osc,54.05898350485929,0.4452539853277919
1472342400.0,duffing_osc,54.8623229800795,0.5191112272146725
1472428800.0,duffing_osc,55.09720595928864,0.07644267146013206
1472515200.0,duffing_osc,55.01520832299976,-0.6262808708551901
1472601600.0,duffing_osc,53.84464421757826,0.13632155491074016
1472688000.0,duffing_osc,55.28785143282124,0.30451987131686664
1472774400.0,duffing_osc,54.45368396021199,0.01775583702166017
1472860800.0,duffing_osc,55.32336310686456,-0.00935431665531894
1472947200.0,duffing_osc,54.43497532690135,0.17045827925803536
1473033600.0,duffing_osc,55.66427966538063,0.2926529563835274
1473120000.0,duffing_osc,55.02028123966841,-0.4104515736709118
1473206400.0,duffing_osc,54.84337651803881,0.5647954038280751
1473292800.0,duffing_osc,56.14987204732456,0.5656561840799199
1473379200.0,duffing_osc,55.97468888619865,-0.2905519006975581
1473465600.0,duffing_osc,55.56876824592944,0.47044994567621146
1473552000.0,duffing_osc,56.91558877755107,0.15838829424526324
1473638400.0,duffing_osc,55.88554483441997,-0.3228263086232417
1473724800.0,duffing_osc,56.26993616030459,0.31126402936695996
1473811200.0,duffing_osc,56.50807289315389,-0.10160540655699535
1473897600.0,duffing_osc,56.0667253471906,0.15040244260107016
1473984000.0,duffing_osc,56.80887777835603,0.11178123277418806
1474070400.0,duffing_osc,56.290287812738974,-0.1826656739740713
1474156800.0,duffing_osc,56.443546430407885,0.6458922757378467
1474243200.0,duffing_osc,57.58207236421467,-0.11919035625906105
1474329600.0,duffing_osc,56.20516571788976,-1.0730113068368112
1474416000.0,duffing_osc,55.436049750541045,0.8437424105668576
1474502400.0,duffing_osc,57.89265053902348,1.5243067500420118
1474588800.0,duffing_osc,58.48466325062507,-0.5814348473145294
1474675200.0,duffing_osc,56.72978084439442,-1.3336104655759442
1474761600.0,duffing_osc,55.81744231947318,0.02915094028405818
1474848000.0,duffing_osc,56.788082724962536,0.48312755154523046
1474934400.0,duffing_osc,56.78369742256364,0.010499730057972556
1475020800.0,duffing_osc,56.80908218507848,-0.2874152476741294
1475107200.0,duffing_osc,56.20886692721538,0.1782334127588001
1475193600.0,duffing_osc,57.16554901059608,0.425712600476718
1475280000.0,duffing_osc,57.06029212816882,-0.7007266316228531
1475366400.0,duffing_osc,55.764095747350375,-0.03764820258435364
1475452800.0,duffing_osc,56.98499572300011,0.9645499083489817
1475539200.0,duffing_osc,57.69319556404834,-0.26606745285660693
1475625600.0,duffing_osc,56.4528608172869,-0.832524348380236
1475712000.0,duffing_osc,56.028146867287866,-0.2159395502930579
1475798400.0,duffing_osc,56.02098171670078,0.15930929704068575
1475884800.0,duffing_osc,56.34676546136924,-0.6090146683990447
1475971200.0,duffing_osc,54.80295237990269,-0.27479454338585185
1476057600.0,duffing_osc,55.797176374597534,0.25704909529348896
1476144000.0,duffing_osc,55.31705057048967,0.35649734548364265
1476230400.0,duffing_osc,56.51017106556482,-0.08485393826633825
1476316800.0,duffing_osc,55.14734269395699,-0.20126827735182928
1476403200.0,duffing_osc,56.10763451086116,-0.4213312354495429
1476489600.0,duffing_osc,54.30468022305791,-0.4619193982470655
1476576000.0,duffing_osc,55.18379571436703,0.29480413917773873
1476662400.0,duffing_osc,54.894288501413385,-0.5631235555474383
1476748800.0,duffing_osc,54.05754860327215,-0.1641853404623035
1476835200.0,duffing_osc,54.56591782048878,0.5072429938457788
1476921600.0,duffing_osc,55.07203459096371,-0.2623582067943282
1477008000.0,duffing_osc,54.04120140690012,-0.9787946363488942
1477094400.0,duffing_osc,53.11444531826592,-0.012708181494108572
1477180800.0,duffing_osc,54.015785043911904,0.13454270953639735
1477267200.0,duffing_osc,53.38353073733872,-0.1978197555602641
1477353600.0,duffing_osc,53.620145532791376,0.14736170268228577
1477440000.0,duffing_osc,53.67825414270329,-0.5071154299886054
1477526400.0,duffing_osc,52.605914672814166,-0.5576046994382082
1477612800.0,duffing_osc,52.56304474382687,0.5600591250701576
1477699200.0,duffing_osc,53.72603292295448,0.23355281888673218
1477785600.0,duffing_osc,53.030150381600336,-1.0068626624566122
1477872000.0,duffing_osc,51.71230759804126,0.3006711758429468
1477958400.0,duffing_osc,53.63149273328623,0.76209023704914
1478044800.0,duffing_osc,53.23648807213954,-0.5366034681054366
1478131200.0,duffing_osc,52.55828579707536,-0.5636798814310069
1478217600.0,duffing_osc,52.10912830927752,0.3781329622416898
1478304000.0,duffing_osc,53.314551721558736,0.412984182079807
1478390400.0,duffing_osc,52.93509667343714,0.3746754906045062
1478476800.0,duffing_osc,54.06390270276775,-0.07124242428864136
1478563200.0,duffing_osc,52.792611824859854,-0.6926658712655183
1478649600.0,duffing_osc,52.67857096023671,-0.27044515938733227
1478736000.0,duffing_osc,52.25172150608519,0.03616550213097369
1478822400.0,duffing_osc,52.75090196449866,0.14875291655486578
1478908800.0,duffing_osc,52.54922733919492,0.045930955004653384
1478995200.0,duffing_osc,52.842763874507966,-0.4254705506118093
1479081600.0,duffing_osc,51.6982862379713,-0.5861644038145464
1479168000.0,duffing_osc,51.67043506687887,-0.06740119201134576
1479254400.0,duffing_osc,51.56348385394861,0.2864302793085294
1479340800.0,duffing_osc,52.24329562549593,0.5108340091671799
1479427200.0,duffing_osc,52.58515187228297,-0.45780729127458386
1479513600.0,duffing_osc,51.327681042946764,-0.6602232679113591
1479600000.0,duffing_osc,51.26470533646025,0.14913863705996278
1479686400.0,duffing_osc,51.62595831706669,-0.028231525863134266
1479772800.0,duffing_osc,51.208242284733984,0.11039284019644313
1479859200.0,duffing_osc,51.846743997459576,-0.6815429564624864
1479945600.0,duffing_osc,49.84515637180901,-0.612516692067743
1480032000.0,duffing_osc,50.62171061332409,0.3627974289401834
1480118400.0,duffing_osc,50.57075122968938,-0.5251157461745919
1480204800.0,duffing_osc,49.57147912097491,-0.1307665136086733
1480291200.0,duffing_osc,50.30921820247203,0.34531281438829
1480377600.0,duffing_osc,50.26210474975149,0.15278068638383147
1480464000.0,duffing_osc,50.614779575239695,0.5325419362665507
1480550400.0,duffing_osc,51.32718862228459,-0.08943204751649958
1480636800.0,duffing_osc,50.435915480206695,-0.7194055508327786
1480723200.0,duffing_osc,49.88837752061903,-0.019160462803380796
1480809600.0,duffing_osc,50.397594554599934,0.5482602646618133
1480896000.0,duffing_osc,50.98489804994266,-0.35335167588416283
1480982400.0,duffing_osc,49.69089120283161,-0.6675137265405873
1481068800.0,duffing_osc,49.64987059686148,0.3783188018302681
1481155200.0,duffing_osc,50.447528806492144,0.12239382308428404
1481241600.0,duffing_osc,49.89465824303005,-0.058939799677716564
1481328000.0,duffing_osc,50.32964920713671,-0.023190864819056856
1481414400.0,duffing_osc,49.84827651339194,-0.06775038616981988
1481500800.0,duffing_osc,50.19414843479707,-0.38843610635515446
1481587200.0,duffing_osc,49.07140430068163,-0.29464379190619283
1481673600.0,duffing_osc,49.604860850984686,0.16842946862495012
1481760000.0,duffing_osc,49.40826323793153,-0.4379694473008975
1481846400.0,duffing_osc,48.72892195638289,-0.48097507506517445
1481932800.0,duffing_osc,48.44631308780118,0.497647188976714
1482019200.0,duffing_osc,49.72421633433632,0.29370717046208483
1482105600.0,duffing_osc,49.03372742872535,-0.5796561057209253
1482192000.0,duffing_osc,48.56490412289447,0.011638982519215801
1482278400.0,duffing_osc,49.05700539376378,0.5823870281585073
1482364800.0,duffing_osc,49.72967817921148,-0.7172466644759687
1482451200.0,duffing_osc,47.62251206481184,-0.8500653444395851
1482537600.0,duffing_osc,48.02954749033231,0.3437557742264197
1482624000.0,duffing_osc,48.31002361326468,0.8235239227722175
1482710400.0,duffing_osc,49.67659533587675,0.297491226517991
1482796800.0,duffing_osc,48.905006066300665,-0.27200693177257307
1482883200.0,duffing_osc,49.1325814723316,-0.48866216559488507
1482969600.0,duffing_osc,47.927681735110895,-0.6257055706862396
1483056000.0,duffing_osc,47.88117033095912,0.4177761732373888
1483142400.0,duffing_osc,48.76323408158567,0.2954378306993739
1483228800.0,duffing_osc,48.47204599235787,-0.027271331301495394
1483315200.0,duffing_osc,48.70869141898268,-0.13149914942205854
1483401600.0,duffing_osc,48.20904769351375,-0.13967510019783091
1483488000.0,duffing_osc,48.42934121858702,0.044710194854310714
1483574400.0,duffing_osc,48.298468083222375,0.09128417843140468
1483660800.0,duffing_osc,48.61190957544983,0.13713346345480915
1483747200.0,duffing_osc,48.57273501013199,-0.7749787819142675
1483833600.0,duffing_osc,47.061952011621294,-0.9682982558892199
1483920000.0,duffing_osc,46.63613849835355,0.7396463061551302
1484006400.0,duffing_osc,48.541244623931554,0.9874778446677794
1484092800.0,duffing_osc,48.61109418768911,-0.648024896334416
1484179200.0,duffing_osc,47.24519483126272,-0.9556260283062699
1484265600.0,duffing_osc,46.69984213107657,0.29269980787015726
1484352000.0,duffing_osc,47.83059444700304,0.7909281829537491
1484438400.0,duffing_osc,48.28169849698407,0.46035596789282707
1484524800.0,duffing_osc,48.75130638278869,-0.17540711767619044
1484611200.0,duffing_osc,47.93088426163169,-0.7032111909653942
1484697600.0,duffing_osc,47.3448840008579,-0.47722512094840397
1484784000.0,duffing_osc,46.97643401973488,0.057069540468816626
1484870400.0,duffing_osc,47.459023081795536,0.11551638281846976
1484956800.0,duffing_osc,47.20746678537182,-0.3764411877230174
1485043200.0,duffing_osc,46.7061407063495,0.6289935697634164
1485129600.0,duffing_osc,48.465453924898654,0.7582565513673742
1485216000.0,duffing_osc,48.22265380908425,-0.3611683186505772
1485302400.0,duffing_osc,47.7431172875975,-0.9029026075895459
1485388800.0,duffing_osc,46.41684859390516,-0.1766619264644156
1485475200.0,duffing_osc,47.38979343466867,0.3758057470410954
1485561600.0,duffing_osc,47.16846008798735,-0.21667107515659367
1485648000.0,duffing_osc,46.95645128435548,0.08914844544569078
1485734400.0,duffing_osc,47.34675697887873,-0.03792021855126393
1485820800.0,duffing_osc,46.88061084725295,-0.25251902277574345
1485907200.0,duffing_osc,46.84171893332724,-0.10213441127887535
1485993600.0,duffing_osc,46.6763420246952,-0.2238642285439134
1486080000.0,duffing_osc,46.393990476239416,-0.8312368998012332
1486166400.0,duffing_osc,45.013868225092736,-0.18311993800602977
1486252800.0,duffing_osc,46.02775060022736,0.26119476390945096
1486339200.0,duffing_osc,45.53625775291164,-0.5176001061271229
1486425600.0,duffing_osc,44.99255038797311,0.5606988030401219
1486512000.0,duffing_osc,46.65765535899188,0.7899684479718054
1486598400.0,duffing_osc,46.57248728391672,-0.21026148617723095
1486684800.0,duffing_osc,46.23713238663742,-0.5558019837217785
1486771200.0,duffing_osc,45.460883316473165,-0.11705061737860945
1486857600.0,duffing_osc,46.0030311518802,-0.18772455305332159
1486944000.0,duffing_osc,45.08543421036652,-0.45891058144595576
1487030400.0,duffing_osc,45.08520998898829,-0.4473813608905992
1487116800.0,duffing_osc,44.19067148858532,-0.05941889505186637
1487203200.0,duffing_osc,44.96637219888456,0.22650875692839278
1487289600.0,duffing_osc,44.64368900244211,-0.631901603979415
1487376000.0,duffing_osc,43.70256899092573,-0.15771345718135166
1487462400.0,duffing_osc,44.328262088079406,0.2420117876054242
1487548800.0,duffing_osc,44.186592566136575,0.4304889592943866
1487635200.0,duffing_osc,45.18924000666818,0.16961246783240114
1487721600.0,duffing_osc,44.52581750180138,-0.6553004330804306
1487808000.0,duffing_osc,43.87863914050732,-0.3087695832535431
1487894400.0,duffing_osc,43.90827833529429,-0.0996437664123242
1487980800.0,duffing_osc,43.67935160768267,-0.23686079791853487
1488067200.0,duffing_osc,43.43455673945722,-0.42921964839724325
1488153600.0,duffing_osc,42.82091231088818,-0.06503937776777136
1488240000.0,duffing_osc,43.30447798392168,0.030220913441411312
1488326400.0,duffing_osc,42.881354137771005,-0.39128713625801836
1488412800.0,duffing_osc,42.52190371140564,0.3248489593732167
1488499200.0,duffing_osc,43.53105205651744,0.4494404898460722
1488585600.0,duffing_osc,43.420784691097786,-0.7233168209312915
1488672000.0,duffing_osc,42.084418414654856,-0.17894053459055925
1488758400.0,duffing_osc,43.06290362191667,0.8200642280106365
1488844800.0,duffing_osc,43.72454687067613,0.35040403001247
1488931200.0,duffing_osc,43.76371168194161,0.015537337467847578
1489017600.0,duffing_osc,43.755621545611824,-0.28809124949507137
1489104000.0,duffing_osc,43.187529182951465,-0.5307982041483577
1489190400.0,duffing_osc,42.69402513731511,-0.29383709176369166
1489276800.0,duffing_osc,42.59985499942408,0.41143479173896225
1489363200.0,duffing_osc,43.51689472079303,0.5038205619818754
1489449600.0,duffing_osc,43.60749612338783,0.35685806569094325
1489536000.0,duffing_osc,44.23061085217492,0.2982146578991518
1489622400.0,duffing_osc,44.203925439186136,-0.3373515641750693
1489708800.0,duffing_osc,43.55590772382478,-0.6090931493859877
1489795200.0,duffing_osc,42.98573914041416,0.04321035435895482
1489881600.0,duffing_osc,43.64232843254269,0.542771186703888
1489968000.0,duffing_osc,44.07128151382194,0.14452604800158397
1490054400.0,duffing_osc,43.93138052854586,-0.12482179534788429
1490140800.0,duffing_osc,43.82163792312617,0.253640083026653
1490227200.0,duffing_osc,44.438660694599164,0.1428334309837922
1490313600.0,duffing_osc,44.10730478509375,-0.14023661143914623
1490400000.0,duffing_osc,44.15818747172087,0.371989775156365
1490486400.0,duffing_osc,44.85128433540648,0.19833957384509304
1490572800.0,duffing_osc,44.55486661941106,0.11271974939930729
1490659200.0,duffing_osc,45.0767238342051,0.33755908086578046
1490745600.0,duffing_osc,45.22998478114262,-0.27868463607683225
1490832000.0,duffing_osc,44.51935456205143,-0.08893922887945038
1490918400.0,duffing_osc,45.05210632338372,0.9118064891939177
1491004800.0,duffing_osc,46.34296754043927,-0.06353271547452621
1491091200.0,duffing_osc,44.925040892434666,-0.9224653928706275
1491177600.0,duffing_osc,44.49803675469801,-0.06262113472982733
1491264000.0,duffing_osc,44.79979862297501,0.7933507682414138
1491350400.0,duffing_osc,46.08473829118084,0.719885029707509
1491436800.0,duffing_osc,46.23956868239003,0.11146977309126527
1491523200.0,duffing_osc,46.30767783736337,0.5125178389778284
1491609600.0,duffing_osc,47.264604360345686,-0.6084261637518402
1491696000.0,duffing_osc,45.09082550985969,-0.08663447736465457
1491782400.0,duffing_osc,47.09133540561638,1.4285817129957152
1491868800.0,duffing_osc,47.94798893585112,-0.3018909791587667
1491955200.0,duffing_osc,46.48755344729884,-0.43155133332117757
1492041600.0,duffing_osc,47.084886269208766,0.2586720134481624
1492128000.0,duffing_osc,47.00489747419517,-0.012607275462720224
1492214400.0,duffing_osc,47.059671718283326,0.2664302385567794
1492300800.0,duffing_osc,47.53775795130873,0.8339208143570396
1492387200.0,duffing_osc,48.727513346997405,0.7868357178525471
1492473600.0,duffing_osc,49.11142938701382,-0.389846048745774
1492560000.0,duffing_osc,47.94782124950586,0.16189412167695494
1492646400.0,duffing_osc,49.43521763036773,0.2554040095060124
1492732800.0,duffing_osc,48.45862926851788,0.10049724602851029
1492819200.0,duffing_osc,49.63621212242475,0.10889079680502078
1492905600.0,duffing_osc,48.67641086212792,-0.3377646156453018
1492992000.0,duffing_osc,48.96068289113415,0.2882085701969821
1493078400.0,duffing_osc,49.25282800252189,1.0671148042679057
1493164800.0,duffing_osc,51.09491249966996,0.30097540790099586
1493251200.0,duffing_osc,49.85477881832388,-1.0063776671734246
1493337600.0,duffing_osc,49.08215716532311,0.2004326697429093
1493424000.0,duffing_osc,50.2556441578097,0.27369604653964075
1493510400.0,duffing_osc,49.62954925840239,-0.2633650260321687
1493596800.0,duffing_osc,49.72891410574536,0.5587581267385175
1493683200.0,duffing_osc,50.74706551187943,0.3354347555310184
1493769600.0,duffing_osc,50.3997836168074,-0.008740785985423827
1493856000.0,duffing_osc,50.72958393990858,0.17825475484402986
1493942400.0,duffing_osc,50.75629312649546,0.20501608448211783
1494028800.0,duffing_osc,51.139616108872815,0.31510543031056315
1494115200.0,duffing_osc,51.38650398711658,-0.48558095382833244
1494201600.0,duffing_osc,50.16845420121615,0.2733530698141067
1494288000.0,duffing_osc,51.9332101267448,0.49048114174593493
1494374400.0,duffing_osc,51.14941648470802,-0.42556806993570007
1494460800.0,duffing_osc,51.0820739868734,0.48725120182626114
1494547200.0,duffing_osc,52.12391888836054,0.6712084061186232
1494633600.0,duffing_osc,52.42449079911064,0.027490427912759685
1494720000.0,duffing_osc,52.17889974418606,0.44712760409332475
1494806400.0,duffing_osc,53.31874600729729,0.03215893813164428
1494892800.0,duffing_osc,52.24321762044935,-0.14067822281644382
1494979200.0,duffing_osc,53.037389561664405,0.46166247550326034
1495065600.0,duffing_osc,53.16654257145587,0.3445710689428054
1495152000.0,duffing_osc,53.726531699550016,0.4976360332750289
1495238400.0,duffing_osc,54.16181463800593,-0.047218364534398205
1495324800.0,duffing_osc,53.63209497048122,0.37607231633427674
1495411200.0,duffing_osc,54.91395927067448,0.5625166284147909
1495497600.0,duffing_osc,54.7571282273108,-0.5475548272790398
1495584000.0,duffing_osc,53.8188496161164,-0.3760970974453208
1495670400.0,duffing_osc,54.00493403242016,0.78593734052318
1495756800.0,duffing_osc,55.39072429716276,0.7346821318384258
1495843200.0,duffing_osc,55.47429829609701,0.17682004577496002
1495929600.0,duffing_osc,55.74436438871268,0.25236599887119127
1496016000.0,duffing_osc,55.97903029383939,0.2828159098766996
1496102400.0,duffing_osc,56.30999620846608,0.4657847780101072
1496188800.0,duffing_osc,56.91059984985961,-0.24022374046403527
1496275200.0,duffing_osc,55.82954872753801,-0.48940582489254325
1496361600.0,duffing_osc,55.93178820007452,0.1361716133918769
1496448000.0,duffing_osc,56.101891954321765,0.5523382640184202
1496534400.0,duffing_osc,57.03646472811136,0.7969504864459687
1496620800.0,duffing_osc,57.6957929272137,-0.1400327811189861
1496707200.0,duffing_osc,56.75639916587339,-1.0675684131803465
1496793600.0,duffing_osc,55.56065610085301,-0.34572622401552877
1496880000.0,duffing_osc,56.06494671784233,0.5159919518563179
1496966400.0,duffing_osc,56.592640004565645,0.33826518356363877
1497052800.0,duffing_osc,56.74147708496961,0.10047644811553269
1497139200.0,duffing_osc,56.79359290079671,0.1318873960253164
1497225600.0,duffing_osc,57.00525187702024,-0.03630583089537254
1497312000.0,duffing_osc,56.720981239005965,0.2210669246175172
1497398400.0,duffing_osc,57.44738572625528,-0.20706287371076115
1497484800.0,duffing_osc,56.30685549158444,-0.6859752687600142
1497571200.0,duffing_osc,56.07543518873525,0.21997566524095902
1497657600.0,duffing_osc,56.74680682206636,-0.3413583374221183
1497744000.0,duffing_osc,55.39271851389101,-0.17840711279199084
1497830400.0,duffing_osc,56.38999259648238,0.3279888347597364
1497916800.0,duffing_osc,56.048696183410485,-0.3349363076401133
1498003200.0,duffing_osc,55.72011998120215,0.2631577711816071
1498089600.0,duffing_osc,56.5750117257737,-0.3320780157910974
1498176000.0,duffing_osc,55.05596394961996,-0.052957578477883516
1498262400.0,duffing_osc,56.46909656881793,-0.07856070166873863
1498348800.0,duffing_osc,54.89884254628248,-1.201022989760446
1498435200.0,duffing_osc,54.06705058929704,-0.11224612795217581
1498521600.0,duffing_osc,54.67435029037813,-0.14037637101957046
1498608000.0,duffing_osc,53.7862978472579,-0.44508740108816625
1498694400.0,duffing_osc,53.7841754882018,0.24722154192344092
1498780800.0,duffing_osc,54.28074093110478,0.20274778814492578
1498867200.0,duffing_osc,54.18967106449165,-0.48860230594367593
1498953600.0,duffing_osc,53.30353631921743,-0.045807301628343566
1499040000.0,duffing_osc,54.09805646123496,0.36594234357893285
1499126400.0,duffing_osc,54.035421006375294,-0.026232073651275556
1499212800.0,duffing_osc,54.04559231393241,-0.3413370896368626
1499299200.0,duffing_osc,53.35274682710157,-0.16623168705650215
1499385600.0,duffing_osc,53.713128939819406,-0.8596040876026478
1499472000.0,duffing_osc,51.633538651896274,-0.6336760850156082
1499558400.0,duffing_osc,52.44577676978819,0.18294651720895416
1499644800.0,duffing_osc,51.99943168631418,0.017854914291810076
1499731200.0,duffing_osc,52.48148659837181,-0.017333310407138924
1499817600.0,duffing_osc,51.964765065499904,-0.1842748814650399
1499904000.0,duffing_osc,52.11293683544173,0.645333993707208
1499990400.0,duffing_osc,53.25543305291432,-0.08453950717011338
1500076800.0,duffing_osc,51.9438578211015,-0.5175997335754232
1500163200.0,duffing_osc,52.220233585763474,-0.08894210506813494
1500249600.0,duffing_osc,51.76597361096523,-0.16328737202117694
1500336000.0,duffing_osc,51.89365884172112,0.018568348729676387
1500422400.0,duffing_osc,51.803110308424586,0.06778463194828532
1500508800.0,duffing_osc,52.02922810561769,0.31452655484214986
1500595200.0,duffing_osc,52.432163418108885,0.3376011909737642
1500681600.0,duffing_osc,52.70443048756522,-0.2703887324250758
1500768000.0,duffing_osc,51.891385953258734,-0.32411522271023685
1500854400.0,duffing_osc,52.056200042144745,-0.43758460724144044
1500940800.0,duffing_osc,51.01621673877585,-0.19665952465300762
1501027200.0,duffing_osc,51.66288099283873,0.639660039562461
1501113600.0,duffing_osc,52.295536817900775,0.3066169565553487
1501200000.0,duffing_osc,52.27611490594943,-0.18920050743211547
1501286400.0,duffing_osc,51.917135803036544,0.043635197687379446
1501372800.0,duffing_osc,52.363385301324186,0.12996970310338085
1501459200.0,duffing_osc,52.177075209243306,0.15006510947228335
1501545600.0,duffing_osc,52.66351552026875,0.004952541510746755
1501632000.0,duffing_osc,52.1869802922648,-0.39090615900249404
1501718400.0,duffing_osc,51.881703202263765,0.10164817018205952
1501804800.0,duffing_osc,52.39027663262892,-0.6741031262445958
1501891200.0,duffing_osc,50.53349694977457,0.12120877714030343
1501977600.0,duffing_osc,52.632694186909525,-0.10023505989940773
1502064000.0,duffing_osc,50.33302682997576,-0.5096496252881337
1502150400.0,duffing_osc,51.61339493633326,1.3589422813617063
1502236800.0,duffing_osc,53.05091139269917,0.7970086486504506
1502323200.0,duffing_osc,53.20741223363416,-0.3392895764068484
1502409600.0,duffing_osc,52.37233223988547,-0.20347752562406285
1502496000.0,duffing_osc,52.80045718238603,0.9219821057740774
1502582400.0,duffing_osc,54.21629645143363,0.2392904248851373
1502668800.0,duffing_osc,53.27903803215631,0.4415344123917109
1502755200.0,duffing_osc,55.09936527621705,0.33365942570213036
1502841600.0,duffing_osc,53.94635688356057,-0.3525201713180195
1502928000.0,duffing_osc,54.39432493358101,0.6915092898380593
1503014400.0,duffing_osc,55.32937546323669,0.12977848247787804
1503100800.0,duffing_osc,54.65388189853677,-0.5666977415014252
1503187200.0,duffing_osc,54.19597998023384,0.15216080609977922
1503273600.0,duffing_osc,54.958203510736325,0.5182740689924046
1503360000.0,duffing_osc,55.232528118218646,-0.1461371142138823
1503446400.0,duffing_osc,54.66592928230856,0.16482783014241775
1503532800.0,duffing_osc,55.56218377850348,0.41570416371775565
1503619200.0,duffing_osc,55.49733760974407,0.5788225168064578
1503705600.0,duffing_osc,56.7198288121164,0.4519163188087987
1503792000.0,duffing_osc,56.40117024736167,-0.15246115180540798
1503878400.0,duffing_osc,56.41490650850558,0.15462649079610813
1503964800.0,duffing_osc,56.710423228953886,0.332870195640119
1504051200.0,duffing_osc,57.08064689978582,0.3795152323601023
1504137600.0,duffing_osc,57.46945369367409,-0.2255993729913328
1504224000.0,duffing_osc,56.62944815380315,-0.37935310484718343
1504310400.0,duffing_osc,56.71074748397972,0.7242261354064823
1504396800.0,duffing_osc,58.07790042461612,0.25418726527979274
1504483200.0,duffing_osc,57.21912201453931,-0.7210255509223167
1504569600.0,duffing_osc,56.635849322771485,0.259667019587166
1504656000.0,duffing_osc,57.73845605371364,0.5343737071959289
1504742400.0,duffing_osc,57.70459673716334,-0.6521980406481447
1504828800.0,duffing_osc,56.43405997241735,-0.15756040553734962
1504915200.0,duffing_osc,57.38947592608864,0.5672687719838123
1505001600.0,duffing_osc,57.568597516384976,-0.09143378285730108
1505088000.0,duffing_osc,57.20660836037404,-0.18623100630358635
1505174400.0,duffing_osc,57.1961355037778,-0.7085369377106119
1505260800.0,duffing_osc,55.78953448495282,-0.28350360175106815
1505347200.0,duffing_osc,56.62912830027567,0.12246754516907998
1505433600.0,duffing_osc,56.03446957529098,-0.464147433501914
1505520000.0,duffing_osc,55.70083343327184,0.12184867522141474
1505606400.0,duffing_osc,56.27816692573381,0.3509545527803617
1505692800.0,duffing_osc,56.40274253883256,0.03254080414186333
1505779200.0,duffing_osc,56.34324853401753,-0.3016386479481348
1505865600.0,duffing_osc,55.79946524293629,-0.8305612862434621
1505952000.0,duffing_osc,54.68212596153061,-0.5544221108893232
1506038400.0,duffing_osc,54.69062102115765,-0.008896231483802808
1506124800.0,duffing_osc,54.664333498563,-0.34471580751717923
1506211200.0,duffing_osc,54.00118940612329,-0.4662770797273801
1506297600.0,duffing_osc,53.73177933910824,-0.06376333746867502
1506384000.0,duffing_osc,53.87366273118594,-0.32931331192486013
1506470400.0,duffing_osc,53.07315271525852,-0.7340279079075067
1506556800.0,duffing_osc,52.405606915370925,-0.3699100414253955
1506643200.0,duffing_osc,52.33333263240773,0.14970604833112233
1506729600.0,duffing_osc,52.70501901203317,-0.13026049503498527
1506816000.0,duffing_osc,52.07281164233776,-0.33992366312103073
1506902400.0,duffing_osc,52.02517168579111,-0.04859422776813105
1506988800.0,duffing_osc,51.9756231868015,-0.4608577056933285
1507075200.0,duffing_osc,51.10345627440445,-0.21807192702825517
1507161600.0,duffing_osc,51.53947933274499,-0.014523122377298137
1507248000.0,duffing_osc,51.074410029649854,-0.8347101268006867
1507334400.0,duffing_osc,49.870059079143616,0.08442952322857877
1507420800.0,duffing_osc,51.24326907610701,-0.011790827758471067
1507507200.0,duffing_osc,49.84647742362667,-1.1585546052621822
1507593600.0,duffing_osc,48.92615986558265,-0.390378900188626
1507680000.0,duffing_osc,49.06571962324942,-0.03462408245403026
1507766400.0,duffing_osc,48.85691170067459,0.10691239565619881
1507852800.0,duffing_osc,49.27954441456182,0.003293233514607863
1507939200.0,duffing_osc,48.8634981677038,-0.3380551645612613
1508025600.0,duffing_osc,48.6034340854393,0.045007452170288786
1508112000.0,duffing_osc,48.95351307204438,-0.02229597607453826
1508198400.0,duffing_osc,48.55884213329022,-0.3191754810826346
1508284800.0,duffing_osc,48.31516210987911,-0.20963989361639435
1508371200.0,duffing_osc,48.13956234605743,-0.14280320643889866
1508457600.0,duffing_osc,48.029555697001314,-0.9887728185587008
1508544000.0,duffing_osc,46.16201670894003,-0.5261481425619685
1508630400.0,duffing_osc,46.97725941187738,-0.2513385477224084
1508716800.0,duffing_osc,45.65933961349521,-0.10661791661221898
1508803200.0,duffing_osc,46.76402357865294,0.42957402069793815
1508889600.0,duffing_osc,46.51848765489109,0.0831953141407773
1508976000.0,duffing_osc,46.93041420693449,0.13991541173248478
1509062400.0,duffing_osc,46.79831847835606,-0.4697558410155409
1509148800.0,duffing_osc,45.99090252490341,-0.7229076094233555
1509235200.0,duffing_osc,45.35250325950935,-0.13119700576607585
1509321600.0,duffing_osc,45.72850851337126,-0.2224335197908509
1509408000.0,duffing_osc,44.907636219927646,-0.35701564077651327
1509494400.0,duffing_osc,45.01447723181823,0.24863564107705116
1509580800.0,duffing_osc,45.40490750208175,-0.364663613597358
1509667200.0,duffing_osc,44.28515000462352,-0.24350307430863438
1509753600.0,duffing_osc,44.91790135346448,0.18973821180535566
1509840000.0,duffing_osc,44.66462642823423,-0.6985005149702985
1509926400.0,duffing_osc,43.52090032352388,-0.06879816285569262
1510012800.0,duffing_osc,44.52703010252284,0.3526044178916621
1510099200.0,duffing_osc,44.22610915930721,-0.38778263146348735
1510185600.0,duffing_osc,43.75146483959587,-0.5450292711160536
1510272000.0,duffing_osc,43.1360506170751,-0.3755039901123638
1510358400.0,duffing_osc,43.00045685937114,-0.0004413556832929544
1510444800.0,duffing_osc,43.135167905708514,0.3727323823660633
1510531200.0,duffing_osc,43.74592162410327,-0.15360287143665374
1510617600.0,duffing_osc,42.827962162835206,-0.04059377356478677
1510704000.0,duffing_osc,43.664734076973694,-0.0743223140625986
1510790400.0,duffing_osc,42.67931753471001,-0.16069292895035048
1510876800.0,duffing_osc,43.34334821907299,0.4560143762345916
1510963200.0,duffing_osc,43.59134628717919,0.8643094552050243
1511049600.0,duffing_osc,45.07196712948304,-0.3581178428892926
1511136000.0,duffing_osc,42.87511060140061,-0.18825144109820613
1511222400.0,duffing_osc,44.69546424728663,0.5753090118795434
1511308800.0,duffing_osc,44.025728625159694,-0.1891694792721843
1511395200.0,duffing_osc,44.31712528874226,0.13030706987455432
1511481600.0,duffing_osc,44.2863427649088,0.15956484100741264
1511568000.0,duffing_osc,44.636254970757086,0.07644075217089252
1511654400.0,duffing_osc,44.43922426925059,0.46880151536971937
1511740800.0,duffing_osc,45.573858001496525,0.08104369461725724
1511827200.0,duffing_osc,44.6013116584851,0.07845284117712481
1511913600.0,duffing_osc,45.730763683850775,0.1193436645399224
1512000000.0,duffing_osc,44.83999898756495,-0.18360963367715755
1512086400.0,duffing_osc,45.36354441649646,0.04229020030685504
1512172800.0,duffing_osc,44.92457938817866,0.32047043143131404
1512259200.0,duffing_osc,46.00448527935909,0.9162641309416806
1512345600.0,duffing_osc,46.75710765006202,-0.0034612938755671507
1512432000.0,duffing_osc,45.99756269160795,-0.3409513174319123
1512518400.0,duffing_osc,46.07520501519819,-0.1638829588426418
1512604800.0,duffing_osc,45.66979677392267,0.13404420600427613
1512691200.0,duffing_osc,46.343293427206746,-0.0034261950737892732
1512777600.0,duffing_osc,45.66294438377509,-0.07024504322924585
1512864000.0,duffing_osc,46.202803340748254,0.6749745354159344
1512950400.0,duffing_osc,47.01289345460696,0.7926315352014477
1513036800.0,duffing_osc,47.78806641115115,0.890144663938333
1513123200.0,duffing_osc,48.793182782483626,-0.46550281854924336
1513209600.0,duffing_osc,46.85706077405266,-0.31438025392551694
1513296000.0,duffing_osc,48.16442227463259,0.3395601828439787
1513382400.0,duffing_osc,47.53618113974062,-0.39310040083143605
1513468800.0,duffing_osc,47.37822147296972,0.1323567229411715
1513555200.0,duffing_osc,47.80089458562296,0.13291952982877575
1513641600.0,duffing_osc,47.64406053262727,-0.03430437905104711
1513728000.0,duffing_osc,47.73228582752087,-0.08549245521201598
1513814400.0,duffing_osc,47.47307562220324,-0.4037853005967946
1513900800.0,duffing_osc,46.92471522632728,-0.29774556345058656
1513987200.0,duffing_osc,46.87758449530207,0.6531091708842638
1514073600.0,duffing_osc,48.23093356809581,0.411572447669208
1514160000.0,duffing_osc,47.70072939064048,-0.3511296756025928
1514246400.0,duffing_osc,47.52867421689062,0.10073355556634311
1514332800.0,duffing_osc,47.90219650177317,0.4230760888067202
1514419200.0,duffing_osc,48.37482639450406,0.047533817441365755
1514505600.0,duffing_osc,47.9972641366559,-0.44880343198299144
1514592000.0,duffing_osc,47.47721953053808,0.2913237535440736
1514678400.0,duffing_osc,48.57991164374405,0.6395507761359909
1514764800.0,duffing_osc,48.75632108281006,-0.25912528447524963
1514851200.0,duffing_osc,48.06166107479355,-0.23120482158736522
1514937600.0,duffing_osc,48.29391143963533,0.16377079664487582
1515024000.0,duffing_osc,48.3892026680833,-0.024183812916984238
1515110400.0,duffing_osc,48.24554381380136,-0.26977525756328546
1515196800.0,duffing_osc,47.84965215295673,-0.25215831931827637
1515283200.0,duffing_osc,47.74122717516481,-0.13155304400630285
1515369600.0,duffing_osc,47.58654606494412,-0.6209032721814758
1515456000.0,duffing_osc,46.49942063080186,-0.06688315479223306
1515542400.0,duffing_osc,47.45277975535966,-0.2082236730776259
1515628800.0,duffing_osc,46.082973284646606,-0.5878027812264008
1515715200.0,duffing_osc,46.277174192906855,0.650532207754491
1515801600.0,duffing_osc,47.38403770015559,0.33360361254214865
1515888000.0,duffing_osc,46.94438141799115,-0.11067338763535872
1515974400.0,duffing_osc,47.16269092488487,-0.5070471769050862
1516060800.0,duffing_osc,45.93028706418098,-0.9722235325514212
1516147200.0,duffing_osc,45.21824385978203,-0.17637219389420977
1516233600.0,duffing_osc,45.57754267639256,0.18741589500269384
1516320000.0,duffing_osc,45.593075649787416,-0.09562924139450146
1516406400.0,duffing_osc,45.38628419360356,0.11581655414786596
1516492800.0,duffing_osc,45.82470875808315,-0.3255145370496457
1516579200.0,duffing_osc,44.73525511950427,-0.42587541568629206
1516665600.0,duffing_osc,44.97295792671056,-0.37686802797200514
1516752000.0,duffing_osc,43.981519063560256,-0.15477667754214508
1516838400.0,duffing_osc,44.66340457162627,0.11993159458630842
1516924800.0,duffing_osc,44.22138225273287,-0.5296923323759337
1517011200.0,duffing_osc,43.604019906874406,-0.23211867939283337
1517097600.0,duffing_osc,43.757144893947206,0.01970020653312332
1517184000.0,duffing_osc,43.64342031994065,-0.14867677630232023
1517270400.0,duffing_osc,43.459791341342566,0.4605660161168892
1517356800.0,duffing_osc,44.56455235217443,-0.06239534648894818
1517443200.0,duffing_osc,43.33500064836467,-0.70604006430802
1517529600.0,duffing_osc,43.15247222355839,-0.6875769132733112
1517616000.0,duffing_osc,41.95984682181805,-0.2682994735588693
1517702400.0,duffing_osc,42.61587327644065,0.4928977715166951
1517788800.0,duffing_osc,42.94564236485144,0.02253789744201029
1517875200.0,duffing_osc,42.66094907132467,0.4728061973439779
1517961600.0,duffing_osc,43.89125475953939,0.15683228690019035
1518048000.0,duffing_osc,42.97461364512505,-0.006133864481942197
1518134400.0,duffing_osc,43.87898703057551,0.11103085333579799
1518220800.0,duffing_osc,43.19667535179665,-0.31080881768597024
1518307200.0,duffing_osc,43.25736939520357,0.039257596561299124
1518393600.0,duffing_osc,43.27519054491925,0.0920557284727721
1518480000.0,duffing_osc,43.44148085214911,0.6616083422390631
1518566400.0,duffing_osc,44.598407229397374,-0.561723928166213
1518652800.0,duffing_osc,42.31803299581669,-0.9665971528223771
1518739200.0,duffing_osc,42.66521292375262,0.6959950673619062
1518825600.0,duffing_osc,43.7100231305405,0.7804223311668999
1518912000.0,duffing_osc,44.22605758608642,0.5561106441739199
1518998400.0,duffing_osc,44.82224441888834,0.3326377134517067
1519084800.0,duffing_osc,44.89133301298983,-0.12062592941442674
1519171200.0,duffing_osc,44.580992560059485,0.3690263883220197
1519257600.0,duffing_osc,45.62938578963387,0.6321694890811429
1519344000.0,duffing_osc,45.84533153822177,-0.04061284403034193
1519430400.0,duffing_osc,45.54816010157319,0.1899790258011187
1519516800.0,duffing_osc,46.22528958982401,0.2354104262388539
1519603200.0,duffing_osc,46.018980954050896,-0.2505577293296106
1519689600.0,duffing_osc,45.72417413116479,0.3305109922620382
1519776000.0,duffing_osc,46.68000293857497,0.40023445936607516
1519862400.0,duffing_osc,46.52464304989694,-0.012773870818502786
1519948800.0,duffing_osc,46.65445519693797,0.6038913671343771
1520035200.0,duffing_osc,47.73242578416569,-0.5395071441858441
1520121600.0,duffing_osc,45.57544090856628,-0.6676667560619336
1520208000.0,duffing_osc,46.397092272041824,0.582030612702404
1520294400.0,duffing_osc,46.73950213397109,0.5197205249441375
1520380800.0,duffing_osc,47.4365333219301,0.48331843954634834
1520467200.0,duffing_osc,47.70613901306378,-0.13979421678624604
1520553600.0,duffing_osc,47.15694488835761,-0.01899944877363069
1520640000.0,duffing_osc,47.66814011551652,0.3902982715506198
1520726400.0,duffing_osc,47.93754143145885,1.2285718335633327
1520812800.0,duffing_osc,50.12528378264319,0.996134118101903
1520899200.0,duffing_osc,49.92980966766265,-0.6612064597966665
1520985600.0,duffing_osc,48.802870863049854,-0.4456540792851591
1521072000.0,duffing_osc,49.038501509092335,-0.011746670786308755
1521158400.0,duffing_osc,48.77937752147724,-0.24913194682823203
1521244800.0,duffing_osc,48.54023761543587,0.5274244626520179
1521331200.0,duffing_osc,49.83422644678127,0.49369036649432374
1521417600.0,duffing_osc,49.52761834842452,0.23271134606057942
1521504000.0,duffing_osc,50.29964913890243,0.04393470022238333
1521590400.0,duffing_osc,49.615487748869285,0.021892417772022554
1521676800.0,duffing_osc,50.34343397444648,0.748727532018318
1521763200.0,duffing_osc,51.11294281290592,0.5606447759547777
1521849600.0,duffing_osc,51.46472352635603,0.3005178357318208
1521936000.0,duffing_osc,51.71397848436956,-0.2890164381855911
1522022400.0,duffing_osc,50.88669064998485,0.34539413194893953
1522108800.0,duffing_osc,52.40476674826744,0.3693264324617367
1522195200.0,duffing_osc,51.62534351490832,0.14769546667165656
1522281600.0,duffing_osc,52.700157681610754,0.45219851806703204
1522368000.0,duffing_osc,52.52974055104239,-0.3867906781708186
1522454400.0,duffing_osc,51.92657632526912,0.12516018792836192
1522540800.0,duffing_osc,52.78006092689911,0.7390753155095027
1522627200.0,duffing_osc,53.40472695628812,0.4928864744518968
1522713600.0,duffing_osc,53.765833875802905,0.05987944449774574
1522800000.0,duffing_osc,53.524485845283614,0.4856402926409018
1522886400.0,duffing_osc,54.73711446108471,0.5517589836730821
1522972800.0,duffing_osc,54.62800381262978,-0.33335994187317297
1523059200.0,duffing_osc,54.07039457733836,0.12082840373861359
1523145600.0,duffing_osc,54.869660620107005,0.8489722794511785
1523232000.0,duffing_osc,55.76833913624072,0.5474829935927943
1523318400.0,duffing_osc,55.964626607292594,-0.7726394124057521
1523404800.0,duffing_osc,54.223060311429215,-0.6987517438205728
1523491200.0,duffing_osc,54.56712311965145,0.9729970931949978
1523577600.0,duffing_osc,56.16905449781921,0.11095104560432745
1523664000.0,duffing_osc,54.7890252108601,-1.3800292869591075
